2026-05-24 15:15:57,440 - INFO - ETL pipeline loading started.
2026-05-24 15:15:57,476 - WARNING - Duplicate entry for customer_id dE014d010c7ab0c skipped.
2026-05-24 15:15:57,477 - WARNING - Duplicate entry for customer_id 2B54172c8b65eC3 skipped.
2026-05-24 15:15:57,478 - WARNING - Duplicate entry for customer_id d794Dd48988d2ac skipped.
2026-05-24 15:15:57,478 - WARNING - Duplicate entry for customer_id 3b3Aa4aCc68f3Be skipped.
2026-05-24 15:15:57,479 - WARNING - Duplicate entry for customer_id D60df62ad2ae41E skipped.
2026-05-24 15:15:57,479 - WARNING - Duplicate entry for customer_id 8aaa5d0CE9ee311 skipped.
2026-05-24 15:15:57,480 - WARNING - Duplicate entry for customer_id 73B22Ac8A43DD1A skipped.
2026-05-24 15:15:57,480 - WARNING - Duplicate entry for customer_id DC94CCd993D311b skipped.
2026-05-24 15:15:57,480 - WARNING - Duplicate entry for customer_id 9Ba746Cb790FED9 skipped.
2026-05-24 15:15:57,481 - WARNING - Duplicate entry for customer_id aAa1EDfaA70DA0c skipped.
2026-05-24 15:15:57,481 - WARNING - Duplicate entry for customer_id bf104C25d0BA4E1 skipped.
2026-05-24 15:15:57,481 - WARNING - Duplicate entry for customer_id bf2fA37cbAd7dDc skipped.
2026-05-24 15:15:57,482 - WARNING - Duplicate entry for customer_id 4fa8ffcdBbf53bB skipped.
2026-05-24 15:15:57,482 - WARNING - Duplicate entry for customer_id aBd960429ecd363 skipped.
2026-05-24 15:15:57,482 - WARNING - Duplicate entry for customer_id 2a0c691Ce19C6f3 skipped.
2026-05-24 15:15:57,483 - WARNING - Duplicate entry for customer_id B58fecf82f997Dd skipped.
2026-05-24 15:15:57,483 - WARNING - Duplicate entry for customer_id 41d0201DcF028b5 skipped.
2026-05-24 15:15:57,483 - WARNING - Duplicate entry for customer_id B1A1b09CD5C3b6a skipped.
2026-05-24 15:15:57,484 - WARNING - Duplicate entry for customer_id ba5a73D210dCcE4 skipped.
2026-05-24 15:15:57,484 - WARNING - Duplicate entry for customer_id F6cD561cecdfA6d skipped.
2026-05-24 15:15:57,484 - WARNING - Duplicate entry for customer_id dEb9310eec04a8D skipped.
2026-05-24 15:15:57,484 - WARNING - Duplicate entry for customer_id ed3894D6DE7F711 skipped.
2026-05-24 15:15:57,485 - WARNING - Duplicate entry for customer_id EFeFaC727F12CDF skipped.
2026-05-24 15:15:57,485 - WARNING - Duplicate entry for customer_id c5CB6C5bFB91fdC skipped.
2026-05-24 15:15:57,486 - WARNING - Duplicate entry for customer_id C30B3E82E8D89cC skipped.
2026-05-24 15:15:57,486 - WARNING - Duplicate entry for customer_id 3d7bE19696ea8Ff skipped.
2026-05-24 15:15:57,486 - WARNING - Duplicate entry for customer_id A093aA90fa014FE skipped.
2026-05-24 15:15:57,487 - WARNING - Duplicate entry for customer_id a470984c5dBfcC4 skipped.
2026-05-24 15:15:57,487 - WARNING - Duplicate entry for customer_id b1d4abfbCb67feE skipped.
2026-05-24 15:15:57,488 - WARNING - Duplicate entry for customer_id d667bCC84Ff45Bb skipped.
2026-05-24 15:15:57,488 - WARNING - Duplicate entry for customer_id Ccb07E00AFf32bA skipped.
2026-05-24 15:15:57,488 - WARNING - Duplicate entry for customer_id bd04F2A7BD4F730 skipped.
2026-05-24 15:15:57,489 - WARNING - Duplicate entry for customer_id f1157011c5eDbEB skipped.
2026-05-24 15:15:57,489 - WARNING - Duplicate entry for customer_id 7c4c673af703a09 skipped.
2026-05-24 15:15:57,489 - WARNING - Duplicate entry for customer_id E7D7e40Cf3A03a2 skipped.
2026-05-24 15:15:57,490 - WARNING - Duplicate entry for customer_id B98BacEebC40DBb skipped.
2026-05-24 15:15:57,490 - WARNING - Duplicate entry for customer_id d1c0dFab10a8383 skipped.
2026-05-24 15:15:57,490 - WARNING - Duplicate entry for customer_id f21D2faCa0760A8 skipped.
2026-05-24 15:15:57,491 - WARNING - Duplicate entry for customer_id 11F97CBDd2C8de9 skipped.
2026-05-24 15:15:57,491 - WARNING - Duplicate entry for customer_id BEBA4fDAA6C4adC skipped.
2026-05-24 15:15:57,491 - WARNING - Duplicate entry for customer_id 0F2E0b5850404A8 skipped.
2026-05-24 15:15:57,492 - WARNING - Duplicate entry for customer_id 6fF3de1DDbeAaE9 skipped.
2026-05-24 15:15:57,492 - WARNING - Duplicate entry for customer_id bcE2C6eaAa1d53c skipped.
2026-05-24 15:15:57,492 - WARNING - Duplicate entry for customer_id fb0eaBDA955AE79 skipped.
2026-05-24 15:15:57,493 - WARNING - Duplicate entry for customer_id 1cE4BEcB6F2D2C3 skipped.
2026-05-24 15:15:57,493 - WARNING - Duplicate entry for customer_id 37a20bF88deF55D skipped.
2026-05-24 15:15:57,493 - WARNING - Duplicate entry for customer_id EE9381bAEbac1eA skipped.
2026-05-24 15:15:57,494 - WARNING - Duplicate entry for customer_id 7008F9538b6e3e4 skipped.
2026-05-24 15:15:57,494 - WARNING - Duplicate entry for customer_id e6D85CcfDE7ABEd skipped.
2026-05-24 15:15:57,494 - WARNING - Duplicate entry for customer_id 815D27672C2Ba6d skipped.
2026-05-24 15:15:57,495 - WARNING - Duplicate entry for customer_id bc9e98FC8e31fB2 skipped.
2026-05-24 15:15:57,495 - WARNING - Duplicate entry for customer_id 06c9e9caEBf539F skipped.
2026-05-24 15:15:57,495 - WARNING - Duplicate entry for customer_id D02c86e781bA06f skipped.
2026-05-24 15:15:57,496 - WARNING - Duplicate entry for customer_id 846D8B34aba64a6 skipped.
2026-05-24 15:15:57,496 - WARNING - Duplicate entry for customer_id 305B77b17f60849 skipped.
2026-05-24 15:15:57,496 - WARNING - Duplicate entry for customer_id 610e5F3baCbd25c skipped.
2026-05-24 15:15:57,497 - WARNING - Duplicate entry for customer_id 9F0EbC3b678ad6B skipped.
2026-05-24 15:15:57,497 - WARNING - Duplicate entry for customer_id 82dDB5e20CAA2Ce skipped.
2026-05-24 15:15:57,497 - WARNING - Duplicate entry for customer_id b78002FEFF5a860 skipped.
2026-05-24 15:15:57,498 - WARNING - Duplicate entry for customer_id dFe34eAb8614AC0 skipped.
2026-05-24 15:15:57,498 - WARNING - Duplicate entry for customer_id aB3351247D3fCD8 skipped.
2026-05-24 15:15:57,498 - WARNING - Duplicate entry for customer_id 56Df40b19e3c71f skipped.
2026-05-24 15:15:57,499 - WARNING - Duplicate entry for customer_id 06CF1Fcd5863dF6 skipped.
2026-05-24 15:15:57,499 - WARNING - Duplicate entry for customer_id 5DcB42c2f8fBfb5 skipped.
2026-05-24 15:15:57,499 - WARNING - Duplicate entry for customer_id E3F8a6D1033a2FE skipped.
2026-05-24 15:15:57,500 - WARNING - Duplicate entry for customer_id DA7b906C5aF71d5 skipped.
2026-05-24 15:15:57,500 - WARNING - Duplicate entry for customer_id ccD94BbaEDBBf9E skipped.
2026-05-24 15:15:57,500 - WARNING - Duplicate entry for customer_id 41C1B4D2C5b91B7 skipped.
2026-05-24 15:15:57,501 - WARNING - Duplicate entry for customer_id ee5235bbf2A66ef skipped.
2026-05-24 15:15:57,501 - WARNING - Duplicate entry for customer_id 2413aA72C4DEadF skipped.
2026-05-24 15:15:57,501 - WARNING - Duplicate entry for customer_id BA1F1A8E7fccb74 skipped.
2026-05-24 15:15:57,501 - WARNING - Duplicate entry for customer_id 43EB011d4A5af36 skipped.
2026-05-24 15:15:57,502 - WARNING - Duplicate entry for customer_id DDCCa6daDFBAFbc skipped.
2026-05-24 15:15:57,502 - WARNING - Duplicate entry for customer_id 024a3d8Df5abFE9 skipped.
2026-05-24 15:15:57,502 - WARNING - Duplicate entry for customer_id 6367E110ccF7c2B skipped.
2026-05-24 15:15:57,502 - WARNING - Duplicate entry for customer_id 6BdF3DBf9BcD353 skipped.
2026-05-24 15:15:57,503 - WARNING - Duplicate entry for customer_id 3e34e04B7F7b76d skipped.
2026-05-24 15:15:57,503 - WARNING - Duplicate entry for customer_id ec3cD83Be620f62 skipped.
2026-05-24 15:15:57,503 - WARNING - Duplicate entry for customer_id 4DD0C3a8a2f3D8e skipped.
2026-05-24 15:15:57,503 - WARNING - Duplicate entry for customer_id 0EcdF5f157A10BE skipped.
2026-05-24 15:15:57,504 - WARNING - Duplicate entry for customer_id 61AD5B1099Db9d0 skipped.
2026-05-24 15:15:57,504 - WARNING - Duplicate entry for customer_id fD7FbF8BA88Fff8 skipped.
2026-05-24 15:15:57,504 - WARNING - Duplicate entry for customer_id 2bcF27a9daa2EAA skipped.
2026-05-24 15:15:57,504 - WARNING - Duplicate entry for customer_id 12Bb4Ba2cB52B89 skipped.
2026-05-24 15:15:57,505 - WARNING - Duplicate entry for customer_id eb8Abc5DB466797 skipped.
2026-05-24 15:15:57,505 - WARNING - Duplicate entry for customer_id 8799Bb0d0eF9F7b skipped.
2026-05-24 15:15:57,505 - WARNING - Duplicate entry for customer_id 483E29cf4aC5A4D skipped.
2026-05-24 15:15:57,505 - WARNING - Duplicate entry for customer_id 37E3234CC7F8da4 skipped.
2026-05-24 15:15:57,505 - WARNING - Duplicate entry for customer_id 2D0F54Cc8D96Ad0 skipped.
2026-05-24 15:15:57,506 - WARNING - Duplicate entry for customer_id CeDC6A5ED20dA29 skipped.
2026-05-24 15:15:57,506 - WARNING - Duplicate entry for customer_id eE5F91Bf27BE6DC skipped.
2026-05-24 15:15:57,506 - WARNING - Duplicate entry for customer_id aFbCcfBCbeff540 skipped.
2026-05-24 15:15:57,506 - WARNING - Duplicate entry for customer_id 5fb7F35e6Db8e5a skipped.
2026-05-24 15:15:57,507 - WARNING - Duplicate entry for customer_id 60d62d8Dbb23C3B skipped.
2026-05-24 15:15:57,507 - WARNING - Duplicate entry for customer_id e9eFc5d60ddc3ec skipped.
2026-05-24 15:15:57,507 - WARNING - Duplicate entry for customer_id ad8F5957EdADB7e skipped.
2026-05-24 15:15:57,507 - WARNING - Duplicate entry for customer_id a3FdF7Ae5E60BaD skipped.
2026-05-24 15:15:57,507 - WARNING - Duplicate entry for customer_id eA4F6CB2ADEBF6d skipped.
2026-05-24 15:15:57,508 - WARNING - Duplicate entry for customer_id feCfE5fCc4abeEd skipped.
2026-05-24 15:15:57,508 - WARNING - Duplicate entry for customer_id 774623BCD6f9BB8 skipped.
2026-05-24 15:15:57,508 - WARNING - Duplicate entry for customer_id Db752CCa4aCfd9E skipped.
2026-05-24 15:15:57,508 - WARNING - Duplicate entry for customer_id 7a0CFf01cCBcA01 skipped.
2026-05-24 15:15:57,509 - WARNING - Duplicate entry for customer_id Be9d5701bDCd1aa skipped.
2026-05-24 15:15:57,509 - WARNING - Duplicate entry for customer_id Fd67d4aDf749FE5 skipped.
2026-05-24 15:15:57,509 - WARNING - Duplicate entry for customer_id 8b7C8Ffe256FBFb skipped.
2026-05-24 15:15:57,509 - WARNING - Duplicate entry for customer_id 983Dad40cbcBf18 skipped.
2026-05-24 15:15:57,509 - WARNING - Duplicate entry for customer_id 3eD61CdD0B672Fc skipped.
2026-05-24 15:15:57,510 - WARNING - Duplicate entry for customer_id Bd6deeDc10eD051 skipped.
2026-05-24 15:15:57,510 - WARNING - Duplicate entry for customer_id 7A0AeedaE28Ce67 skipped.
2026-05-24 15:15:57,510 - WARNING - Duplicate entry for customer_id 822aaF7B5f2CDce skipped.
2026-05-24 15:15:57,510 - WARNING - Duplicate entry for customer_id a6d9bE38B614721 skipped.
2026-05-24 15:15:57,510 - WARNING - Duplicate entry for customer_id F03BC8cDe64cFCa skipped.
2026-05-24 15:15:57,511 - WARNING - Duplicate entry for customer_id 1f239d0e0b92118 skipped.
2026-05-24 15:15:57,511 - WARNING - Duplicate entry for customer_id 39a6DeEEbbeF8E6 skipped.
2026-05-24 15:15:57,511 - WARNING - Duplicate entry for customer_id d3905aAEeB7eF7b skipped.
2026-05-24 15:15:57,511 - WARNING - Duplicate entry for customer_id FD21f4cce8C062f skipped.
2026-05-24 15:15:57,511 - WARNING - Duplicate entry for customer_id BBA47d60EAb3EAB skipped.
2026-05-24 15:15:57,512 - WARNING - Duplicate entry for customer_id C90EdA7b802D82b skipped.
2026-05-24 15:15:57,512 - WARNING - Duplicate entry for customer_id f02B9FbEb8Bebda skipped.
2026-05-24 15:15:57,512 - WARNING - Duplicate entry for customer_id 99b8c488a575a4D skipped.
2026-05-24 15:15:57,512 - WARNING - Duplicate entry for customer_id C3AFdd623C0FbDA skipped.
2026-05-24 15:15:57,512 - WARNING - Duplicate entry for customer_id 5cA80623F6C75de skipped.
2026-05-24 15:15:57,512 - WARNING - Duplicate entry for customer_id C0E2ab2e71A490E skipped.
2026-05-24 15:15:57,513 - WARNING - Duplicate entry for customer_id AAEfB9E5c86ab72 skipped.
2026-05-24 15:15:57,513 - WARNING - Duplicate entry for customer_id A4F4f2DBB7C8aBf skipped.
2026-05-24 15:15:57,513 - WARNING - Duplicate entry for customer_id 5Cc3bd1D1d6BFd8 skipped.
2026-05-24 15:15:57,513 - WARNING - Duplicate entry for customer_id F156f75eFb91b3a skipped.
2026-05-24 15:15:57,513 - WARNING - Duplicate entry for customer_id 0Cfd5DbB2cBDfc3 skipped.
2026-05-24 15:15:57,513 - WARNING - Duplicate entry for customer_id 303B081aaFc8237 skipped.
2026-05-24 15:15:57,514 - WARNING - Duplicate entry for customer_id 0c7B750FeEabe41 skipped.
2026-05-24 15:15:57,514 - WARNING - Duplicate entry for customer_id 944aAa8b8F1A180 skipped.
2026-05-24 15:15:57,514 - WARNING - Duplicate entry for customer_id ffc96A6EDB33EFf skipped.
2026-05-24 15:15:57,514 - WARNING - Duplicate entry for customer_id 82b94ddcC7B4FC8 skipped.
2026-05-24 15:15:57,514 - WARNING - Duplicate entry for customer_id A3568fE8Cb3b386 skipped.
2026-05-24 15:15:57,515 - WARNING - Duplicate entry for customer_id cef51DAE28Fe1D6 skipped.
2026-05-24 15:15:57,515 - WARNING - Duplicate entry for customer_id D2E7cfCDF4D2fB7 skipped.
2026-05-24 15:15:57,515 - WARNING - Duplicate entry for customer_id Cbcd22e7bCd74e3 skipped.
2026-05-24 15:15:57,515 - WARNING - Duplicate entry for customer_id 89c66c41c0D791d skipped.
2026-05-24 15:15:57,515 - WARNING - Duplicate entry for customer_id E31833D3D9DbCDD skipped.
2026-05-24 15:15:57,515 - WARNING - Duplicate entry for customer_id 4032A3C28aaC8c5 skipped.
2026-05-24 15:15:57,516 - WARNING - Duplicate entry for customer_id 90Ed6bc0d1e173C skipped.
2026-05-24 15:15:57,516 - WARNING - Duplicate entry for customer_id 1FbEcaef8fACcCA skipped.
2026-05-24 15:15:57,516 - WARNING - Duplicate entry for customer_id 8Cd9bf1B1AD1Edf skipped.
2026-05-24 15:15:57,516 - WARNING - Duplicate entry for customer_id fDFD6419383D4c8 skipped.
2026-05-24 15:15:57,516 - WARNING - Duplicate entry for customer_id 540b59Cc2a2aFd4 skipped.
2026-05-24 15:15:57,516 - WARNING - Duplicate entry for customer_id 2AFBB914C4fACa9 skipped.
2026-05-24 15:15:57,517 - WARNING - Duplicate entry for customer_id 85Cdd16ADD6dCa5 skipped.
2026-05-24 15:15:57,517 - WARNING - Duplicate entry for customer_id EF5858dEe5f7649 skipped.
2026-05-24 15:15:57,517 - WARNING - Duplicate entry for customer_id C1574306202Eb8e skipped.
2026-05-24 15:15:57,517 - WARNING - Duplicate entry for customer_id 4f108ceFb9b386d skipped.
2026-05-24 15:15:57,517 - WARNING - Duplicate entry for customer_id 12B5834e77F67a6 skipped.
2026-05-24 15:15:57,517 - WARNING - Duplicate entry for customer_id 9b50c8d8AA8Aeb1 skipped.
2026-05-24 15:15:57,518 - WARNING - Duplicate entry for customer_id BB6B8ebDD22eBEE skipped.
2026-05-24 15:15:57,518 - WARNING - Duplicate entry for customer_id 1D7A12b13AAd4FB skipped.
2026-05-24 15:15:57,518 - WARNING - Duplicate entry for customer_id 234891e3dAC0dF9 skipped.
2026-05-24 15:15:57,518 - WARNING - Duplicate entry for customer_id 747B4F80e0048C2 skipped.
2026-05-24 15:15:57,518 - WARNING - Duplicate entry for customer_id de81E89d4a938f0 skipped.
2026-05-24 15:15:57,518 - WARNING - Duplicate entry for customer_id E99c32a01Fd3Fd1 skipped.
2026-05-24 15:15:57,519 - WARNING - Duplicate entry for customer_id 57234838A0aD5F4 skipped.
2026-05-24 15:15:57,519 - WARNING - Duplicate entry for customer_id C45b1BE6266c8DA skipped.
2026-05-24 15:15:57,519 - WARNING - Duplicate entry for customer_id 2d1cdFa63e6F54c skipped.
2026-05-24 15:15:57,519 - WARNING - Duplicate entry for customer_id 333f3F9A9222E1a skipped.
2026-05-24 15:15:57,519 - WARNING - Duplicate entry for customer_id 846dBfEBB68Bb3E skipped.
2026-05-24 15:15:57,519 - WARNING - Duplicate entry for customer_id 25A8883aDb70dEf skipped.
2026-05-24 15:15:57,520 - WARNING - Duplicate entry for customer_id d8Cd94028074AFD skipped.
2026-05-24 15:15:57,520 - WARNING - Duplicate entry for customer_id 90fc05Eefaa4AE0 skipped.
2026-05-24 15:15:57,520 - WARNING - Duplicate entry for customer_id Fc8bdf1329ce090 skipped.
2026-05-24 15:15:57,520 - WARNING - Duplicate entry for customer_id 3a7836DbB6347AC skipped.
2026-05-24 15:15:57,520 - WARNING - Duplicate entry for customer_id 7F2ceBFc5eBE80A skipped.
2026-05-24 15:15:57,520 - WARNING - Duplicate entry for customer_id 06328dB77db6D9D skipped.
2026-05-24 15:15:57,521 - WARNING - Duplicate entry for customer_id 337649Ab3CaDFb7 skipped.
2026-05-24 15:15:57,521 - WARNING - Duplicate entry for customer_id cfC4Cf6Febff0dB skipped.
2026-05-24 15:15:57,521 - WARNING - Duplicate entry for customer_id F7d3Ce1c250cbCf skipped.
2026-05-24 15:15:57,521 - WARNING - Duplicate entry for customer_id 9D65c9EaF3d120E skipped.
2026-05-24 15:15:57,521 - WARNING - Duplicate entry for customer_id E63e09cbA7618Ad skipped.
2026-05-24 15:15:57,522 - WARNING - Duplicate entry for customer_id 84cACb9DF8CFa06 skipped.
2026-05-24 15:15:57,522 - WARNING - Duplicate entry for customer_id 5D74Db6C837AACd skipped.
2026-05-24 15:15:57,522 - WARNING - Duplicate entry for customer_id F878fF2E97BC2Ef skipped.
2026-05-24 15:15:57,522 - WARNING - Duplicate entry for customer_id bDD2ebC2Bb4EfeD skipped.
2026-05-24 15:15:57,522 - WARNING - Duplicate entry for customer_id A5Cd45CD6FEe5A2 skipped.
2026-05-24 15:15:57,522 - WARNING - Duplicate entry for customer_id 8BABDb31B26eBe3 skipped.
2026-05-24 15:15:57,523 - WARNING - Duplicate entry for customer_id 83DE9dee8ed3B72 skipped.
2026-05-24 15:15:57,523 - WARNING - Duplicate entry for customer_id d4aACF5b785daaF skipped.
2026-05-24 15:15:57,523 - WARNING - Duplicate entry for customer_id 9193A4C5a8Cd335 skipped.
2026-05-24 15:15:57,523 - WARNING - Duplicate entry for customer_id edF0eDC8D61ABBe skipped.
2026-05-24 15:15:57,523 - WARNING - Duplicate entry for customer_id F58a977a2cE01E5 skipped.
2026-05-24 15:15:57,523 - WARNING - Duplicate entry for customer_id a45Cd8423E56A7a skipped.
2026-05-24 15:15:57,524 - WARNING - Duplicate entry for customer_id 4EA2fe116fb3EB5 skipped.
2026-05-24 15:15:57,524 - WARNING - Duplicate entry for customer_id ccC3b8ae049544D skipped.
2026-05-24 15:15:57,524 - WARNING - Duplicate entry for customer_id 33bC91cd5EEB5DC skipped.
2026-05-24 15:15:57,524 - WARNING - Duplicate entry for customer_id 5A375fc846cE010 skipped.
2026-05-24 15:15:57,524 - WARNING - Duplicate entry for customer_id DC5AcF32E413E3E skipped.
2026-05-24 15:15:57,524 - WARNING - Duplicate entry for customer_id c0B71AddCF5AcE4 skipped.
2026-05-24 15:15:57,525 - WARNING - Duplicate entry for customer_id 44dC6C8Ca4f0a90 skipped.
2026-05-24 15:15:57,525 - WARNING - Duplicate entry for customer_id 657eA09240Bd02A skipped.
2026-05-24 15:15:57,525 - WARNING - Duplicate entry for customer_id 6d0d8Fbf5b2D7bC skipped.
2026-05-24 15:15:57,525 - WARNING - Duplicate entry for customer_id 53B158FcccFF74c skipped.
2026-05-24 15:15:57,525 - WARNING - Duplicate entry for customer_id a8FfE4fbd7910b9 skipped.
2026-05-24 15:15:57,525 - WARNING - Duplicate entry for customer_id 7fB6124FC680839 skipped.
2026-05-24 15:15:57,526 - WARNING - Duplicate entry for customer_id dDfcEc72F9C2EE2 skipped.
2026-05-24 15:15:57,526 - WARNING - Duplicate entry for customer_id 46da39f97fAF05f skipped.
2026-05-24 15:15:57,526 - WARNING - Duplicate entry for customer_id B557b025a4712A7 skipped.
2026-05-24 15:15:57,526 - WARNING - Duplicate entry for customer_id EAc7eFFfAB5c6F0 skipped.
2026-05-24 15:15:57,526 - WARNING - Duplicate entry for customer_id e03f14D59F512A9 skipped.
2026-05-24 15:15:57,526 - WARNING - Duplicate entry for customer_id CEa5C35aEaF44CF skipped.
2026-05-24 15:15:57,527 - WARNING - Duplicate entry for customer_id BE3c6CC4B8b58ac skipped.
2026-05-24 15:15:57,527 - WARNING - Duplicate entry for customer_id eD6bdfeF85Afe01 skipped.
2026-05-24 15:15:57,527 - WARNING - Duplicate entry for customer_id 3D60AEa0bAd4fcD skipped.
2026-05-24 15:15:57,527 - WARNING - Duplicate entry for customer_id 7E9b016a452809a skipped.
2026-05-24 15:15:57,527 - WARNING - Duplicate entry for customer_id C75d32ACd9E04f2 skipped.
2026-05-24 15:15:57,527 - WARNING - Duplicate entry for customer_id 2bf6d8FA82ff41e skipped.
2026-05-24 15:15:57,528 - WARNING - Duplicate entry for customer_id B2ec81f6e1C5AAF skipped.
2026-05-24 15:15:57,528 - WARNING - Duplicate entry for customer_id 343bfaCa1c6cf20 skipped.
2026-05-24 15:15:57,528 - WARNING - Duplicate entry for customer_id e1BbBb2ebBd4c4f skipped.
2026-05-24 15:15:57,528 - WARNING - Duplicate entry for customer_id cC0fFa66c619Ec8 skipped.
2026-05-24 15:15:57,528 - WARNING - Duplicate entry for customer_id cE7C6adCc0eA8ea skipped.
2026-05-24 15:15:57,528 - WARNING - Duplicate entry for customer_id 6d8aa560CE110Dc skipped.
2026-05-24 15:15:57,529 - WARNING - Duplicate entry for customer_id CF35dAbc52F2445 skipped.
2026-05-24 15:15:57,529 - WARNING - Duplicate entry for customer_id 12b63e4656a94BD skipped.
2026-05-24 15:15:57,529 - WARNING - Duplicate entry for customer_id 1a94Daeb8ecf5Dc skipped.
2026-05-24 15:15:57,529 - WARNING - Duplicate entry for customer_id fCCC17cffd8347b skipped.
2026-05-24 15:15:57,529 - WARNING - Duplicate entry for customer_id feF0F4a69aC9e93 skipped.
2026-05-24 15:15:57,529 - WARNING - Duplicate entry for customer_id 5fC5f9CCEF2DcA8 skipped.
2026-05-24 15:15:57,530 - WARNING - Duplicate entry for customer_id A449EaabD6a2Ffb skipped.
2026-05-24 15:15:57,530 - WARNING - Duplicate entry for customer_id 2bCCbaeaFfBe264 skipped.
2026-05-24 15:15:57,530 - WARNING - Duplicate entry for customer_id 67b2CF189EcFb5b skipped.
2026-05-24 15:15:57,530 - WARNING - Duplicate entry for customer_id f4d401cf9Ad1bea skipped.
2026-05-24 15:15:57,530 - WARNING - Duplicate entry for customer_id 4F158BB4FFB3Cdd skipped.
2026-05-24 15:15:57,530 - WARNING - Duplicate entry for customer_id A205c4fDc4AeD44 skipped.
2026-05-24 15:15:57,531 - WARNING - Duplicate entry for customer_id E51249bCaC2D3C0 skipped.
2026-05-24 15:15:57,531 - WARNING - Duplicate entry for customer_id 4ae3d1e39eBA622 skipped.
2026-05-24 15:15:57,531 - WARNING - Duplicate entry for customer_id 6f65C6ea02BDadF skipped.
2026-05-24 15:15:57,531 - WARNING - Duplicate entry for customer_id A998A4F98474F3B skipped.
2026-05-24 15:15:57,531 - WARNING - Duplicate entry for customer_id 8F7ba1BA4fbCa78 skipped.
2026-05-24 15:15:57,531 - WARNING - Duplicate entry for customer_id 6F2de1a7EdE2a53 skipped.
2026-05-24 15:15:57,532 - WARNING - Duplicate entry for customer_id eF2fec28b643Ecc skipped.
2026-05-24 15:15:57,532 - WARNING - Duplicate entry for customer_id 29C5Aa7D394F650 skipped.
2026-05-24 15:15:57,532 - WARNING - Duplicate entry for customer_id A1cFceb6Ab52BA2 skipped.
2026-05-24 15:15:57,532 - WARNING - Duplicate entry for customer_id db7D54e0ABF87C2 skipped.
2026-05-24 15:15:57,533 - WARNING - Duplicate entry for customer_id bB69ADCd6AdD5F7 skipped.
2026-05-24 15:15:57,533 - WARNING - Duplicate entry for customer_id 2b6af79868F386f skipped.
2026-05-24 15:15:57,533 - WARNING - Duplicate entry for customer_id dEc837d5F13C1ed skipped.
2026-05-24 15:15:57,533 - WARNING - Duplicate entry for customer_id 828C734a81bBf4B skipped.
2026-05-24 15:15:57,533 - WARNING - Duplicate entry for customer_id 8bB5Eed0daFEeb5 skipped.
2026-05-24 15:15:57,534 - WARNING - Duplicate entry for customer_id DDfd0EEF4B46Eb3 skipped.
2026-05-24 15:15:57,534 - WARNING - Duplicate entry for customer_id BeDABcE5dbCa239 skipped.
2026-05-24 15:15:57,534 - WARNING - Duplicate entry for customer_id 57Fb161EEb1C9Ea skipped.
2026-05-24 15:15:57,534 - WARNING - Duplicate entry for customer_id b9006D3c9cEeFef skipped.
2026-05-24 15:15:57,534 - WARNING - Duplicate entry for customer_id EF0B773aE00C2dc skipped.
2026-05-24 15:15:57,535 - WARNING - Duplicate entry for customer_id aD8Db76dA126dFB skipped.
2026-05-24 15:15:57,535 - WARNING - Duplicate entry for customer_id b8fCA4DbB790ddA skipped.
2026-05-24 15:15:57,535 - WARNING - Duplicate entry for customer_id ebDeea2d7ceA4A8 skipped.
2026-05-24 15:15:57,535 - WARNING - Duplicate entry for customer_id BdBF790f2DB42FE skipped.
2026-05-24 15:15:57,535 - WARNING - Duplicate entry for customer_id 5B789BA48f72Cd2 skipped.
2026-05-24 15:15:57,535 - WARNING - Duplicate entry for customer_id bbd714cFdfDD3DD skipped.
2026-05-24 15:15:57,536 - WARNING - Duplicate entry for customer_id cf01fCEFeABD468 skipped.
2026-05-24 15:15:57,536 - WARNING - Duplicate entry for customer_id D7BbB33Be1FC539 skipped.
2026-05-24 15:15:57,536 - WARNING - Duplicate entry for customer_id D16609fed9fEC2d skipped.
2026-05-24 15:15:57,536 - WARNING - Duplicate entry for customer_id aF03B4cFc6c05C8 skipped.
2026-05-24 15:15:57,536 - WARNING - Duplicate entry for customer_id AdaaB43FFccaB0d skipped.
2026-05-24 15:15:57,536 - WARNING - Duplicate entry for customer_id 73fAFf3C782aa7D skipped.
2026-05-24 15:15:57,537 - WARNING - Duplicate entry for customer_id f21a28E24EDfCa3 skipped.
2026-05-24 15:15:57,537 - WARNING - Duplicate entry for customer_id c7838eEacAac61E skipped.
2026-05-24 15:15:57,537 - WARNING - Duplicate entry for customer_id d3eAc0663BA3dcA skipped.
2026-05-24 15:15:57,537 - WARNING - Duplicate entry for customer_id B3b629eDc47eD22 skipped.
2026-05-24 15:15:57,537 - WARNING - Duplicate entry for customer_id Cf1C67B4bf71090 skipped.
2026-05-24 15:15:57,537 - WARNING - Duplicate entry for customer_id 7C8DA410a370aa8 skipped.
2026-05-24 15:15:57,538 - WARNING - Duplicate entry for customer_id b500ecAa2d630f2 skipped.
2026-05-24 15:15:57,538 - WARNING - Duplicate entry for customer_id df8F2Ec3cC9412e skipped.
2026-05-24 15:15:57,538 - WARNING - Duplicate entry for customer_id EC9eD68ff2Eb4f4 skipped.
2026-05-24 15:15:57,538 - WARNING - Duplicate entry for customer_id CEcCBaC64cCae6a skipped.
2026-05-24 15:15:57,538 - WARNING - Duplicate entry for customer_id e45e5fd046d6D3c skipped.
2026-05-24 15:15:57,538 - WARNING - Duplicate entry for customer_id 47097Ec9f8C15ea skipped.
2026-05-24 15:15:57,539 - WARNING - Duplicate entry for customer_id c9ea1cBBCe212c1 skipped.
2026-05-24 15:15:57,539 - WARNING - Duplicate entry for customer_id bCAd9c26D85A9F6 skipped.
2026-05-24 15:15:57,539 - WARNING - Duplicate entry for customer_id AEC4aBbF2AbEe3F skipped.
2026-05-24 15:15:57,539 - WARNING - Duplicate entry for customer_id cFac8Afa1A4D08c skipped.
2026-05-24 15:15:57,539 - WARNING - Duplicate entry for customer_id dDf25B8D5b9cC14 skipped.
2026-05-24 15:15:57,539 - WARNING - Duplicate entry for customer_id cBd7C9C9D2c09Fc skipped.
2026-05-24 15:15:57,540 - WARNING - Duplicate entry for customer_id 57b374c72b5C7F5 skipped.
2026-05-24 15:15:57,540 - WARNING - Duplicate entry for customer_id D48bd5f8cCc2339 skipped.
2026-05-24 15:15:57,540 - WARNING - Duplicate entry for customer_id e5cC6aa0B9F6b68 skipped.
2026-05-24 15:15:57,540 - WARNING - Duplicate entry for customer_id 7CdC7Bf06ABB6Bf skipped.
2026-05-24 15:15:57,540 - WARNING - Duplicate entry for customer_id 6841639B9B36D74 skipped.
2026-05-24 15:15:57,540 - WARNING - Duplicate entry for customer_id aB3D07AEe2FE75f skipped.
2026-05-24 15:15:57,541 - WARNING - Duplicate entry for customer_id edF0BCbaf41d20A skipped.
2026-05-24 15:15:57,541 - WARNING - Duplicate entry for customer_id BE210AEfc6f1105 skipped.
2026-05-24 15:15:57,541 - WARNING - Duplicate entry for customer_id 52B62a129E1515d skipped.
2026-05-24 15:15:57,541 - WARNING - Duplicate entry for customer_id 50d2e71E5Cf30DD skipped.
2026-05-24 15:15:57,541 - WARNING - Duplicate entry for customer_id 1BEC50dC5EACb1f skipped.
2026-05-24 15:15:57,541 - WARNING - Duplicate entry for customer_id BB6806cd1bED6e1 skipped.
2026-05-24 15:15:57,542 - WARNING - Duplicate entry for customer_id a476fE05DE4fe4f skipped.
2026-05-24 15:15:57,542 - WARNING - Duplicate entry for customer_id 79Ace6A23BEED5d skipped.
2026-05-24 15:15:57,542 - WARNING - Duplicate entry for customer_id bbeCA50ff989fC6 skipped.
2026-05-24 15:15:57,542 - WARNING - Duplicate entry for customer_id BDED6da71e0fF2f skipped.
2026-05-24 15:15:57,542 - WARNING - Duplicate entry for customer_id 7C87BCEf12CB8Ba skipped.
2026-05-24 15:15:57,542 - WARNING - Duplicate entry for customer_id 13ABe9a890afba0 skipped.
2026-05-24 15:15:57,543 - WARNING - Duplicate entry for customer_id F02BecbDbCCc59f skipped.
2026-05-24 15:15:57,543 - WARNING - Duplicate entry for customer_id f09df5de7A2CD82 skipped.
2026-05-24 15:15:57,543 - WARNING - Duplicate entry for customer_id 06e2CC6b2D5aD69 skipped.
2026-05-24 15:15:57,543 - WARNING - Duplicate entry for customer_id 9446Eb5Ae23062D skipped.
2026-05-24 15:15:57,543 - WARNING - Duplicate entry for customer_id bAb7b742456Bf2e skipped.
2026-05-24 15:15:57,543 - WARNING - Duplicate entry for customer_id EAB04AAd86319cF skipped.
2026-05-24 15:15:57,544 - WARNING - Duplicate entry for customer_id 4a219E8afe2F6cb skipped.
2026-05-24 15:15:57,544 - WARNING - Duplicate entry for customer_id 0eeC8874c3cfEE5 skipped.
2026-05-24 15:15:57,544 - WARNING - Duplicate entry for customer_id 09ccbfbdDD6f9c8 skipped.
2026-05-24 15:15:57,544 - WARNING - Duplicate entry for customer_id C0eA15D68D551b3 skipped.
2026-05-24 15:15:57,544 - WARNING - Duplicate entry for customer_id eCEEbab57beeecF skipped.
2026-05-24 15:15:57,544 - WARNING - Duplicate entry for customer_id Ab150a0eC9eE5Ce skipped.
2026-05-24 15:15:57,545 - WARNING - Duplicate entry for customer_id 061Dd3953AC0350 skipped.
2026-05-24 15:15:57,545 - WARNING - Duplicate entry for customer_id e72615CbCAfD23f skipped.
2026-05-24 15:15:57,545 - WARNING - Duplicate entry for customer_id dEbA4c280C2BC4c skipped.
2026-05-24 15:15:57,545 - WARNING - Duplicate entry for customer_id B49A38a0E3636dD skipped.
2026-05-24 15:15:57,545 - WARNING - Duplicate entry for customer_id aC8125126392EF6 skipped.
2026-05-24 15:15:57,545 - WARNING - Duplicate entry for customer_id 72B5a2ddE4EF5d0 skipped.
2026-05-24 15:15:57,546 - WARNING - Duplicate entry for customer_id F26EA73B2B0D680 skipped.
2026-05-24 15:15:57,546 - WARNING - Duplicate entry for customer_id F4b4dCF1DEcdB3A skipped.
2026-05-24 15:15:57,546 - WARNING - Duplicate entry for customer_id 99CFEd2a16AFA1D skipped.
2026-05-24 15:15:57,546 - WARNING - Duplicate entry for customer_id BFB7C3A44Dd1e9e skipped.
2026-05-24 15:15:57,546 - WARNING - Duplicate entry for customer_id b7C9e51d3aF5B6B skipped.
2026-05-24 15:15:57,546 - WARNING - Duplicate entry for customer_id d64895790A96b26 skipped.
2026-05-24 15:15:57,547 - WARNING - Duplicate entry for customer_id 15892ECFb9BeBd3 skipped.
2026-05-24 15:15:57,547 - WARNING - Duplicate entry for customer_id 85fE9bc7A71dCB9 skipped.
2026-05-24 15:15:57,547 - WARNING - Duplicate entry for customer_id c9Bb9740d8CEcAb skipped.
2026-05-24 15:15:57,547 - WARNING - Duplicate entry for customer_id EdaCbdd53cbCEeC skipped.
2026-05-24 15:15:57,547 - WARNING - Duplicate entry for customer_id addC6FdeBB8Cc31 skipped.
2026-05-24 15:15:57,547 - WARNING - Duplicate entry for customer_id aDd1631F795BFDB skipped.
2026-05-24 15:15:57,548 - WARNING - Duplicate entry for customer_id 77D767dbb3f1477 skipped.
2026-05-24 15:15:57,548 - WARNING - Duplicate entry for customer_id 7b7A3BaF1d132C2 skipped.
2026-05-24 15:15:57,548 - WARNING - Duplicate entry for customer_id 55182Fe83475b8A skipped.
2026-05-24 15:15:57,548 - WARNING - Duplicate entry for customer_id 31f87aAa0c99Ef1 skipped.
2026-05-24 15:15:57,548 - WARNING - Duplicate entry for customer_id 9EcEB3dfcABc16D skipped.
2026-05-24 15:15:57,548 - WARNING - Duplicate entry for customer_id d3bBF1aAF4ab92a skipped.
2026-05-24 15:15:57,549 - WARNING - Duplicate entry for customer_id 5dD77A41eEf6fCe skipped.
2026-05-24 15:15:57,549 - WARNING - Duplicate entry for customer_id c292742ce78695f skipped.
2026-05-24 15:15:57,549 - WARNING - Duplicate entry for customer_id 88efB789aF1eAE5 skipped.
2026-05-24 15:15:57,549 - WARNING - Duplicate entry for customer_id aD4Cf0BF6c3e2bb skipped.
2026-05-24 15:15:57,549 - WARNING - Duplicate entry for customer_id Ce330c8e3a46aF9 skipped.
2026-05-24 15:15:57,549 - WARNING - Duplicate entry for customer_id DB9fe0FB818Aba6 skipped.
2026-05-24 15:15:57,549 - WARNING - Duplicate entry for customer_id 8Df6A40b14badC0 skipped.
2026-05-24 15:15:57,550 - WARNING - Duplicate entry for customer_id E4C15dF29d5f9e6 skipped.
2026-05-24 15:15:57,550 - WARNING - Duplicate entry for customer_id Df6c56F8bFac68B skipped.
2026-05-24 15:15:57,550 - WARNING - Duplicate entry for customer_id fc0Af8936A663F1 skipped.
2026-05-24 15:15:57,550 - WARNING - Duplicate entry for customer_id 8CBa883abAbF420 skipped.
2026-05-24 15:15:57,550 - WARNING - Duplicate entry for customer_id DbCE25a327a0b3F skipped.
2026-05-24 15:15:57,551 - WARNING - Duplicate entry for customer_id Cbd8d5e5ff4aFAe skipped.
2026-05-24 15:15:57,551 - WARNING - Duplicate entry for customer_id cADa7b0B4A1B03c skipped.
2026-05-24 15:15:57,551 - WARNING - Duplicate entry for customer_id d6Fb4FFbee8D4A5 skipped.
2026-05-24 15:15:57,551 - WARNING - Duplicate entry for customer_id 6Adb9b8C9C1dDEe skipped.
2026-05-24 15:15:57,551 - WARNING - Duplicate entry for customer_id B67FfF99e083091 skipped.
2026-05-24 15:15:57,551 - WARNING - Duplicate entry for customer_id Bacb2ceBD5eC70d skipped.
2026-05-24 15:15:57,552 - WARNING - Duplicate entry for customer_id C3dE0b33e7fdcAd skipped.
2026-05-24 15:15:57,552 - WARNING - Duplicate entry for customer_id feFdfB76f7bFfBB skipped.
2026-05-24 15:15:57,552 - WARNING - Duplicate entry for customer_id 233b8C0F1360203 skipped.
2026-05-24 15:15:57,552 - WARNING - Duplicate entry for customer_id A853040cBF735eD skipped.
2026-05-24 15:15:57,552 - WARNING - Duplicate entry for customer_id Da75138d7ebCDE2 skipped.
2026-05-24 15:15:57,552 - WARNING - Duplicate entry for customer_id dFf6f43Aa1fC6fa skipped.
2026-05-24 15:15:57,553 - WARNING - Duplicate entry for customer_id acaa3d9fB5803b2 skipped.
2026-05-24 15:15:57,553 - WARNING - Duplicate entry for customer_id A9ed28AfDac3DBF skipped.
2026-05-24 15:15:57,553 - WARNING - Duplicate entry for customer_id Cdcbbc5DE7Da3Fb skipped.
2026-05-24 15:15:57,553 - WARNING - Duplicate entry for customer_id 91CDb04d07fdB52 skipped.
2026-05-24 15:15:57,553 - WARNING - Duplicate entry for customer_id 7cC00DeCB8Acb3D skipped.
2026-05-24 15:15:57,553 - WARNING - Duplicate entry for customer_id 7d013321BF8AE3b skipped.
2026-05-24 15:15:57,554 - WARNING - Duplicate entry for customer_id eAEFcdc3A18A6db skipped.
2026-05-24 15:15:57,554 - WARNING - Duplicate entry for customer_id D5aAb5A9fdAD42F skipped.
2026-05-24 15:15:57,554 - WARNING - Duplicate entry for customer_id C84ecBaAEF865F5 skipped.
2026-05-24 15:15:57,554 - WARNING - Duplicate entry for customer_id b38a5e1De05Bbdf skipped.
2026-05-24 15:15:57,554 - WARNING - Duplicate entry for customer_id 6f3799337d34d57 skipped.
2026-05-24 15:15:57,554 - WARNING - Duplicate entry for customer_id 86c6c79858896bD skipped.
2026-05-24 15:15:57,555 - WARNING - Duplicate entry for customer_id a7Ccf5Cc2Ccb5b3 skipped.
2026-05-24 15:15:57,555 - WARNING - Duplicate entry for customer_id c239cDD7AECcDF6 skipped.
2026-05-24 15:15:57,555 - WARNING - Duplicate entry for customer_id BCfEfbb07f9CAe6 skipped.
2026-05-24 15:15:57,555 - WARNING - Duplicate entry for customer_id 87fDFB04b140E08 skipped.
2026-05-24 15:15:57,555 - WARNING - Duplicate entry for customer_id Ba6f5aC5B3A0B7d skipped.
2026-05-24 15:15:57,555 - WARNING - Duplicate entry for customer_id F59f5AaF210DEAf skipped.
2026-05-24 15:15:57,556 - WARNING - Duplicate entry for customer_id 64f8dF266dAD25C skipped.
2026-05-24 15:15:57,556 - WARNING - Duplicate entry for customer_id 0efb09C7D23f9D0 skipped.
2026-05-24 15:15:57,556 - WARNING - Duplicate entry for customer_id 899cbDE6c10eB9A skipped.
2026-05-24 15:15:57,556 - WARNING - Duplicate entry for customer_id afd416397924e91 skipped.
2026-05-24 15:15:57,556 - WARNING - Duplicate entry for customer_id 386d8552b5Dc6a5 skipped.
2026-05-24 15:15:57,556 - WARNING - Duplicate entry for customer_id ac739239aFcF121 skipped.
2026-05-24 15:15:57,557 - WARNING - Duplicate entry for customer_id 591CE8Bb3aB2D87 skipped.
2026-05-24 15:15:57,557 - WARNING - Duplicate entry for customer_id 05Db1ADe4B4EcBE skipped.
2026-05-24 15:15:57,557 - WARNING - Duplicate entry for customer_id AaEbfA8864F0Ffe skipped.
2026-05-24 15:15:57,557 - WARNING - Duplicate entry for customer_id 89436752BeBF3Ec skipped.
2026-05-24 15:15:57,557 - WARNING - Duplicate entry for customer_id DaB00C4FE0F94C3 skipped.
2026-05-24 15:15:57,557 - WARNING - Duplicate entry for customer_id E4693ceD4cf2854 skipped.
2026-05-24 15:15:57,558 - WARNING - Duplicate entry for customer_id c4b2df692043bfE skipped.
2026-05-24 15:15:57,558 - WARNING - Duplicate entry for customer_id Fc9BbAdBCC2716F skipped.
2026-05-24 15:15:57,558 - WARNING - Duplicate entry for customer_id B13cC1De16A7b2A skipped.
2026-05-24 15:15:57,558 - WARNING - Duplicate entry for customer_id 4C07dbd609CCa2F skipped.
2026-05-24 15:15:57,558 - WARNING - Duplicate entry for customer_id 54b4C62aADAcf02 skipped.
2026-05-24 15:15:57,558 - WARNING - Duplicate entry for customer_id 49D34e92d722DF3 skipped.
2026-05-24 15:15:57,559 - WARNING - Duplicate entry for customer_id BE30f4B3Ba7Ff3f skipped.
2026-05-24 15:15:57,559 - WARNING - Duplicate entry for customer_id f5d40eD401b66CB skipped.
2026-05-24 15:15:57,559 - WARNING - Duplicate entry for customer_id FCc33a3b8ddddB1 skipped.
2026-05-24 15:15:57,559 - WARNING - Duplicate entry for customer_id 6D95f66CAC4bb0D skipped.
2026-05-24 15:15:57,559 - WARNING - Duplicate entry for customer_id cdC6bBAaC9FbFEE skipped.
2026-05-24 15:15:57,559 - WARNING - Duplicate entry for customer_id dD4217ee6E211C3 skipped.
2026-05-24 15:15:57,560 - WARNING - Duplicate entry for customer_id c86eBcC5CE23f1E skipped.
2026-05-24 15:15:57,560 - WARNING - Duplicate entry for customer_id fC88F8C5AbE44a4 skipped.
2026-05-24 15:15:57,560 - WARNING - Duplicate entry for customer_id bCdE8dF145abf51 skipped.
2026-05-24 15:15:57,560 - WARNING - Duplicate entry for customer_id C81De6a70E3abA9 skipped.
2026-05-24 15:15:57,560 - WARNING - Duplicate entry for customer_id d6242cBeEfDCB33 skipped.
2026-05-24 15:15:57,560 - WARNING - Duplicate entry for customer_id E8Af7340E4969eD skipped.
2026-05-24 15:15:57,561 - WARNING - Duplicate entry for customer_id 70dAab994Ccc3fd skipped.
2026-05-24 15:15:57,561 - WARNING - Duplicate entry for customer_id 5b9cF88058fDc5B skipped.
2026-05-24 15:15:57,561 - WARNING - Duplicate entry for customer_id 0e47E9eCDcBaA8B skipped.
2026-05-24 15:15:57,561 - WARNING - Duplicate entry for customer_id ACA39FbBBBBbfDC skipped.
2026-05-24 15:15:57,561 - WARNING - Duplicate entry for customer_id 2020A9EE84edF9f skipped.
2026-05-24 15:15:57,561 - WARNING - Duplicate entry for customer_id BD974de968Baf25 skipped.
2026-05-24 15:15:57,562 - WARNING - Duplicate entry for customer_id DF81cAd9404dcc3 skipped.
2026-05-24 15:15:57,562 - WARNING - Duplicate entry for customer_id 0B1d8005feeC0DD skipped.
2026-05-24 15:15:57,562 - WARNING - Duplicate entry for customer_id 4EA46eD9c84Ca1D skipped.
2026-05-24 15:15:57,562 - WARNING - Duplicate entry for customer_id Ebeb0ff7E3afDD3 skipped.
2026-05-24 15:15:57,562 - WARNING - Duplicate entry for customer_id b2bEF8ABCaBe83A skipped.
2026-05-24 15:15:57,562 - WARNING - Duplicate entry for customer_id 7B920F4cdC33Ac2 skipped.
2026-05-24 15:15:57,563 - WARNING - Duplicate entry for customer_id CFd665D3a72d74B skipped.
2026-05-24 15:15:57,563 - WARNING - Duplicate entry for customer_id c2ba942BF82F54d skipped.
2026-05-24 15:15:57,563 - WARNING - Duplicate entry for customer_id ec7fad7E7089Cc2 skipped.
2026-05-24 15:15:57,563 - WARNING - Duplicate entry for customer_id cBFeAd9059104d3 skipped.
2026-05-24 15:15:57,563 - WARNING - Duplicate entry for customer_id c6CAAD726614682 skipped.
2026-05-24 15:15:57,563 - WARNING - Duplicate entry for customer_id d3b6B3EfCdC3F41 skipped.
2026-05-24 15:15:57,564 - WARNING - Duplicate entry for customer_id 34f20119a4653A6 skipped.
2026-05-24 15:15:57,564 - WARNING - Duplicate entry for customer_id f6EA334f7a88F66 skipped.
2026-05-24 15:15:57,564 - WARNING - Duplicate entry for customer_id FBC23eEd22B3edb skipped.
2026-05-24 15:15:57,564 - WARNING - Duplicate entry for customer_id 1fcf7f5458afe7F skipped.
2026-05-24 15:15:57,564 - WARNING - Duplicate entry for customer_id df94B1738eaE0Ac skipped.
2026-05-24 15:15:57,564 - WARNING - Duplicate entry for customer_id 7DbcDf7aA078502 skipped.
2026-05-24 15:15:57,564 - WARNING - Duplicate entry for customer_id 6f8f3ACF87266F4 skipped.
2026-05-24 15:15:57,565 - WARNING - Duplicate entry for customer_id 7b3c3BB8302cFDe skipped.
2026-05-24 15:15:57,565 - WARNING - Duplicate entry for customer_id 666bcA5d1bC1bB4 skipped.
2026-05-24 15:15:57,565 - WARNING - Duplicate entry for customer_id 6aFF059e79908Ba skipped.
2026-05-24 15:15:57,565 - WARNING - Duplicate entry for customer_id 1C9bd2b561C6079 skipped.
2026-05-24 15:15:57,565 - WARNING - Duplicate entry for customer_id de867ED21BE7Be6 skipped.
2026-05-24 15:15:57,566 - WARNING - Duplicate entry for customer_id e0518740Bc9cfd2 skipped.
2026-05-24 15:15:57,566 - WARNING - Duplicate entry for customer_id 62C2a7EF506B793 skipped.
2026-05-24 15:15:57,566 - WARNING - Duplicate entry for customer_id B8ABA5783fE1901 skipped.
2026-05-24 15:15:57,566 - WARNING - Duplicate entry for customer_id 3405dAae1edfFC5 skipped.
2026-05-24 15:15:57,566 - WARNING - Duplicate entry for customer_id C06E5CacB0AEabC skipped.
2026-05-24 15:15:57,566 - WARNING - Duplicate entry for customer_id c987e6535c414Fb skipped.
2026-05-24 15:15:57,567 - WARNING - Duplicate entry for customer_id Eb815ff4Bdc3Db4 skipped.
2026-05-24 15:15:57,567 - WARNING - Duplicate entry for customer_id 2eA0Db58d06eBBe skipped.
2026-05-24 15:15:57,567 - WARNING - Duplicate entry for customer_id Bbc62BCaa7EEc1C skipped.
2026-05-24 15:15:57,567 - WARNING - Duplicate entry for customer_id Db223E916D7AB44 skipped.
2026-05-24 15:15:57,567 - WARNING - Duplicate entry for customer_id CA6Cc405b96dB2f skipped.
2026-05-24 15:15:57,567 - WARNING - Duplicate entry for customer_id E83CA6652fFCf36 skipped.
2026-05-24 15:15:57,568 - WARNING - Duplicate entry for customer_id 7DbAC1a567CaFbc skipped.
2026-05-24 15:15:57,568 - WARNING - Duplicate entry for customer_id CA2C493E84e823D skipped.
2026-05-24 15:15:57,568 - WARNING - Duplicate entry for customer_id 3Ab9edfFce89FBb skipped.
2026-05-24 15:15:57,568 - WARNING - Duplicate entry for customer_id 1fD261D086f6C1D skipped.
2026-05-24 15:15:57,568 - WARNING - Duplicate entry for customer_id D25508749F84F16 skipped.
2026-05-24 15:15:57,568 - WARNING - Duplicate entry for customer_id ff3aB296eC3CbfF skipped.
2026-05-24 15:15:57,569 - WARNING - Duplicate entry for customer_id 9B2bEE619B99C5d skipped.
2026-05-24 15:15:57,569 - WARNING - Duplicate entry for customer_id CaC56Fa7fdB3cBB skipped.
2026-05-24 15:15:57,569 - WARNING - Duplicate entry for customer_id 7d719f1bCcaA3Ac skipped.
2026-05-24 15:15:57,569 - WARNING - Duplicate entry for customer_id fe4b7DfcdE855b3 skipped.
2026-05-24 15:15:57,569 - WARNING - Duplicate entry for customer_id 2FdF7253F607D57 skipped.
2026-05-24 15:15:57,569 - WARNING - Duplicate entry for customer_id b8bcEF027CaB352 skipped.
2026-05-24 15:15:57,570 - WARNING - Duplicate entry for customer_id DdCF0e6Bdfd9abC skipped.
2026-05-24 15:15:57,570 - WARNING - Duplicate entry for customer_id d8c5E1952bd52aA skipped.
2026-05-24 15:15:57,570 - WARNING - Duplicate entry for customer_id fEDfBd9AefCEE86 skipped.
2026-05-24 15:15:57,570 - WARNING - Duplicate entry for customer_id 01AEbCbD0cB7cCd skipped.
2026-05-24 15:15:57,570 - WARNING - Duplicate entry for customer_id 2B700A47d0a7258 skipped.
2026-05-24 15:15:57,570 - WARNING - Duplicate entry for customer_id F0DC08bBe5C8d84 skipped.
2026-05-24 15:15:57,571 - WARNING - Duplicate entry for customer_id 1DdAAb3C139CD4C skipped.
2026-05-24 15:15:57,571 - WARNING - Duplicate entry for customer_id 7A0dA6ead4EdAb2 skipped.
2026-05-24 15:15:57,571 - WARNING - Duplicate entry for customer_id 6614c31711BB58e skipped.
2026-05-24 15:15:57,571 - WARNING - Duplicate entry for customer_id Af7F1daF5fFc3aa skipped.
2026-05-24 15:15:57,571 - WARNING - Duplicate entry for customer_id D91DbdaF9AbE2C5 skipped.
2026-05-24 15:15:57,571 - WARNING - Duplicate entry for customer_id 8aaA7b93ecb0a6a skipped.
2026-05-24 15:15:57,572 - WARNING - Duplicate entry for customer_id 9572F1AbCFCF09b skipped.
2026-05-24 15:15:57,572 - WARNING - Duplicate entry for customer_id 69285d4cD0bE6ad skipped.
2026-05-24 15:15:57,572 - WARNING - Duplicate entry for customer_id 9E2eb00EF367Fa2 skipped.
2026-05-24 15:15:57,572 - WARNING - Duplicate entry for customer_id F69a0ecCD997c2C skipped.
2026-05-24 15:15:57,572 - WARNING - Duplicate entry for customer_id 05f1D7bA2Bd4764 skipped.
2026-05-24 15:15:57,572 - WARNING - Duplicate entry for customer_id AdBE0cFb4dF1233 skipped.
2026-05-24 15:15:57,573 - WARNING - Duplicate entry for customer_id C2Cb929eB37D1c6 skipped.
2026-05-24 15:15:57,573 - WARNING - Duplicate entry for customer_id 196cd1bEBf9BE88 skipped.
2026-05-24 15:15:57,573 - WARNING - Duplicate entry for customer_id e140badD88486b0 skipped.
2026-05-24 15:15:57,573 - WARNING - Duplicate entry for customer_id 14ec4E6B5a11fAa skipped.
2026-05-24 15:15:57,573 - WARNING - Duplicate entry for customer_id 2aA82CEc2Da615d skipped.
2026-05-24 15:15:57,573 - WARNING - Duplicate entry for customer_id 6AAe1afbFdAeAFf skipped.
2026-05-24 15:15:57,574 - WARNING - Duplicate entry for customer_id bBfce6c3cCaB04e skipped.
2026-05-24 15:15:57,574 - WARNING - Duplicate entry for customer_id EC8627a6230b960 skipped.
2026-05-24 15:15:57,574 - WARNING - Duplicate entry for customer_id 06Fe765659a7ace skipped.
2026-05-24 15:15:57,574 - WARNING - Duplicate entry for customer_id 2eF88CDC6ad286b skipped.
2026-05-24 15:15:57,574 - WARNING - Duplicate entry for customer_id 7Ee692dCD8CAD8F skipped.
2026-05-24 15:15:57,574 - WARNING - Duplicate entry for customer_id 1C6Dfa0EfEd96A3 skipped.
2026-05-24 15:15:57,574 - WARNING - Duplicate entry for customer_id 6a46bcD3CdC56d2 skipped.
2026-05-24 15:15:57,575 - WARNING - Duplicate entry for customer_id 0AcD9d0bA01EBB4 skipped.
2026-05-24 15:15:57,575 - WARNING - Duplicate entry for customer_id acf26D1e0A5Facc skipped.
2026-05-24 15:15:57,575 - WARNING - Duplicate entry for customer_id 4EfBeB41A29fA5e skipped.
2026-05-24 15:15:57,575 - WARNING - Duplicate entry for customer_id 0115aEF33Ff7afC skipped.
2026-05-24 15:15:57,575 - WARNING - Duplicate entry for customer_id 7c30B97c1CB579e skipped.
2026-05-24 15:15:57,575 - WARNING - Duplicate entry for customer_id dfAFD00fa9374d0 skipped.
2026-05-24 15:15:57,576 - WARNING - Duplicate entry for customer_id 2EC8778AB8bdABa skipped.
2026-05-24 15:15:57,576 - WARNING - Duplicate entry for customer_id E040edB499A6132 skipped.
2026-05-24 15:15:57,576 - WARNING - Duplicate entry for customer_id aB9FF85332Bfb2a skipped.
2026-05-24 15:15:57,576 - WARNING - Duplicate entry for customer_id 390f4Fefe8CD44d skipped.
2026-05-24 15:15:57,576 - WARNING - Duplicate entry for customer_id BedC4Fbf851fED8 skipped.
2026-05-24 15:15:57,576 - WARNING - Duplicate entry for customer_id 8bDC7FCd0bDD1A3 skipped.
2026-05-24 15:15:57,577 - WARNING - Duplicate entry for customer_id fcaF0A4f9eE28F0 skipped.
2026-05-24 15:15:57,577 - WARNING - Duplicate entry for customer_id 8f7B9864aF6B829 skipped.
2026-05-24 15:15:57,577 - WARNING - Duplicate entry for customer_id D2b1feDDA3BEBDF skipped.
2026-05-24 15:15:57,577 - WARNING - Duplicate entry for customer_id 2AC8cD1Bdc5AAe5 skipped.
2026-05-24 15:15:57,577 - WARNING - Duplicate entry for customer_id f5319CE131F7b18 skipped.
2026-05-24 15:15:57,577 - WARNING - Duplicate entry for customer_id 35DefAbbBaD45a7 skipped.
2026-05-24 15:15:57,578 - WARNING - Duplicate entry for customer_id c99EcB1cB9CBCab skipped.
2026-05-24 15:15:57,578 - WARNING - Duplicate entry for customer_id 5c6ACAAA8dFE4b1 skipped.
2026-05-24 15:15:57,578 - WARNING - Duplicate entry for customer_id 214a9fEFFc6F0eF skipped.
2026-05-24 15:15:57,578 - WARNING - Duplicate entry for customer_id 3EBf95cB4fBa76F skipped.
2026-05-24 15:15:57,578 - WARNING - Duplicate entry for customer_id 7E044bcbEedBB85 skipped.
2026-05-24 15:15:57,578 - WARNING - Duplicate entry for customer_id fdC0B083Cae9B4e skipped.
2026-05-24 15:15:57,579 - WARNING - Duplicate entry for customer_id 6f2BBDD4A57e8DB skipped.
2026-05-24 15:15:57,579 - WARNING - Duplicate entry for customer_id b68E5a53fBb0C4A skipped.
2026-05-24 15:15:57,579 - WARNING - Duplicate entry for customer_id CE4824D6Efb613b skipped.
2026-05-24 15:15:57,579 - WARNING - Duplicate entry for customer_id Ca864FdF34fFceB skipped.
2026-05-24 15:15:57,579 - WARNING - Duplicate entry for customer_id C9bc697e05CA8e7 skipped.
2026-05-24 15:15:57,579 - WARNING - Duplicate entry for customer_id F93CdDD9A6aC9a1 skipped.
2026-05-24 15:15:57,580 - WARNING - Duplicate entry for customer_id d07a675F0A632F5 skipped.
2026-05-24 15:15:57,580 - WARNING - Duplicate entry for customer_id 666bAC9090ca824 skipped.
2026-05-24 15:15:57,580 - WARNING - Duplicate entry for customer_id 2B73dfDF8fBFc90 skipped.
2026-05-24 15:15:57,580 - WARNING - Duplicate entry for customer_id 3ba5E3fAE68d927 skipped.
2026-05-24 15:15:57,580 - WARNING - Duplicate entry for customer_id e17e36c40fA6dFD skipped.
2026-05-24 15:15:57,580 - WARNING - Duplicate entry for customer_id D50d9BfDd00D08d skipped.
2026-05-24 15:15:57,581 - WARNING - Duplicate entry for customer_id 580D7BbFef6D2A9 skipped.
2026-05-24 15:15:57,581 - WARNING - Duplicate entry for customer_id 9ffeC6Dd1ADdeA5 skipped.
2026-05-24 15:15:57,581 - WARNING - Duplicate entry for customer_id DBa86561f0eb9EE skipped.
2026-05-24 15:15:57,581 - WARNING - Duplicate entry for customer_id 3B596CDe02dE7C1 skipped.
2026-05-24 15:15:57,581 - WARNING - Duplicate entry for customer_id 7B9dcC1B6F12d4c skipped.
2026-05-24 15:15:57,581 - WARNING - Duplicate entry for customer_id 4Ec632DE79B28EB skipped.
2026-05-24 15:15:57,582 - WARNING - Duplicate entry for customer_id 4dBDe7b4c50Acad skipped.
2026-05-24 15:15:57,582 - WARNING - Duplicate entry for customer_id 6ab786F1B0eEb62 skipped.
2026-05-24 15:15:57,582 - WARNING - Duplicate entry for customer_id b83Baa3FB8bD6d9 skipped.
2026-05-24 15:15:57,582 - WARNING - Duplicate entry for customer_id 8f2fcb5fF2bb8F3 skipped.
2026-05-24 15:15:57,582 - WARNING - Duplicate entry for customer_id 6E0e975BFDCE575 skipped.
2026-05-24 15:15:57,582 - WARNING - Duplicate entry for customer_id a0Ac0205DA5CC61 skipped.
2026-05-24 15:15:57,583 - WARNING - Duplicate entry for customer_id ef1947B9fcf1f73 skipped.
2026-05-24 15:15:57,583 - WARNING - Duplicate entry for customer_id 1F435Bcf1e6F9e4 skipped.
2026-05-24 15:15:57,583 - WARNING - Duplicate entry for customer_id 58c352c869a7441 skipped.
2026-05-24 15:15:57,583 - WARNING - Duplicate entry for customer_id 276ec18f5546bd1 skipped.
2026-05-24 15:15:57,583 - WARNING - Duplicate entry for customer_id 20bE2068b3dF6fC skipped.
2026-05-24 15:15:57,583 - WARNING - Duplicate entry for customer_id 531EC46d609AFeA skipped.
2026-05-24 15:15:57,583 - WARNING - Duplicate entry for customer_id dfB30AeFafbf803 skipped.
2026-05-24 15:15:57,584 - WARNING - Duplicate entry for customer_id 9Dc9cD4BeB07bfb skipped.
2026-05-24 15:15:57,584 - WARNING - Duplicate entry for customer_id dD82a433b8fbBFe skipped.
2026-05-24 15:15:57,584 - WARNING - Duplicate entry for customer_id 0001fA39dA6D349 skipped.
2026-05-24 15:15:57,584 - WARNING - Duplicate entry for customer_id 4fC75A4a7d9Cd2E skipped.
2026-05-24 15:15:57,584 - WARNING - Duplicate entry for customer_id 3C0fC61afA3B2Ec skipped.
2026-05-24 15:15:57,585 - WARNING - Duplicate entry for customer_id 4Ee0B5C383a4f3d skipped.
2026-05-24 15:15:57,585 - WARNING - Duplicate entry for customer_id d58EDBdF7d212E0 skipped.
2026-05-24 15:15:57,585 - WARNING - Duplicate entry for customer_id 197f76Faea8e47C skipped.
2026-05-24 15:15:57,585 - WARNING - Duplicate entry for customer_id cc5D6c37d36FdDd skipped.
2026-05-24 15:15:57,585 - WARNING - Duplicate entry for customer_id a4Af4C89e95B721 skipped.
2026-05-24 15:15:57,585 - WARNING - Duplicate entry for customer_id f1eaacc6D98BAba skipped.
2026-05-24 15:15:57,586 - WARNING - Duplicate entry for customer_id fe4DAb8ead6b6a9 skipped.
2026-05-24 15:15:57,586 - WARNING - Duplicate entry for customer_id A8497fe0cce772F skipped.
2026-05-24 15:15:57,586 - WARNING - Duplicate entry for customer_id 05b6ed3aEACDaa3 skipped.
2026-05-24 15:15:57,586 - WARNING - Duplicate entry for customer_id BE9fae1Ac10B5b4 skipped.
2026-05-24 15:15:57,586 - WARNING - Duplicate entry for customer_id fE90dD920AAA4bC skipped.
2026-05-24 15:15:57,586 - WARNING - Duplicate entry for customer_id 5D86bBC0dd02d40 skipped.
2026-05-24 15:15:57,587 - WARNING - Duplicate entry for customer_id E8DC64C4e67fDA3 skipped.
2026-05-24 15:15:57,587 - WARNING - Duplicate entry for customer_id b8003a3D4b8107c skipped.
2026-05-24 15:15:57,587 - WARNING - Duplicate entry for customer_id b57CabD45Be54e4 skipped.
2026-05-24 15:15:57,587 - WARNING - Duplicate entry for customer_id Fb0e378Af6Ee37e skipped.
2026-05-24 15:15:57,587 - WARNING - Duplicate entry for customer_id Ff5aB5C9b6f2Da7 skipped.
2026-05-24 15:15:57,587 - WARNING - Duplicate entry for customer_id 5B7CEEAeFBD3710 skipped.
2026-05-24 15:15:57,588 - WARNING - Duplicate entry for customer_id 8F952d03DDC9EDa skipped.
2026-05-24 15:15:57,588 - WARNING - Duplicate entry for customer_id 6ea6dfAEe57f29E skipped.
2026-05-24 15:15:57,588 - WARNING - Duplicate entry for customer_id dE4a58E2dd040dC skipped.
2026-05-24 15:15:57,588 - WARNING - Duplicate entry for customer_id 82CE976694CDE15 skipped.
2026-05-24 15:15:57,588 - WARNING - Duplicate entry for customer_id 0E3b1a3f39221Ea skipped.
2026-05-24 15:15:57,588 - WARNING - Duplicate entry for customer_id 393d4147E61d8F7 skipped.
2026-05-24 15:15:57,588 - WARNING - Duplicate entry for customer_id FAcBc1dd26EeAfD skipped.
2026-05-24 15:15:57,589 - WARNING - Duplicate entry for customer_id 4caAC4F5175aBeF skipped.
2026-05-24 15:15:57,589 - WARNING - Duplicate entry for customer_id c8C434b1A3dF31f skipped.
2026-05-24 15:15:57,589 - WARNING - Duplicate entry for customer_id aF4fA3aCA4bD5eC skipped.
2026-05-24 15:15:57,589 - WARNING - Duplicate entry for customer_id 895c3d6c2B7f017 skipped.
2026-05-24 15:15:57,589 - WARNING - Duplicate entry for customer_id fEceCCA3A41c4b9 skipped.
2026-05-24 15:15:57,589 - WARNING - Duplicate entry for customer_id 9277977d7ff97fD skipped.
2026-05-24 15:15:57,590 - WARNING - Duplicate entry for customer_id 0dCeC4a8cAeefc2 skipped.
2026-05-24 15:15:57,590 - WARNING - Duplicate entry for customer_id 1Ca8b16dAd6F75E skipped.
2026-05-24 15:15:57,590 - WARNING - Duplicate entry for customer_id 1d9E6c096AfD0bb skipped.
2026-05-24 15:15:57,590 - WARNING - Duplicate entry for customer_id D85Baf7dAe6aba1 skipped.
2026-05-24 15:15:57,590 - WARNING - Duplicate entry for customer_id 05a3385fc5a8cc1 skipped.
2026-05-24 15:15:57,590 - WARNING - Duplicate entry for customer_id 6f3fa641ccba5EB skipped.
2026-05-24 15:15:57,591 - WARNING - Duplicate entry for customer_id cc4CFf3Cae8Fa5C skipped.
2026-05-24 15:15:57,591 - WARNING - Duplicate entry for customer_id cfa4f67fF42bCa2 skipped.
2026-05-24 15:15:57,591 - WARNING - Duplicate entry for customer_id aA04De37fe1EFcE skipped.
2026-05-24 15:15:57,591 - WARNING - Duplicate entry for customer_id d3944d30ECa7a7A skipped.
2026-05-24 15:15:57,591 - WARNING - Duplicate entry for customer_id BAcC813eAe0B26e skipped.
2026-05-24 15:15:57,591 - WARNING - Duplicate entry for customer_id D48fdcDF9d7A214 skipped.
2026-05-24 15:15:57,592 - WARNING - Duplicate entry for customer_id 66bf59d65365BBB skipped.
2026-05-24 15:15:57,592 - WARNING - Duplicate entry for customer_id 43eD93bE0Dc7F95 skipped.
2026-05-24 15:15:57,592 - WARNING - Duplicate entry for customer_id 9eEdEaf8F8e087c skipped.
2026-05-24 15:15:57,592 - WARNING - Duplicate entry for customer_id e35daaaE8442628 skipped.
2026-05-24 15:15:57,592 - WARNING - Duplicate entry for customer_id 9dd1f1f82b87DaE skipped.
2026-05-24 15:15:57,592 - WARNING - Duplicate entry for customer_id DF017FED418CdCb skipped.
2026-05-24 15:15:57,593 - WARNING - Duplicate entry for customer_id cdadAFc0c4CA025 skipped.
2026-05-24 15:15:57,593 - WARNING - Duplicate entry for customer_id 1C8dBF1415ba679 skipped.
2026-05-24 15:15:57,593 - WARNING - Duplicate entry for customer_id 8f0a3ba91c1Eb43 skipped.
2026-05-24 15:15:57,593 - WARNING - Duplicate entry for customer_id bB93cEc8d4FeaAC skipped.
2026-05-24 15:15:57,593 - WARNING - Duplicate entry for customer_id 2e5a2200bD6C818 skipped.
2026-05-24 15:15:57,593 - WARNING - Duplicate entry for customer_id 3BaB4b80DDAeDB7 skipped.
2026-05-24 15:15:57,594 - WARNING - Duplicate entry for customer_id 698Df6Cf9f97ddF skipped.
2026-05-24 15:15:57,594 - WARNING - Duplicate entry for customer_id AbcaB8cF43b0C1d skipped.
2026-05-24 15:15:57,594 - WARNING - Duplicate entry for customer_id 42b9A4e192da5C6 skipped.
2026-05-24 15:15:57,594 - WARNING - Duplicate entry for customer_id d8F1245a7Bac36c skipped.
2026-05-24 15:15:57,594 - WARNING - Duplicate entry for customer_id DeBD13fe82A9E5f skipped.
2026-05-24 15:15:57,594 - WARNING - Duplicate entry for customer_id Dcc46b0FcAfB2C9 skipped.
2026-05-24 15:15:57,595 - WARNING - Duplicate entry for customer_id 2F83b82be96bc01 skipped.
2026-05-24 15:15:57,595 - WARNING - Duplicate entry for customer_id 4a52741EB5a7Ed1 skipped.
2026-05-24 15:15:57,595 - WARNING - Duplicate entry for customer_id 05c1eCeEfE7DDE9 skipped.
2026-05-24 15:15:57,595 - WARNING - Duplicate entry for customer_id 6d4bAbB01c22E0F skipped.
2026-05-24 15:15:57,595 - WARNING - Duplicate entry for customer_id 8ce2a9f6BB02b0d skipped.
2026-05-24 15:15:57,595 - WARNING - Duplicate entry for customer_id F9AEc2F51C5EDaE skipped.
2026-05-24 15:15:57,596 - WARNING - Duplicate entry for customer_id 9385f009fFFA723 skipped.
2026-05-24 15:15:57,596 - WARNING - Duplicate entry for customer_id E8a23B90899B6d7 skipped.
2026-05-24 15:15:57,596 - WARNING - Duplicate entry for customer_id 10E34ADcd62bB92 skipped.
2026-05-24 15:15:57,596 - WARNING - Duplicate entry for customer_id 33a3Afa322E1033 skipped.
2026-05-24 15:15:57,596 - WARNING - Duplicate entry for customer_id 1BE3BBe52EccE45 skipped.
2026-05-24 15:15:57,596 - WARNING - Duplicate entry for customer_id D270EFAd9D76A76 skipped.
2026-05-24 15:15:57,597 - WARNING - Duplicate entry for customer_id 9eE3e7AdfbD7Da4 skipped.
2026-05-24 15:15:57,597 - WARNING - Duplicate entry for customer_id d6ECEA63A80bBFf skipped.
2026-05-24 15:15:57,597 - WARNING - Duplicate entry for customer_id 014A372AC33c4F4 skipped.
2026-05-24 15:15:57,597 - WARNING - Duplicate entry for customer_id 41eAa5e67049D75 skipped.
2026-05-24 15:15:57,597 - WARNING - Duplicate entry for customer_id FF8fd2c75FeadBE skipped.
2026-05-24 15:15:57,597 - WARNING - Duplicate entry for customer_id ACd6d2856c3e9c6 skipped.
2026-05-24 15:15:57,598 - WARNING - Duplicate entry for customer_id 4213a532367a4BA skipped.
2026-05-24 15:15:57,598 - WARNING - Duplicate entry for customer_id 5eB3Ce3ee5dAeDF skipped.
2026-05-24 15:15:57,598 - WARNING - Duplicate entry for customer_id EeEdaba9dDb8B0c skipped.
2026-05-24 15:15:57,598 - WARNING - Duplicate entry for customer_id 9fb8Ad13C8a1d31 skipped.
2026-05-24 15:15:57,598 - WARNING - Duplicate entry for customer_id 166Cfb97832F81d skipped.
2026-05-24 15:15:57,598 - WARNING - Duplicate entry for customer_id adfaD758ea6760B skipped.
2026-05-24 15:15:57,599 - WARNING - Duplicate entry for customer_id aA88C4FD77e8d4E skipped.
2026-05-24 15:15:57,599 - WARNING - Duplicate entry for customer_id 3b480808b1Db3d8 skipped.
2026-05-24 15:15:57,599 - WARNING - Duplicate entry for customer_id 9a17fFf3FF40B63 skipped.
2026-05-24 15:15:57,599 - WARNING - Duplicate entry for customer_id D3a6bBFDEaff3c7 skipped.
2026-05-24 15:15:57,599 - WARNING - Duplicate entry for customer_id 12e7C8A38a58Af5 skipped.
2026-05-24 15:15:57,599 - WARNING - Duplicate entry for customer_id eE3aabEcf63fb74 skipped.
2026-05-24 15:15:57,600 - WARNING - Duplicate entry for customer_id d4B4312AE1B0B64 skipped.
2026-05-24 15:15:57,600 - WARNING - Duplicate entry for customer_id aA2Cbda7aF7CF6c skipped.
2026-05-24 15:15:57,600 - WARNING - Duplicate entry for customer_id 0913aD6BB949c79 skipped.
2026-05-24 15:15:57,600 - WARNING - Duplicate entry for customer_id 429cEAc4e675cfc skipped.
2026-05-24 15:15:57,600 - WARNING - Duplicate entry for customer_id f200f629aE89Cf9 skipped.
2026-05-24 15:15:57,600 - WARNING - Duplicate entry for customer_id f573f7Daf3f97E6 skipped.
2026-05-24 15:15:57,601 - WARNING - Duplicate entry for customer_id 3b03eFcCB873a8F skipped.
2026-05-24 15:15:57,601 - WARNING - Duplicate entry for customer_id c21Ce78AfddBcE3 skipped.
2026-05-24 15:15:57,601 - WARNING - Duplicate entry for customer_id 13daEd070a6Db0e skipped.
2026-05-24 15:15:57,601 - WARNING - Duplicate entry for customer_id 7a060190AD8B1F3 skipped.
2026-05-24 15:15:57,601 - WARNING - Duplicate entry for customer_id 7e1DEE74450dFDE skipped.
2026-05-24 15:15:57,601 - WARNING - Duplicate entry for customer_id 38e7CFf07892bD4 skipped.
2026-05-24 15:15:57,602 - WARNING - Duplicate entry for customer_id EF82a88b39ca3a8 skipped.
2026-05-24 15:15:57,602 - WARNING - Duplicate entry for customer_id 612FeF4eF2faD8A skipped.
2026-05-24 15:15:57,602 - WARNING - Duplicate entry for customer_id Fe5dDa1b7B3c7EB skipped.
2026-05-24 15:15:57,602 - WARNING - Duplicate entry for customer_id bb94A4cdAD16B0E skipped.
2026-05-24 15:15:57,602 - WARNING - Duplicate entry for customer_id 4E100fFA492E3fC skipped.
2026-05-24 15:15:57,602 - WARNING - Duplicate entry for customer_id f3D6d3A26eBFFAb skipped.
2026-05-24 15:15:57,603 - WARNING - Duplicate entry for customer_id 1C6C7B3e2617b55 skipped.
2026-05-24 15:15:57,603 - WARNING - Duplicate entry for customer_id 95F882c8ebf0cc3 skipped.
2026-05-24 15:15:57,603 - WARNING - Duplicate entry for customer_id 0DBfcB30c0D3EdC skipped.
2026-05-24 15:15:57,603 - WARNING - Duplicate entry for customer_id DbeFFa6cBE0f44a skipped.
2026-05-24 15:15:57,603 - WARNING - Duplicate entry for customer_id DEA5834A1ba5E7D skipped.
2026-05-24 15:15:57,603 - WARNING - Duplicate entry for customer_id 4b19DFf62a7Be0d skipped.
2026-05-24 15:15:57,604 - WARNING - Duplicate entry for customer_id B6FCA2Bf61a19CF skipped.
2026-05-24 15:15:57,604 - WARNING - Duplicate entry for customer_id 0b142ce72bf8AF8 skipped.
2026-05-24 15:15:57,604 - WARNING - Duplicate entry for customer_id A1Dd925888dCbEd skipped.
2026-05-24 15:15:57,604 - WARNING - Duplicate entry for customer_id 37778daaFD41EC4 skipped.
2026-05-24 15:15:57,604 - WARNING - Duplicate entry for customer_id 81FA5D97d96Fc6c skipped.
2026-05-24 15:15:57,604 - WARNING - Duplicate entry for customer_id B64Cde5cCE8f8D3 skipped.
2026-05-24 15:15:57,605 - WARNING - Duplicate entry for customer_id f0cd5Ad2B149F82 skipped.
2026-05-24 15:15:57,605 - WARNING - Duplicate entry for customer_id 8bd2A3b426e5851 skipped.
2026-05-24 15:15:57,605 - WARNING - Duplicate entry for customer_id 573F08aC80974Ce skipped.
2026-05-24 15:15:57,605 - WARNING - Duplicate entry for customer_id 71628DEb7dEBEF3 skipped.
2026-05-24 15:15:57,605 - WARNING - Duplicate entry for customer_id f232E2E9af95a1d skipped.
2026-05-24 15:15:57,605 - WARNING - Duplicate entry for customer_id 765daaEEECC07F4 skipped.
2026-05-24 15:15:57,606 - WARNING - Duplicate entry for customer_id 08a3cA5AcB14199 skipped.
2026-05-24 15:15:57,606 - WARNING - Duplicate entry for customer_id 7fEdb9Ec7af2d70 skipped.
2026-05-24 15:15:57,606 - WARNING - Duplicate entry for customer_id F4a4EC017A08De6 skipped.
2026-05-24 15:15:57,606 - WARNING - Duplicate entry for customer_id 7dafD51fecbF1f8 skipped.
2026-05-24 15:15:57,606 - WARNING - Duplicate entry for customer_id eDFfcd9AB07A33F skipped.
2026-05-24 15:15:57,606 - WARNING - Duplicate entry for customer_id 18E97f29B7B2df2 skipped.
2026-05-24 15:15:57,607 - WARNING - Duplicate entry for customer_id Ef37Ecb15BaC5D9 skipped.
2026-05-24 15:15:57,607 - WARNING - Duplicate entry for customer_id bD5A6B2EBdeEF95 skipped.
2026-05-24 15:15:57,607 - WARNING - Duplicate entry for customer_id db0d18D1374dBaC skipped.
2026-05-24 15:15:57,607 - WARNING - Duplicate entry for customer_id 7af6141EBcBCEda skipped.
2026-05-24 15:15:57,607 - WARNING - Duplicate entry for customer_id 4dDFBaA4e4bC29f skipped.
2026-05-24 15:15:57,607 - WARNING - Duplicate entry for customer_id ecd4a2f35fADc55 skipped.
2026-05-24 15:15:57,607 - WARNING - Duplicate entry for customer_id 36Bc0b09Fe542dC skipped.
2026-05-24 15:15:57,608 - WARNING - Duplicate entry for customer_id CeC40FA70a7CE35 skipped.
2026-05-24 15:15:57,608 - WARNING - Duplicate entry for customer_id AfBbac14dd9E5BD skipped.
2026-05-24 15:15:57,608 - WARNING - Duplicate entry for customer_id 74f512837b7F179 skipped.
2026-05-24 15:15:57,608 - WARNING - Duplicate entry for customer_id 5EbAB6F9a519dD5 skipped.
2026-05-24 15:15:57,608 - WARNING - Duplicate entry for customer_id E51a2f6ab11a5cf skipped.
2026-05-24 15:15:57,608 - WARNING - Duplicate entry for customer_id 2d6fccacB89Fc9a skipped.
2026-05-24 15:15:57,609 - WARNING - Duplicate entry for customer_id 42113293F4aEaAb skipped.
2026-05-24 15:15:57,609 - WARNING - Duplicate entry for customer_id D0db4FaD1ce14Ef skipped.
2026-05-24 15:15:57,609 - WARNING - Duplicate entry for customer_id C4d0ca467fCf58E skipped.
2026-05-24 15:15:57,609 - WARNING - Duplicate entry for customer_id Fc9d9497A53568a skipped.
2026-05-24 15:15:57,609 - WARNING - Duplicate entry for customer_id Aae9f03Bc2FC6F9 skipped.
2026-05-24 15:15:57,609 - WARNING - Duplicate entry for customer_id D5cA65aE99CF760 skipped.
2026-05-24 15:15:57,610 - WARNING - Duplicate entry for customer_id Ac021bD312b4Da8 skipped.
2026-05-24 15:15:57,610 - WARNING - Duplicate entry for customer_id 002c9A213Db0067 skipped.
2026-05-24 15:15:57,610 - WARNING - Duplicate entry for customer_id d5698dD6DD5624A skipped.
2026-05-24 15:15:57,610 - WARNING - Duplicate entry for customer_id AEECeE395D4F1B7 skipped.
2026-05-24 15:15:57,610 - WARNING - Duplicate entry for customer_id 8b6d8b16D0C3b24 skipped.
2026-05-24 15:15:57,610 - WARNING - Duplicate entry for customer_id 0Fdd59e7856db8f skipped.
2026-05-24 15:15:57,611 - WARNING - Duplicate entry for customer_id 7Cf4a2b0bdD4522 skipped.
2026-05-24 15:15:57,611 - WARNING - Duplicate entry for customer_id 52725aC4cFE8EE5 skipped.
2026-05-24 15:15:57,611 - WARNING - Duplicate entry for customer_id BE9daBEf6dCfD7C skipped.
2026-05-24 15:15:57,611 - WARNING - Duplicate entry for customer_id 84F1B290A0Fb1fc skipped.
2026-05-24 15:15:57,611 - WARNING - Duplicate entry for customer_id 1C1Dacf3d47eb8e skipped.
2026-05-24 15:15:57,611 - WARNING - Duplicate entry for customer_id a20F19CfE2aD0ca skipped.
2026-05-24 15:15:57,612 - WARNING - Duplicate entry for customer_id 7Af8fF9aF8A47C5 skipped.
2026-05-24 15:15:57,612 - WARNING - Duplicate entry for customer_id CFC6056BC2C3B0c skipped.
2026-05-24 15:15:57,612 - WARNING - Duplicate entry for customer_id Ae8C347aE0b3c5E skipped.
2026-05-24 15:15:57,612 - WARNING - Duplicate entry for customer_id 0EfcA43fbCdCDCC skipped.
2026-05-24 15:15:57,612 - WARNING - Duplicate entry for customer_id ffE8F5d071d1D48 skipped.
2026-05-24 15:15:57,612 - WARNING - Duplicate entry for customer_id 46fb14B9A0DEeeD skipped.
2026-05-24 15:15:57,613 - WARNING - Duplicate entry for customer_id 0274db23E8f20bd skipped.
2026-05-24 15:15:57,613 - WARNING - Duplicate entry for customer_id B56fCA985Bd5fC5 skipped.
2026-05-24 15:15:57,613 - WARNING - Duplicate entry for customer_id 2Cde1Ce64CeD4aF skipped.
2026-05-24 15:15:57,613 - WARNING - Duplicate entry for customer_id cB72F31ebEE5f76 skipped.
2026-05-24 15:15:57,613 - WARNING - Duplicate entry for customer_id cAEbCE6A6b23c32 skipped.
2026-05-24 15:15:57,613 - WARNING - Duplicate entry for customer_id 23d0d1CB661AE47 skipped.
2026-05-24 15:15:57,614 - WARNING - Duplicate entry for customer_id 6F3dE3F6dE0F8f0 skipped.
2026-05-24 15:15:57,614 - WARNING - Duplicate entry for customer_id e3eDEACd48Eb36A skipped.
2026-05-24 15:15:57,614 - WARNING - Duplicate entry for customer_id 0C18158818033b1 skipped.
2026-05-24 15:15:57,614 - WARNING - Duplicate entry for customer_id 6f4b0e8ef9ee1fF skipped.
2026-05-24 15:15:57,614 - WARNING - Duplicate entry for customer_id Fe7e4bb1CB8EEF9 skipped.
2026-05-24 15:15:57,614 - WARNING - Duplicate entry for customer_id d291Dd7bAC89dC1 skipped.
2026-05-24 15:15:57,615 - WARNING - Duplicate entry for customer_id 52C9b5E837d2EfE skipped.
2026-05-24 15:15:57,615 - WARNING - Duplicate entry for customer_id 20D4eB7Cf91Ff0B skipped.
2026-05-24 15:15:57,615 - WARNING - Duplicate entry for customer_id BAFdDdf03E7560e skipped.
2026-05-24 15:15:57,615 - WARNING - Duplicate entry for customer_id f0daf364d8fC752 skipped.
2026-05-24 15:15:57,615 - WARNING - Duplicate entry for customer_id A7d0eb4f6Bb890f skipped.
2026-05-24 15:15:57,615 - WARNING - Duplicate entry for customer_id Ae9Cd0e71d62d03 skipped.
2026-05-24 15:15:57,616 - WARNING - Duplicate entry for customer_id B8Fdde1a5d41fF3 skipped.
2026-05-24 15:15:57,616 - WARNING - Duplicate entry for customer_id a807843FaFA5C15 skipped.
2026-05-24 15:15:57,616 - WARNING - Duplicate entry for customer_id D39B2f3649fA9dF skipped.
2026-05-24 15:15:57,616 - WARNING - Duplicate entry for customer_id 09193dD798CFB29 skipped.
2026-05-24 15:15:57,616 - WARNING - Duplicate entry for customer_id 3bD1F8c48B36CDa skipped.
2026-05-24 15:15:57,616 - WARNING - Duplicate entry for customer_id 2420Ef1d4C72c29 skipped.
2026-05-24 15:15:57,617 - WARNING - Duplicate entry for customer_id F6F275AfDfb5eF6 skipped.
2026-05-24 15:15:57,617 - WARNING - Duplicate entry for customer_id FE61cAD2efceeAa skipped.
2026-05-24 15:15:57,617 - WARNING - Duplicate entry for customer_id eBE184BCd649Bcf skipped.
2026-05-24 15:15:57,617 - WARNING - Duplicate entry for customer_id ACf20DbBECE71D1 skipped.
2026-05-24 15:15:57,617 - WARNING - Duplicate entry for customer_id 72D47bcC2bbAA9d skipped.
2026-05-24 15:15:57,617 - WARNING - Duplicate entry for customer_id 4AD57F8c4B26e0d skipped.
2026-05-24 15:15:57,618 - WARNING - Duplicate entry for customer_id 2BfbC3b46ACf9f5 skipped.
2026-05-24 15:15:57,618 - WARNING - Duplicate entry for customer_id 66C4aAA315fEFa2 skipped.
2026-05-24 15:15:57,618 - WARNING - Duplicate entry for customer_id 9FF418832B9D63E skipped.
2026-05-24 15:15:57,618 - WARNING - Duplicate entry for customer_id a9E42BCDBa2Cd83 skipped.
2026-05-24 15:15:57,618 - WARNING - Duplicate entry for customer_id 079DE71dEE3AFFb skipped.
2026-05-24 15:15:57,618 - WARNING - Duplicate entry for customer_id CC499DaFEDdD3b8 skipped.
2026-05-24 15:15:57,619 - WARNING - Duplicate entry for customer_id abC0f3FEb576DFA skipped.
2026-05-24 15:15:57,619 - WARNING - Duplicate entry for customer_id 2b6221ca8A40B98 skipped.
2026-05-24 15:15:57,619 - WARNING - Duplicate entry for customer_id 7c5a7CeFA99bd34 skipped.
2026-05-24 15:15:57,619 - WARNING - Duplicate entry for customer_id 90F1B3e4df1a842 skipped.
2026-05-24 15:15:57,619 - WARNING - Duplicate entry for customer_id e92cB5ed6CAADf7 skipped.
2026-05-24 15:15:57,619 - WARNING - Duplicate entry for customer_id 5FDFdB02Df1a7Ca skipped.
2026-05-24 15:15:57,620 - WARNING - Duplicate entry for customer_id 4aA88FE64a6c1f6 skipped.
2026-05-24 15:15:57,620 - WARNING - Duplicate entry for customer_id 77DCBC5D6aba4CB skipped.
2026-05-24 15:15:57,620 - WARNING - Duplicate entry for customer_id F02fBDABc21Cdc3 skipped.
2026-05-24 15:15:57,620 - WARNING - Duplicate entry for customer_id e4BD1EDbA0ecBEC skipped.
2026-05-24 15:15:57,620 - WARNING - Duplicate entry for customer_id FA5eC394A3EbD31 skipped.
2026-05-24 15:15:57,620 - WARNING - Duplicate entry for customer_id 6C99B9dACFaA5D3 skipped.
2026-05-24 15:15:57,621 - WARNING - Duplicate entry for customer_id 2dF8514Ea0Cfc1D skipped.
2026-05-24 15:15:57,621 - WARNING - Duplicate entry for customer_id dc1A7c225E1Da1C skipped.
2026-05-24 15:15:57,621 - WARNING - Duplicate entry for customer_id A73AFAd83b81E73 skipped.
2026-05-24 15:15:57,621 - WARNING - Duplicate entry for customer_id cDBe5cFdbB3Ae4F skipped.
2026-05-24 15:15:57,621 - WARNING - Duplicate entry for customer_id EFAbeA7ac6B6BB3 skipped.
2026-05-24 15:15:57,621 - WARNING - Duplicate entry for customer_id 6af3BfF9eb61f80 skipped.
2026-05-24 15:15:57,621 - WARNING - Duplicate entry for customer_id E72F96eAffCfebA skipped.
2026-05-24 15:15:57,622 - WARNING - Duplicate entry for customer_id cdbf992db6BE7Ec skipped.
2026-05-24 15:15:57,622 - WARNING - Duplicate entry for customer_id A29Fd2CbDfEBdF0 skipped.
2026-05-24 15:15:57,622 - WARNING - Duplicate entry for customer_id af2D2C5b68fFb83 skipped.
2026-05-24 15:15:57,622 - WARNING - Duplicate entry for customer_id 90ddbC31FeE6Cd2 skipped.
2026-05-24 15:15:57,622 - WARNING - Duplicate entry for customer_id B480754c5Be9fD2 skipped.
2026-05-24 15:15:57,622 - WARNING - Duplicate entry for customer_id d24a6DdAD1FD742 skipped.
2026-05-24 15:15:57,623 - WARNING - Duplicate entry for customer_id 1B3ce68C7522dab skipped.
2026-05-24 15:15:57,623 - WARNING - Duplicate entry for customer_id 53d3cC4E7e029bB skipped.
2026-05-24 15:15:57,623 - WARNING - Duplicate entry for customer_id 90f5af7C2cBDe94 skipped.
2026-05-24 15:15:57,623 - WARNING - Duplicate entry for customer_id a5B335e09dFcA76 skipped.
2026-05-24 15:15:57,623 - WARNING - Duplicate entry for customer_id eB21Bf50Cee268E skipped.
2026-05-24 15:15:57,623 - WARNING - Duplicate entry for customer_id 4289fe97718be15 skipped.
2026-05-24 15:15:57,624 - WARNING - Duplicate entry for customer_id 4Bb1D5D38Fd23FD skipped.
2026-05-24 15:15:57,624 - WARNING - Duplicate entry for customer_id 11ffb40267Db802 skipped.
2026-05-24 15:15:57,624 - WARNING - Duplicate entry for customer_id BCcebE096E2329B skipped.
2026-05-24 15:15:57,624 - WARNING - Duplicate entry for customer_id bc41735a1b5cBBB skipped.
2026-05-24 15:15:57,624 - WARNING - Duplicate entry for customer_id 31FAbECce962766 skipped.
2026-05-24 15:15:57,624 - WARNING - Duplicate entry for customer_id B8B1EdbbbF08c2c skipped.
2026-05-24 15:15:57,625 - WARNING - Duplicate entry for customer_id aD0CaDFf8b23B92 skipped.
2026-05-24 15:15:57,625 - WARNING - Duplicate entry for customer_id 77eb3D79aE7FFB3 skipped.
2026-05-24 15:15:57,625 - WARNING - Duplicate entry for customer_id 1f1c661cF5Fa2cA skipped.
2026-05-24 15:15:57,625 - WARNING - Duplicate entry for customer_id 12b349ebc8c41Fa skipped.
2026-05-24 15:15:57,625 - WARNING - Duplicate entry for customer_id 8FdAcADb8bD362C skipped.
2026-05-24 15:15:57,625 - WARNING - Duplicate entry for customer_id bbb16Bf455CeC9f skipped.
2026-05-24 15:15:57,626 - WARNING - Duplicate entry for customer_id B4BEf2a9E3ff02B skipped.
2026-05-24 15:15:57,626 - WARNING - Duplicate entry for customer_id fEa0051a1EA238A skipped.
2026-05-24 15:15:57,626 - WARNING - Duplicate entry for customer_id c1803aA7dBF4fA6 skipped.
2026-05-24 15:15:57,626 - WARNING - Duplicate entry for customer_id aC2BdC8A1093b60 skipped.
2026-05-24 15:15:57,626 - WARNING - Duplicate entry for customer_id E9DDfBc16fA07b8 skipped.
2026-05-24 15:15:57,626 - WARNING - Duplicate entry for customer_id 223fD1E2b32101D skipped.
2026-05-24 15:15:57,627 - WARNING - Duplicate entry for customer_id 62aEeB2EA3CD9E9 skipped.
2026-05-24 15:15:57,627 - WARNING - Duplicate entry for customer_id fE82a9493bcA35B skipped.
2026-05-24 15:15:57,627 - WARNING - Duplicate entry for customer_id 7A671fbBAb661E6 skipped.
2026-05-24 15:15:57,627 - WARNING - Duplicate entry for customer_id 684befCF02AeFf7 skipped.
2026-05-24 15:15:57,627 - WARNING - Duplicate entry for customer_id 7CEc10576a8127e skipped.
2026-05-24 15:15:57,627 - WARNING - Duplicate entry for customer_id F2A5E6Baad44E89 skipped.
2026-05-24 15:15:57,627 - WARNING - Duplicate entry for customer_id 34aC4746EfbD7cb skipped.
2026-05-24 15:15:57,628 - WARNING - Duplicate entry for customer_id EDA3D13E1858dF5 skipped.
2026-05-24 15:15:57,628 - WARNING - Duplicate entry for customer_id dc0aC8C1d81AAaA skipped.
2026-05-24 15:15:57,628 - WARNING - Duplicate entry for customer_id 9a30Bfd62Ab7BC2 skipped.
2026-05-24 15:15:57,628 - WARNING - Duplicate entry for customer_id Dc8DF1FB64E24C8 skipped.
2026-05-24 15:15:57,628 - WARNING - Duplicate entry for customer_id C4d519Dfb0DA5c7 skipped.
2026-05-24 15:15:57,628 - WARNING - Duplicate entry for customer_id Db4B1F86Ee2fD65 skipped.
2026-05-24 15:15:57,629 - WARNING - Duplicate entry for customer_id 271dffEbDb9f816 skipped.
2026-05-24 15:15:57,629 - WARNING - Duplicate entry for customer_id FA6a1B1Fc04B8EE skipped.
2026-05-24 15:15:57,629 - WARNING - Duplicate entry for customer_id FE4C2A12696Da3F skipped.
2026-05-24 15:15:57,629 - WARNING - Duplicate entry for customer_id 3dDfaA2327886E9 skipped.
2026-05-24 15:15:57,629 - WARNING - Duplicate entry for customer_id BD1deD31a3aA0DE skipped.
2026-05-24 15:15:57,629 - WARNING - Duplicate entry for customer_id 0c51e11999e0AFd skipped.
2026-05-24 15:15:57,630 - WARNING - Duplicate entry for customer_id D587E5CF497946C skipped.
2026-05-24 15:15:57,630 - WARNING - Duplicate entry for customer_id afC5fBDC4FFFE8f skipped.
2026-05-24 15:15:57,630 - WARNING - Duplicate entry for customer_id 5fE0D8439cF1ADa skipped.
2026-05-24 15:15:57,630 - WARNING - Duplicate entry for customer_id 06e8FD29ea896Aa skipped.
2026-05-24 15:15:57,630 - WARNING - Duplicate entry for customer_id A7bdD273350e6C9 skipped.
2026-05-24 15:15:57,630 - WARNING - Duplicate entry for customer_id adAA90eC2d4D59A skipped.
2026-05-24 15:15:57,631 - WARNING - Duplicate entry for customer_id 4A231C5DceB9739 skipped.
2026-05-24 15:15:57,631 - WARNING - Duplicate entry for customer_id 1aeE81d4dD1C47d skipped.
2026-05-24 15:15:57,631 - WARNING - Duplicate entry for customer_id 10F81cEE6065efd skipped.
2026-05-24 15:15:57,631 - WARNING - Duplicate entry for customer_id 8d2Fea5a6AdC2bA skipped.
2026-05-24 15:15:57,631 - WARNING - Duplicate entry for customer_id 0c513bE2Ef3E658 skipped.
2026-05-24 15:15:57,631 - WARNING - Duplicate entry for customer_id bBEEd0afFa68EDa skipped.
2026-05-24 15:15:57,632 - WARNING - Duplicate entry for customer_id 6140fD9b8bEf5da skipped.
2026-05-24 15:15:57,632 - WARNING - Duplicate entry for customer_id 7c71384AabBEd7a skipped.
2026-05-24 15:15:57,632 - WARNING - Duplicate entry for customer_id a5cAAaeD7Bc74Ba skipped.
2026-05-24 15:15:57,632 - WARNING - Duplicate entry for customer_id Accc1dd8fafEbfA skipped.
2026-05-24 15:15:57,632 - WARNING - Duplicate entry for customer_id 78B0329Ce7DeDea skipped.
2026-05-24 15:15:57,632 - WARNING - Duplicate entry for customer_id 724a0B2081Bf67B skipped.
2026-05-24 15:15:57,633 - WARNING - Duplicate entry for customer_id 064ae539Cc1BA9C skipped.
2026-05-24 15:15:57,633 - WARNING - Duplicate entry for customer_id AD06dc859BACdBC skipped.
2026-05-24 15:15:57,633 - WARNING - Duplicate entry for customer_id 5aDDF9dF3CD1E1b skipped.
2026-05-24 15:15:57,633 - WARNING - Duplicate entry for customer_id 2ae4f6e677f1FEF skipped.
2026-05-24 15:15:57,633 - WARNING - Duplicate entry for customer_id F05cA3cFf1Ed285 skipped.
2026-05-24 15:15:57,633 - WARNING - Duplicate entry for customer_id 9a7Cbd5055ceB62 skipped.
2026-05-24 15:15:57,634 - WARNING - Duplicate entry for customer_id DcA3aBa0cEF4342 skipped.
2026-05-24 15:15:57,634 - WARNING - Duplicate entry for customer_id cEAcd7EB0dF56B7 skipped.
2026-05-24 15:15:57,634 - WARNING - Duplicate entry for customer_id Dbff2b9BD9220BC skipped.
2026-05-24 15:15:57,634 - WARNING - Duplicate entry for customer_id 89A9A525b79da34 skipped.
2026-05-24 15:15:57,634 - WARNING - Duplicate entry for customer_id 1af73b0bE86AeeF skipped.
2026-05-24 15:15:57,634 - WARNING - Duplicate entry for customer_id 8054ECF4eF1CeF2 skipped.
2026-05-24 15:15:57,635 - WARNING - Duplicate entry for customer_id 26E14acEb9c3dE4 skipped.
2026-05-24 15:15:57,635 - WARNING - Duplicate entry for customer_id D4Aa5659f26c836 skipped.
2026-05-24 15:15:57,635 - WARNING - Duplicate entry for customer_id 53a3B3aA7e63a0F skipped.
2026-05-24 15:15:57,635 - WARNING - Duplicate entry for customer_id 0ddacBAAcFA4C2f skipped.
2026-05-24 15:15:57,635 - WARNING - Duplicate entry for customer_id dfAFEdCbf5D7ce4 skipped.
2026-05-24 15:15:57,635 - WARNING - Duplicate entry for customer_id 590a7D15caCe9eD skipped.
2026-05-24 15:15:57,636 - WARNING - Duplicate entry for customer_id 8deC6E8057ABfE9 skipped.
2026-05-24 15:15:57,636 - WARNING - Duplicate entry for customer_id 4aC6cE57Dc887bE skipped.
2026-05-24 15:15:57,636 - WARNING - Duplicate entry for customer_id E9a689c736ef033 skipped.
2026-05-24 15:15:57,636 - WARNING - Duplicate entry for customer_id F82b6FDf077E8c7 skipped.
2026-05-24 15:15:57,636 - WARNING - Duplicate entry for customer_id 0BCe8B6CCbdF701 skipped.
2026-05-24 15:15:57,636 - WARNING - Duplicate entry for customer_id 3d4AEe4F87bccd1 skipped.
2026-05-24 15:15:57,637 - WARNING - Duplicate entry for customer_id 2Ba8B54fb7a9cDB skipped.
2026-05-24 15:15:57,637 - WARNING - Duplicate entry for customer_id 57D3fEC7aAeCEDc skipped.
2026-05-24 15:15:57,637 - WARNING - Duplicate entry for customer_id E0BD8d8E73348Ba skipped.
2026-05-24 15:15:57,637 - WARNING - Duplicate entry for customer_id 05CeeD0bFdFf4Ef skipped.
2026-05-24 15:15:57,637 - WARNING - Duplicate entry for customer_id Ba74a4190Ea89fD skipped.
2026-05-24 15:15:57,637 - WARNING - Duplicate entry for customer_id 1fBDc535F57Cd32 skipped.
2026-05-24 15:15:57,638 - WARNING - Duplicate entry for customer_id aAba4dc4C0AA9dc skipped.
2026-05-24 15:15:57,638 - WARNING - Duplicate entry for customer_id ab25b3a4dACFB72 skipped.
2026-05-24 15:15:57,638 - WARNING - Duplicate entry for customer_id 9dc1CBC08CD5fFc skipped.
2026-05-24 15:15:57,638 - WARNING - Duplicate entry for customer_id 9a100203128534C skipped.
2026-05-24 15:15:57,638 - WARNING - Duplicate entry for customer_id 4A1ff961e9Dc6aA skipped.
2026-05-24 15:15:57,638 - WARNING - Duplicate entry for customer_id D5E2D45D2b42BFF skipped.
2026-05-24 15:15:57,638 - WARNING - Duplicate entry for customer_id 7d4B6DA49e3D315 skipped.
2026-05-24 15:15:57,639 - WARNING - Duplicate entry for customer_id e82B74D5DD08Eda skipped.
2026-05-24 15:15:57,639 - WARNING - Duplicate entry for customer_id d0D239b1D4FFC05 skipped.
2026-05-24 15:15:57,639 - WARNING - Duplicate entry for customer_id d1335FA9C3F7deE skipped.
2026-05-24 15:15:57,639 - WARNING - Duplicate entry for customer_id CC6DEE7BAfA2b0C skipped.
2026-05-24 15:15:57,639 - WARNING - Duplicate entry for customer_id 3E5fe1dB04d9d64 skipped.
2026-05-24 15:15:57,639 - WARNING - Duplicate entry for customer_id F5F0d6B7dBEc22E skipped.
2026-05-24 15:15:57,640 - WARNING - Duplicate entry for customer_id 8afAf9c570aBeE7 skipped.
2026-05-24 15:15:57,640 - WARNING - Duplicate entry for customer_id 3Fe2CbaE30bdF77 skipped.
2026-05-24 15:15:57,640 - WARNING - Duplicate entry for customer_id 7bEBEE4079e5ABb skipped.
2026-05-24 15:15:57,640 - WARNING - Duplicate entry for customer_id fcb32CfCCaE054C skipped.
2026-05-24 15:15:57,640 - WARNING - Duplicate entry for customer_id DcEbb7E5B6CAcB6 skipped.
2026-05-24 15:15:57,640 - WARNING - Duplicate entry for customer_id 48d073fdcFBcbBE skipped.
2026-05-24 15:15:57,641 - WARNING - Duplicate entry for customer_id 806DBC6fcaF0E9D skipped.
2026-05-24 15:15:57,641 - WARNING - Duplicate entry for customer_id 5CAC1538292a55D skipped.
2026-05-24 15:15:57,641 - WARNING - Duplicate entry for customer_id 690D995dAF9f4c4 skipped.
2026-05-24 15:15:57,641 - WARNING - Duplicate entry for customer_id a90DaCCBF50263f skipped.
2026-05-24 15:15:57,641 - WARNING - Duplicate entry for customer_id FCe3d4F91F1f9cF skipped.
2026-05-24 15:15:57,641 - WARNING - Duplicate entry for customer_id fc326c8DcEC2EcD skipped.
2026-05-24 15:15:57,642 - WARNING - Duplicate entry for customer_id d268cFcCA1f1ffA skipped.
2026-05-24 15:15:57,642 - WARNING - Duplicate entry for customer_id 45e85eD91DE9cFb skipped.
2026-05-24 15:15:57,642 - WARNING - Duplicate entry for customer_id a5C40E07EBd3875 skipped.
2026-05-24 15:15:57,642 - WARNING - Duplicate entry for customer_id 40e1B08BeD056A3 skipped.
2026-05-24 15:15:57,642 - WARNING - Duplicate entry for customer_id c9c2C2AEc9caD3a skipped.
2026-05-24 15:15:57,642 - WARNING - Duplicate entry for customer_id a633a7f3C9B5Dc6 skipped.
2026-05-24 15:15:57,643 - WARNING - Duplicate entry for customer_id 5162a6aE402a0c6 skipped.
2026-05-24 15:15:57,643 - WARNING - Duplicate entry for customer_id DDbFba721AC7d3d skipped.
2026-05-24 15:15:57,643 - WARNING - Duplicate entry for customer_id 86adca7aC49faC8 skipped.
2026-05-24 15:15:57,643 - WARNING - Duplicate entry for customer_id AFfCe84Edb17adc skipped.
2026-05-24 15:15:57,643 - WARNING - Duplicate entry for customer_id e5Fd9db6dF905EF skipped.
2026-05-24 15:15:57,643 - WARNING - Duplicate entry for customer_id 8e1C3eFE6EB28A5 skipped.
2026-05-24 15:15:57,643 - WARNING - Duplicate entry for customer_id 4357eFC7FB4439C skipped.
2026-05-24 15:15:57,644 - WARNING - Duplicate entry for customer_id f9bAA2FC2A7e0eA skipped.
2026-05-24 15:15:57,644 - WARNING - Duplicate entry for customer_id d0EDae6aC12133F skipped.
2026-05-24 15:15:57,644 - WARNING - Duplicate entry for customer_id 8B4cDEf8Fc9EA89 skipped.
2026-05-24 15:15:57,644 - WARNING - Duplicate entry for customer_id 8dB73bC702FeAbc skipped.
2026-05-24 15:15:57,644 - WARNING - Duplicate entry for customer_id 418Cc64f9d2b3B6 skipped.
2026-05-24 15:15:57,644 - WARNING - Duplicate entry for customer_id 344A16A0C7feBCf skipped.
2026-05-24 15:15:57,645 - WARNING - Duplicate entry for customer_id A8c388CC47DcF22 skipped.
2026-05-24 15:15:57,645 - WARNING - Duplicate entry for customer_id DBFCf4ef29d36d3 skipped.
2026-05-24 15:15:57,645 - WARNING - Duplicate entry for customer_id b29BB98128A42eb skipped.
2026-05-24 15:15:57,645 - WARNING - Duplicate entry for customer_id 0Bb3cBf4c51Bdd6 skipped.
2026-05-24 15:15:57,645 - WARNING - Duplicate entry for customer_id 241B20c8a30746b skipped.
2026-05-24 15:15:57,645 - WARNING - Duplicate entry for customer_id aA5c0F4dedefEf2 skipped.
2026-05-24 15:15:57,646 - WARNING - Duplicate entry for customer_id d6cfDDFe3fd72CE skipped.
2026-05-24 15:15:57,646 - WARNING - Duplicate entry for customer_id D8F2ccd0f4bEceA skipped.
2026-05-24 15:15:57,646 - WARNING - Duplicate entry for customer_id 753E24365A51CAC skipped.
2026-05-24 15:15:57,646 - WARNING - Duplicate entry for customer_id F7DFD12cDbe29Ec skipped.
2026-05-24 15:15:57,646 - WARNING - Duplicate entry for customer_id eed3Be5e7A62DEF skipped.
2026-05-24 15:15:57,646 - WARNING - Duplicate entry for customer_id eBFbD846CcAE6bc skipped.
2026-05-24 15:15:57,647 - WARNING - Duplicate entry for customer_id 6e8f4DDbab9c73f skipped.
2026-05-24 15:15:57,647 - WARNING - Duplicate entry for customer_id 3ecf04b7DBFCBD6 skipped.
2026-05-24 15:15:57,647 - WARNING - Duplicate entry for customer_id a3E9d65eaB46Ac9 skipped.
2026-05-24 15:15:57,647 - WARNING - Duplicate entry for customer_id 220d9fFC0d86592 skipped.
2026-05-24 15:15:57,647 - WARNING - Duplicate entry for customer_id 53B031B713b45aC skipped.
2026-05-24 15:15:57,647 - WARNING - Duplicate entry for customer_id 6c59A2C1eF89B3B skipped.
2026-05-24 15:15:57,648 - WARNING - Duplicate entry for customer_id C5a46C5E57D2a4F skipped.
2026-05-24 15:15:57,648 - WARNING - Duplicate entry for customer_id eccfaf82F414BFb skipped.
2026-05-24 15:15:57,648 - WARNING - Duplicate entry for customer_id dBBAff2e0aCCdF9 skipped.
2026-05-24 15:15:57,648 - WARNING - Duplicate entry for customer_id cFA09AcDD9F8c33 skipped.
2026-05-24 15:15:57,648 - WARNING - Duplicate entry for customer_id E41Ac1BB8A764dC skipped.
2026-05-24 15:15:57,648 - WARNING - Duplicate entry for customer_id dEABaFeF51dc23F skipped.
2026-05-24 15:15:57,649 - WARNING - Duplicate entry for customer_id E4efFE26A13a5AB skipped.
2026-05-24 15:15:57,649 - WARNING - Duplicate entry for customer_id 13fFEAfb9f4DabD skipped.
2026-05-24 15:15:57,649 - WARNING - Duplicate entry for customer_id 4c8844EB97f0e75 skipped.
2026-05-24 15:15:57,649 - WARNING - Duplicate entry for customer_id 5EE87b91F488bEF skipped.
2026-05-24 15:15:57,649 - WARNING - Duplicate entry for customer_id 2fa651E2e475327 skipped.
2026-05-24 15:15:57,649 - WARNING - Duplicate entry for customer_id 3F268B8b63a7Ee1 skipped.
2026-05-24 15:15:57,650 - WARNING - Duplicate entry for customer_id A5e1e33Ca19a55a skipped.
2026-05-24 15:15:57,650 - WARNING - Duplicate entry for customer_id daC7B2Ba7659be3 skipped.
2026-05-24 15:15:57,650 - WARNING - Duplicate entry for customer_id F83cA67fFd871a5 skipped.
2026-05-24 15:15:57,650 - WARNING - Duplicate entry for customer_id B1BF2A6fe2fCb01 skipped.
2026-05-24 15:15:57,650 - WARNING - Duplicate entry for customer_id 1B3be3D5fB55bb6 skipped.
2026-05-24 15:15:57,650 - WARNING - Duplicate entry for customer_id a9feB7dCD2FFd4e skipped.
2026-05-24 15:15:57,651 - WARNING - Duplicate entry for customer_id 43fe2d321B8C7B0 skipped.
2026-05-24 15:15:57,651 - WARNING - Duplicate entry for customer_id bDfBAf9bbE8c03B skipped.
2026-05-24 15:15:57,651 - WARNING - Duplicate entry for customer_id cfC46fCFF88DaF9 skipped.
2026-05-24 15:15:57,651 - WARNING - Duplicate entry for customer_id 27cAAd4e0DD5598 skipped.
2026-05-24 15:15:57,651 - WARNING - Duplicate entry for customer_id 48aACDdf7EECADe skipped.
2026-05-24 15:15:57,651 - WARNING - Duplicate entry for customer_id b8ef0f40D818b8D skipped.
2026-05-24 15:15:57,652 - WARNING - Duplicate entry for customer_id dCAEa0C51c5BC79 skipped.
2026-05-24 15:15:57,652 - WARNING - Duplicate entry for customer_id dc9c71CeFaCBfc7 skipped.
2026-05-24 15:15:57,652 - WARNING - Duplicate entry for customer_id 0E73a97E694aA57 skipped.
2026-05-24 15:15:57,652 - WARNING - Duplicate entry for customer_id a59571eD1ebab1B skipped.
2026-05-24 15:15:57,652 - WARNING - Duplicate entry for customer_id B8F7cfC1d62b18a skipped.
2026-05-24 15:15:57,652 - WARNING - Duplicate entry for customer_id b24e1FB162012BE skipped.
2026-05-24 15:15:57,653 - WARNING - Duplicate entry for customer_id d5c6BC7C1dc0FAf skipped.
2026-05-24 15:15:57,653 - WARNING - Duplicate entry for customer_id 511aEB7e064eBe7 skipped.
2026-05-24 15:15:57,653 - WARNING - Duplicate entry for customer_id 6e4bf2f463Dbac6 skipped.
2026-05-24 15:15:57,653 - WARNING - Duplicate entry for customer_id abCf34aEAe47beD skipped.
2026-05-24 15:15:57,653 - WARNING - Duplicate entry for customer_id Bac32EfAEEEbbB2 skipped.
2026-05-24 15:15:57,653 - WARNING - Duplicate entry for customer_id F2DB5BF7E37e69E skipped.
2026-05-24 15:15:57,654 - WARNING - Duplicate entry for customer_id 33AfECB93C9572B skipped.
2026-05-24 15:15:57,654 - WARNING - Duplicate entry for customer_id 16D51395c3EBE0e skipped.
2026-05-24 15:15:57,654 - WARNING - Duplicate entry for customer_id F9F39Bfe4f410fB skipped.
2026-05-24 15:15:57,654 - WARNING - Duplicate entry for customer_id Ed05E52c79AD1F2 skipped.
2026-05-24 15:15:57,654 - WARNING - Duplicate entry for customer_id d2f7Eb743D22D4E skipped.
2026-05-24 15:15:57,654 - WARNING - Duplicate entry for customer_id 8Ac01DF5f9Fc86E skipped.
2026-05-24 15:15:57,654 - WARNING - Duplicate entry for customer_id B514ed4fE9823f9 skipped.
2026-05-24 15:15:57,655 - WARNING - Duplicate entry for customer_id 347Bfe8615fF804 skipped.
2026-05-24 15:15:57,655 - WARNING - Duplicate entry for customer_id 2141FBB77A7D2E6 skipped.
2026-05-24 15:15:57,655 - WARNING - Duplicate entry for customer_id 637675c8c0BA49e skipped.
2026-05-24 15:15:57,655 - WARNING - Duplicate entry for customer_id B44fd0024F9F853 skipped.
2026-05-24 15:15:57,655 - WARNING - Duplicate entry for customer_id 1dFa2Ae2BA1c6b7 skipped.
2026-05-24 15:15:57,655 - WARNING - Duplicate entry for customer_id cEb0837433A348b skipped.
2026-05-24 15:15:57,656 - WARNING - Duplicate entry for customer_id Ff2d5a11Cc04713 skipped.
2026-05-24 15:15:57,656 - WARNING - Duplicate entry for customer_id fDeEA94e308E40B skipped.
2026-05-24 15:15:57,656 - WARNING - Duplicate entry for customer_id e847e7A59d5b79C skipped.
2026-05-24 15:15:57,656 - WARNING - Duplicate entry for customer_id e9d6Dbc37c7FEca skipped.
2026-05-24 15:15:57,656 - WARNING - Duplicate entry for customer_id e4D86CB5ED2a7c6 skipped.
2026-05-24 15:15:57,656 - WARNING - Duplicate entry for customer_id bafc42A5bdEdcCB skipped.
2026-05-24 15:15:57,657 - WARNING - Duplicate entry for customer_id 10f6fe41F7f714c skipped.
2026-05-24 15:15:57,657 - WARNING - Duplicate entry for customer_id d9f860f54bF823e skipped.
2026-05-24 15:15:57,657 - WARNING - Duplicate entry for customer_id aB56cEcDBa37C34 skipped.
2026-05-24 15:15:57,657 - WARNING - Duplicate entry for customer_id b87FD93cE2b0D61 skipped.
2026-05-24 15:15:57,657 - WARNING - Duplicate entry for customer_id 0DC07FbBC85ac2C skipped.
2026-05-24 15:15:57,657 - WARNING - Duplicate entry for customer_id c9c09BdD3c9de1a skipped.
2026-05-24 15:15:57,658 - WARNING - Duplicate entry for customer_id FbcCaF483aFaFAE skipped.
2026-05-24 15:15:57,658 - WARNING - Duplicate entry for customer_id 979c4D58Ae9a9cc skipped.
2026-05-24 15:15:57,658 - WARNING - Duplicate entry for customer_id D0DcF6a4BcefCc8 skipped.
2026-05-24 15:15:57,658 - WARNING - Duplicate entry for customer_id 90EE9CbbDa374E9 skipped.
2026-05-24 15:15:57,658 - WARNING - Duplicate entry for customer_id 51732B5b2328015 skipped.
2026-05-24 15:15:57,658 - INFO - Successfully loaded 0 rows and skipped 1000 duplicate rows.
2026-05-24 15:15:57,658 - INFO - ETL job completed: 0 rows inserted, 1000 duplicate rows skipped.
2026-05-24 15:16:43,015 - INFO - ETL pipeline loading started.
2026-05-24 15:16:43,047 - WARNING - Duplicate entry for customer_id dE014d010c7ab0c skipped.
2026-05-24 15:16:43,048 - WARNING - Duplicate entry for customer_id 2B54172c8b65eC3 skipped.
2026-05-24 15:16:43,048 - WARNING - Duplicate entry for customer_id d794Dd48988d2ac skipped.
2026-05-24 15:16:43,049 - WARNING - Duplicate entry for customer_id 3b3Aa4aCc68f3Be skipped.
2026-05-24 15:16:43,049 - WARNING - Duplicate entry for customer_id D60df62ad2ae41E skipped.
2026-05-24 15:16:43,050 - WARNING - Duplicate entry for customer_id 8aaa5d0CE9ee311 skipped.
2026-05-24 15:16:43,050 - WARNING - Duplicate entry for customer_id 73B22Ac8A43DD1A skipped.
2026-05-24 15:16:43,050 - WARNING - Duplicate entry for customer_id DC94CCd993D311b skipped.
2026-05-24 15:16:43,051 - WARNING - Duplicate entry for customer_id 9Ba746Cb790FED9 skipped.
2026-05-24 15:16:43,051 - WARNING - Duplicate entry for customer_id aAa1EDfaA70DA0c skipped.
2026-05-24 15:16:43,051 - WARNING - Duplicate entry for customer_id bf104C25d0BA4E1 skipped.
2026-05-24 15:16:43,052 - WARNING - Duplicate entry for customer_id bf2fA37cbAd7dDc skipped.
2026-05-24 15:16:43,052 - WARNING - Duplicate entry for customer_id 4fa8ffcdBbf53bB skipped.
2026-05-24 15:16:43,052 - WARNING - Duplicate entry for customer_id aBd960429ecd363 skipped.
2026-05-24 15:16:43,053 - WARNING - Duplicate entry for customer_id 2a0c691Ce19C6f3 skipped.
2026-05-24 15:16:43,053 - WARNING - Duplicate entry for customer_id B58fecf82f997Dd skipped.
2026-05-24 15:16:43,053 - WARNING - Duplicate entry for customer_id 41d0201DcF028b5 skipped.
2026-05-24 15:16:43,054 - WARNING - Duplicate entry for customer_id B1A1b09CD5C3b6a skipped.
2026-05-24 15:16:43,054 - WARNING - Duplicate entry for customer_id ba5a73D210dCcE4 skipped.
2026-05-24 15:16:43,054 - WARNING - Duplicate entry for customer_id F6cD561cecdfA6d skipped.
2026-05-24 15:16:43,055 - WARNING - Duplicate entry for customer_id dEb9310eec04a8D skipped.
2026-05-24 15:16:43,055 - WARNING - Duplicate entry for customer_id ed3894D6DE7F711 skipped.
2026-05-24 15:16:43,055 - WARNING - Duplicate entry for customer_id EFeFaC727F12CDF skipped.
2026-05-24 15:16:43,056 - WARNING - Duplicate entry for customer_id c5CB6C5bFB91fdC skipped.
2026-05-24 15:16:43,056 - WARNING - Duplicate entry for customer_id C30B3E82E8D89cC skipped.
2026-05-24 15:16:43,056 - WARNING - Duplicate entry for customer_id 3d7bE19696ea8Ff skipped.
2026-05-24 15:16:43,057 - WARNING - Duplicate entry for customer_id A093aA90fa014FE skipped.
2026-05-24 15:16:43,057 - WARNING - Duplicate entry for customer_id a470984c5dBfcC4 skipped.
2026-05-24 15:16:43,057 - WARNING - Duplicate entry for customer_id b1d4abfbCb67feE skipped.
2026-05-24 15:16:43,058 - WARNING - Duplicate entry for customer_id d667bCC84Ff45Bb skipped.
2026-05-24 15:16:43,058 - WARNING - Duplicate entry for customer_id Ccb07E00AFf32bA skipped.
2026-05-24 15:16:43,058 - WARNING - Duplicate entry for customer_id bd04F2A7BD4F730 skipped.
2026-05-24 15:16:43,059 - WARNING - Duplicate entry for customer_id f1157011c5eDbEB skipped.
2026-05-24 15:16:43,059 - WARNING - Duplicate entry for customer_id 7c4c673af703a09 skipped.
2026-05-24 15:16:43,059 - WARNING - Duplicate entry for customer_id E7D7e40Cf3A03a2 skipped.
2026-05-24 15:16:43,060 - WARNING - Duplicate entry for customer_id B98BacEebC40DBb skipped.
2026-05-24 15:16:43,060 - WARNING - Duplicate entry for customer_id d1c0dFab10a8383 skipped.
2026-05-24 15:16:43,060 - WARNING - Duplicate entry for customer_id f21D2faCa0760A8 skipped.
2026-05-24 15:16:43,060 - WARNING - Duplicate entry for customer_id 11F97CBDd2C8de9 skipped.
2026-05-24 15:16:43,061 - WARNING - Duplicate entry for customer_id BEBA4fDAA6C4adC skipped.
2026-05-24 15:16:43,061 - WARNING - Duplicate entry for customer_id 0F2E0b5850404A8 skipped.
2026-05-24 15:16:43,061 - WARNING - Duplicate entry for customer_id 6fF3de1DDbeAaE9 skipped.
2026-05-24 15:16:43,062 - WARNING - Duplicate entry for customer_id bcE2C6eaAa1d53c skipped.
2026-05-24 15:16:43,062 - WARNING - Duplicate entry for customer_id fb0eaBDA955AE79 skipped.
2026-05-24 15:16:43,062 - WARNING - Duplicate entry for customer_id 1cE4BEcB6F2D2C3 skipped.
2026-05-24 15:16:43,063 - WARNING - Duplicate entry for customer_id 37a20bF88deF55D skipped.
2026-05-24 15:16:43,063 - WARNING - Duplicate entry for customer_id EE9381bAEbac1eA skipped.
2026-05-24 15:16:43,063 - WARNING - Duplicate entry for customer_id 7008F9538b6e3e4 skipped.
2026-05-24 15:16:43,063 - WARNING - Duplicate entry for customer_id e6D85CcfDE7ABEd skipped.
2026-05-24 15:16:43,064 - WARNING - Duplicate entry for customer_id 815D27672C2Ba6d skipped.
2026-05-24 15:16:43,064 - WARNING - Duplicate entry for customer_id bc9e98FC8e31fB2 skipped.
2026-05-24 15:16:43,064 - WARNING - Duplicate entry for customer_id 06c9e9caEBf539F skipped.
2026-05-24 15:16:43,065 - WARNING - Duplicate entry for customer_id D02c86e781bA06f skipped.
2026-05-24 15:16:43,065 - WARNING - Duplicate entry for customer_id 846D8B34aba64a6 skipped.
2026-05-24 15:16:43,065 - WARNING - Duplicate entry for customer_id 305B77b17f60849 skipped.
2026-05-24 15:16:43,066 - WARNING - Duplicate entry for customer_id 610e5F3baCbd25c skipped.
2026-05-24 15:16:43,066 - WARNING - Duplicate entry for customer_id 9F0EbC3b678ad6B skipped.
2026-05-24 15:16:43,066 - WARNING - Duplicate entry for customer_id 82dDB5e20CAA2Ce skipped.
2026-05-24 15:16:43,066 - WARNING - Duplicate entry for customer_id b78002FEFF5a860 skipped.
2026-05-24 15:16:43,067 - WARNING - Duplicate entry for customer_id dFe34eAb8614AC0 skipped.
2026-05-24 15:16:43,067 - WARNING - Duplicate entry for customer_id aB3351247D3fCD8 skipped.
2026-05-24 15:16:43,067 - WARNING - Duplicate entry for customer_id 56Df40b19e3c71f skipped.
2026-05-24 15:16:43,067 - WARNING - Duplicate entry for customer_id 06CF1Fcd5863dF6 skipped.
2026-05-24 15:16:43,068 - WARNING - Duplicate entry for customer_id 5DcB42c2f8fBfb5 skipped.
2026-05-24 15:16:43,068 - WARNING - Duplicate entry for customer_id E3F8a6D1033a2FE skipped.
2026-05-24 15:16:43,068 - WARNING - Duplicate entry for customer_id DA7b906C5aF71d5 skipped.
2026-05-24 15:16:43,068 - WARNING - Duplicate entry for customer_id ccD94BbaEDBBf9E skipped.
2026-05-24 15:16:43,069 - WARNING - Duplicate entry for customer_id 41C1B4D2C5b91B7 skipped.
2026-05-24 15:16:43,069 - WARNING - Duplicate entry for customer_id ee5235bbf2A66ef skipped.
2026-05-24 15:16:43,069 - WARNING - Duplicate entry for customer_id 2413aA72C4DEadF skipped.
2026-05-24 15:16:43,069 - WARNING - Duplicate entry for customer_id BA1F1A8E7fccb74 skipped.
2026-05-24 15:16:43,070 - WARNING - Duplicate entry for customer_id 43EB011d4A5af36 skipped.
2026-05-24 15:16:43,070 - WARNING - Duplicate entry for customer_id DDCCa6daDFBAFbc skipped.
2026-05-24 15:16:43,070 - WARNING - Duplicate entry for customer_id 024a3d8Df5abFE9 skipped.
2026-05-24 15:16:43,070 - WARNING - Duplicate entry for customer_id 6367E110ccF7c2B skipped.
2026-05-24 15:16:43,071 - WARNING - Duplicate entry for customer_id 6BdF3DBf9BcD353 skipped.
2026-05-24 15:16:43,071 - WARNING - Duplicate entry for customer_id 3e34e04B7F7b76d skipped.
2026-05-24 15:16:43,071 - WARNING - Duplicate entry for customer_id ec3cD83Be620f62 skipped.
2026-05-24 15:16:43,071 - WARNING - Duplicate entry for customer_id 4DD0C3a8a2f3D8e skipped.
2026-05-24 15:16:43,072 - WARNING - Duplicate entry for customer_id 0EcdF5f157A10BE skipped.
2026-05-24 15:16:43,072 - WARNING - Duplicate entry for customer_id 61AD5B1099Db9d0 skipped.
2026-05-24 15:16:43,072 - WARNING - Duplicate entry for customer_id fD7FbF8BA88Fff8 skipped.
2026-05-24 15:16:43,072 - WARNING - Duplicate entry for customer_id 2bcF27a9daa2EAA skipped.
2026-05-24 15:16:43,073 - WARNING - Duplicate entry for customer_id 12Bb4Ba2cB52B89 skipped.
2026-05-24 15:16:43,073 - WARNING - Duplicate entry for customer_id eb8Abc5DB466797 skipped.
2026-05-24 15:16:43,073 - WARNING - Duplicate entry for customer_id 8799Bb0d0eF9F7b skipped.
2026-05-24 15:16:43,073 - WARNING - Duplicate entry for customer_id 483E29cf4aC5A4D skipped.
2026-05-24 15:16:43,073 - WARNING - Duplicate entry for customer_id 37E3234CC7F8da4 skipped.
2026-05-24 15:16:43,074 - WARNING - Duplicate entry for customer_id 2D0F54Cc8D96Ad0 skipped.
2026-05-24 15:16:43,074 - WARNING - Duplicate entry for customer_id CeDC6A5ED20dA29 skipped.
2026-05-24 15:16:43,074 - WARNING - Duplicate entry for customer_id eE5F91Bf27BE6DC skipped.
2026-05-24 15:16:43,074 - WARNING - Duplicate entry for customer_id aFbCcfBCbeff540 skipped.
2026-05-24 15:16:43,074 - WARNING - Duplicate entry for customer_id 5fb7F35e6Db8e5a skipped.
2026-05-24 15:16:43,075 - WARNING - Duplicate entry for customer_id 60d62d8Dbb23C3B skipped.
2026-05-24 15:16:43,075 - WARNING - Duplicate entry for customer_id e9eFc5d60ddc3ec skipped.
2026-05-24 15:16:43,075 - WARNING - Duplicate entry for customer_id ad8F5957EdADB7e skipped.
2026-05-24 15:16:43,075 - WARNING - Duplicate entry for customer_id a3FdF7Ae5E60BaD skipped.
2026-05-24 15:16:43,075 - WARNING - Duplicate entry for customer_id eA4F6CB2ADEBF6d skipped.
2026-05-24 15:16:43,076 - WARNING - Duplicate entry for customer_id feCfE5fCc4abeEd skipped.
2026-05-24 15:16:43,076 - WARNING - Duplicate entry for customer_id 774623BCD6f9BB8 skipped.
2026-05-24 15:16:43,076 - WARNING - Duplicate entry for customer_id Db752CCa4aCfd9E skipped.
2026-05-24 15:16:43,076 - WARNING - Duplicate entry for customer_id 7a0CFf01cCBcA01 skipped.
2026-05-24 15:16:43,076 - WARNING - Duplicate entry for customer_id Be9d5701bDCd1aa skipped.
2026-05-24 15:16:43,076 - WARNING - Duplicate entry for customer_id Fd67d4aDf749FE5 skipped.
2026-05-24 15:16:43,077 - WARNING - Duplicate entry for customer_id 8b7C8Ffe256FBFb skipped.
2026-05-24 15:16:43,077 - WARNING - Duplicate entry for customer_id 983Dad40cbcBf18 skipped.
2026-05-24 15:16:43,077 - WARNING - Duplicate entry for customer_id 3eD61CdD0B672Fc skipped.
2026-05-24 15:16:43,077 - WARNING - Duplicate entry for customer_id Bd6deeDc10eD051 skipped.
2026-05-24 15:16:43,077 - WARNING - Duplicate entry for customer_id 7A0AeedaE28Ce67 skipped.
2026-05-24 15:16:43,078 - WARNING - Duplicate entry for customer_id 822aaF7B5f2CDce skipped.
2026-05-24 15:16:43,078 - WARNING - Duplicate entry for customer_id a6d9bE38B614721 skipped.
2026-05-24 15:16:43,078 - WARNING - Duplicate entry for customer_id F03BC8cDe64cFCa skipped.
2026-05-24 15:16:43,078 - WARNING - Duplicate entry for customer_id 1f239d0e0b92118 skipped.
2026-05-24 15:16:43,078 - WARNING - Duplicate entry for customer_id 39a6DeEEbbeF8E6 skipped.
2026-05-24 15:16:43,078 - WARNING - Duplicate entry for customer_id d3905aAEeB7eF7b skipped.
2026-05-24 15:16:43,079 - WARNING - Duplicate entry for customer_id FD21f4cce8C062f skipped.
2026-05-24 15:16:43,079 - WARNING - Duplicate entry for customer_id BBA47d60EAb3EAB skipped.
2026-05-24 15:16:43,079 - WARNING - Duplicate entry for customer_id C90EdA7b802D82b skipped.
2026-05-24 15:16:43,079 - WARNING - Duplicate entry for customer_id f02B9FbEb8Bebda skipped.
2026-05-24 15:16:43,079 - WARNING - Duplicate entry for customer_id 99b8c488a575a4D skipped.
2026-05-24 15:16:43,080 - WARNING - Duplicate entry for customer_id C3AFdd623C0FbDA skipped.
2026-05-24 15:16:43,080 - WARNING - Duplicate entry for customer_id 5cA80623F6C75de skipped.
2026-05-24 15:16:43,080 - WARNING - Duplicate entry for customer_id C0E2ab2e71A490E skipped.
2026-05-24 15:16:43,080 - WARNING - Duplicate entry for customer_id AAEfB9E5c86ab72 skipped.
2026-05-24 15:16:43,080 - WARNING - Duplicate entry for customer_id A4F4f2DBB7C8aBf skipped.
2026-05-24 15:16:43,080 - WARNING - Duplicate entry for customer_id 5Cc3bd1D1d6BFd8 skipped.
2026-05-24 15:16:43,081 - WARNING - Duplicate entry for customer_id F156f75eFb91b3a skipped.
2026-05-24 15:16:43,081 - WARNING - Duplicate entry for customer_id 0Cfd5DbB2cBDfc3 skipped.
2026-05-24 15:16:43,081 - WARNING - Duplicate entry for customer_id 303B081aaFc8237 skipped.
2026-05-24 15:16:43,081 - WARNING - Duplicate entry for customer_id 0c7B750FeEabe41 skipped.
2026-05-24 15:16:43,081 - WARNING - Duplicate entry for customer_id 944aAa8b8F1A180 skipped.
2026-05-24 15:16:43,081 - WARNING - Duplicate entry for customer_id ffc96A6EDB33EFf skipped.
2026-05-24 15:16:43,082 - WARNING - Duplicate entry for customer_id 82b94ddcC7B4FC8 skipped.
2026-05-24 15:16:43,082 - WARNING - Duplicate entry for customer_id A3568fE8Cb3b386 skipped.
2026-05-24 15:16:43,082 - WARNING - Duplicate entry for customer_id cef51DAE28Fe1D6 skipped.
2026-05-24 15:16:43,082 - WARNING - Duplicate entry for customer_id D2E7cfCDF4D2fB7 skipped.
2026-05-24 15:16:43,082 - WARNING - Duplicate entry for customer_id Cbcd22e7bCd74e3 skipped.
2026-05-24 15:16:43,083 - WARNING - Duplicate entry for customer_id 89c66c41c0D791d skipped.
2026-05-24 15:16:43,083 - WARNING - Duplicate entry for customer_id E31833D3D9DbCDD skipped.
2026-05-24 15:16:43,083 - WARNING - Duplicate entry for customer_id 4032A3C28aaC8c5 skipped.
2026-05-24 15:16:43,083 - WARNING - Duplicate entry for customer_id 90Ed6bc0d1e173C skipped.
2026-05-24 15:16:43,083 - WARNING - Duplicate entry for customer_id 1FbEcaef8fACcCA skipped.
2026-05-24 15:16:43,083 - WARNING - Duplicate entry for customer_id 8Cd9bf1B1AD1Edf skipped.
2026-05-24 15:16:43,084 - WARNING - Duplicate entry for customer_id fDFD6419383D4c8 skipped.
2026-05-24 15:16:43,084 - WARNING - Duplicate entry for customer_id 540b59Cc2a2aFd4 skipped.
2026-05-24 15:16:43,084 - WARNING - Duplicate entry for customer_id 2AFBB914C4fACa9 skipped.
2026-05-24 15:16:43,084 - WARNING - Duplicate entry for customer_id 85Cdd16ADD6dCa5 skipped.
2026-05-24 15:16:43,084 - WARNING - Duplicate entry for customer_id EF5858dEe5f7649 skipped.
2026-05-24 15:16:43,085 - WARNING - Duplicate entry for customer_id C1574306202Eb8e skipped.
2026-05-24 15:16:43,085 - WARNING - Duplicate entry for customer_id 4f108ceFb9b386d skipped.
2026-05-24 15:16:43,085 - WARNING - Duplicate entry for customer_id 12B5834e77F67a6 skipped.
2026-05-24 15:16:43,085 - WARNING - Duplicate entry for customer_id 9b50c8d8AA8Aeb1 skipped.
2026-05-24 15:16:43,085 - WARNING - Duplicate entry for customer_id BB6B8ebDD22eBEE skipped.
2026-05-24 15:16:43,085 - WARNING - Duplicate entry for customer_id 1D7A12b13AAd4FB skipped.
2026-05-24 15:16:43,086 - WARNING - Duplicate entry for customer_id 234891e3dAC0dF9 skipped.
2026-05-24 15:16:43,086 - WARNING - Duplicate entry for customer_id 747B4F80e0048C2 skipped.
2026-05-24 15:16:43,086 - WARNING - Duplicate entry for customer_id de81E89d4a938f0 skipped.
2026-05-24 15:16:43,086 - WARNING - Duplicate entry for customer_id E99c32a01Fd3Fd1 skipped.
2026-05-24 15:16:43,086 - WARNING - Duplicate entry for customer_id 57234838A0aD5F4 skipped.
2026-05-24 15:16:43,086 - WARNING - Duplicate entry for customer_id C45b1BE6266c8DA skipped.
2026-05-24 15:16:43,086 - WARNING - Duplicate entry for customer_id 2d1cdFa63e6F54c skipped.
2026-05-24 15:16:43,087 - WARNING - Duplicate entry for customer_id 333f3F9A9222E1a skipped.
2026-05-24 15:16:43,087 - WARNING - Duplicate entry for customer_id 846dBfEBB68Bb3E skipped.
2026-05-24 15:16:43,087 - WARNING - Duplicate entry for customer_id 25A8883aDb70dEf skipped.
2026-05-24 15:16:43,087 - WARNING - Duplicate entry for customer_id d8Cd94028074AFD skipped.
2026-05-24 15:16:43,087 - WARNING - Duplicate entry for customer_id 90fc05Eefaa4AE0 skipped.
2026-05-24 15:16:43,087 - WARNING - Duplicate entry for customer_id Fc8bdf1329ce090 skipped.
2026-05-24 15:16:43,088 - WARNING - Duplicate entry for customer_id 3a7836DbB6347AC skipped.
2026-05-24 15:16:43,088 - WARNING - Duplicate entry for customer_id 7F2ceBFc5eBE80A skipped.
2026-05-24 15:16:43,088 - WARNING - Duplicate entry for customer_id 06328dB77db6D9D skipped.
2026-05-24 15:16:43,088 - WARNING - Duplicate entry for customer_id 337649Ab3CaDFb7 skipped.
2026-05-24 15:16:43,088 - WARNING - Duplicate entry for customer_id cfC4Cf6Febff0dB skipped.
2026-05-24 15:16:43,089 - WARNING - Duplicate entry for customer_id F7d3Ce1c250cbCf skipped.
2026-05-24 15:16:43,089 - WARNING - Duplicate entry for customer_id 9D65c9EaF3d120E skipped.
2026-05-24 15:16:43,089 - WARNING - Duplicate entry for customer_id E63e09cbA7618Ad skipped.
2026-05-24 15:16:43,089 - WARNING - Duplicate entry for customer_id 84cACb9DF8CFa06 skipped.
2026-05-24 15:16:43,089 - WARNING - Duplicate entry for customer_id 5D74Db6C837AACd skipped.
2026-05-24 15:16:43,089 - WARNING - Duplicate entry for customer_id F878fF2E97BC2Ef skipped.
2026-05-24 15:16:43,090 - WARNING - Duplicate entry for customer_id bDD2ebC2Bb4EfeD skipped.
2026-05-24 15:16:43,090 - WARNING - Duplicate entry for customer_id A5Cd45CD6FEe5A2 skipped.
2026-05-24 15:16:43,090 - WARNING - Duplicate entry for customer_id 8BABDb31B26eBe3 skipped.
2026-05-24 15:16:43,090 - WARNING - Duplicate entry for customer_id 83DE9dee8ed3B72 skipped.
2026-05-24 15:16:43,090 - WARNING - Duplicate entry for customer_id d4aACF5b785daaF skipped.
2026-05-24 15:16:43,090 - WARNING - Duplicate entry for customer_id 9193A4C5a8Cd335 skipped.
2026-05-24 15:16:43,091 - WARNING - Duplicate entry for customer_id edF0eDC8D61ABBe skipped.
2026-05-24 15:16:43,091 - WARNING - Duplicate entry for customer_id F58a977a2cE01E5 skipped.
2026-05-24 15:16:43,091 - WARNING - Duplicate entry for customer_id a45Cd8423E56A7a skipped.
2026-05-24 15:16:43,091 - WARNING - Duplicate entry for customer_id 4EA2fe116fb3EB5 skipped.
2026-05-24 15:16:43,091 - WARNING - Duplicate entry for customer_id ccC3b8ae049544D skipped.
2026-05-24 15:16:43,091 - WARNING - Duplicate entry for customer_id 33bC91cd5EEB5DC skipped.
2026-05-24 15:16:43,092 - WARNING - Duplicate entry for customer_id 5A375fc846cE010 skipped.
2026-05-24 15:16:43,092 - WARNING - Duplicate entry for customer_id DC5AcF32E413E3E skipped.
2026-05-24 15:16:43,092 - WARNING - Duplicate entry for customer_id c0B71AddCF5AcE4 skipped.
2026-05-24 15:16:43,092 - WARNING - Duplicate entry for customer_id 44dC6C8Ca4f0a90 skipped.
2026-05-24 15:16:43,092 - WARNING - Duplicate entry for customer_id 657eA09240Bd02A skipped.
2026-05-24 15:16:43,092 - WARNING - Duplicate entry for customer_id 6d0d8Fbf5b2D7bC skipped.
2026-05-24 15:16:43,093 - WARNING - Duplicate entry for customer_id 53B158FcccFF74c skipped.
2026-05-24 15:16:43,093 - WARNING - Duplicate entry for customer_id a8FfE4fbd7910b9 skipped.
2026-05-24 15:16:43,093 - WARNING - Duplicate entry for customer_id 7fB6124FC680839 skipped.
2026-05-24 15:16:43,093 - WARNING - Duplicate entry for customer_id dDfcEc72F9C2EE2 skipped.
2026-05-24 15:16:43,093 - WARNING - Duplicate entry for customer_id 46da39f97fAF05f skipped.
2026-05-24 15:16:43,093 - WARNING - Duplicate entry for customer_id B557b025a4712A7 skipped.
2026-05-24 15:16:43,094 - WARNING - Duplicate entry for customer_id EAc7eFFfAB5c6F0 skipped.
2026-05-24 15:16:43,094 - WARNING - Duplicate entry for customer_id e03f14D59F512A9 skipped.
2026-05-24 15:16:43,094 - WARNING - Duplicate entry for customer_id CEa5C35aEaF44CF skipped.
2026-05-24 15:16:43,094 - WARNING - Duplicate entry for customer_id BE3c6CC4B8b58ac skipped.
2026-05-24 15:16:43,094 - WARNING - Duplicate entry for customer_id eD6bdfeF85Afe01 skipped.
2026-05-24 15:16:43,094 - WARNING - Duplicate entry for customer_id 3D60AEa0bAd4fcD skipped.
2026-05-24 15:16:43,095 - WARNING - Duplicate entry for customer_id 7E9b016a452809a skipped.
2026-05-24 15:16:43,095 - WARNING - Duplicate entry for customer_id C75d32ACd9E04f2 skipped.
2026-05-24 15:16:43,095 - WARNING - Duplicate entry for customer_id 2bf6d8FA82ff41e skipped.
2026-05-24 15:16:43,095 - WARNING - Duplicate entry for customer_id B2ec81f6e1C5AAF skipped.
2026-05-24 15:16:43,095 - WARNING - Duplicate entry for customer_id 343bfaCa1c6cf20 skipped.
2026-05-24 15:16:43,095 - WARNING - Duplicate entry for customer_id e1BbBb2ebBd4c4f skipped.
2026-05-24 15:16:43,096 - WARNING - Duplicate entry for customer_id cC0fFa66c619Ec8 skipped.
2026-05-24 15:16:43,096 - WARNING - Duplicate entry for customer_id cE7C6adCc0eA8ea skipped.
2026-05-24 15:16:43,096 - WARNING - Duplicate entry for customer_id 6d8aa560CE110Dc skipped.
2026-05-24 15:16:43,096 - WARNING - Duplicate entry for customer_id CF35dAbc52F2445 skipped.
2026-05-24 15:16:43,096 - WARNING - Duplicate entry for customer_id 12b63e4656a94BD skipped.
2026-05-24 15:16:43,096 - WARNING - Duplicate entry for customer_id 1a94Daeb8ecf5Dc skipped.
2026-05-24 15:16:43,097 - WARNING - Duplicate entry for customer_id fCCC17cffd8347b skipped.
2026-05-24 15:16:43,097 - WARNING - Duplicate entry for customer_id feF0F4a69aC9e93 skipped.
2026-05-24 15:16:43,097 - WARNING - Duplicate entry for customer_id 5fC5f9CCEF2DcA8 skipped.
2026-05-24 15:16:43,097 - WARNING - Duplicate entry for customer_id A449EaabD6a2Ffb skipped.
2026-05-24 15:16:43,097 - WARNING - Duplicate entry for customer_id 2bCCbaeaFfBe264 skipped.
2026-05-24 15:16:43,097 - WARNING - Duplicate entry for customer_id 67b2CF189EcFb5b skipped.
2026-05-24 15:16:43,098 - WARNING - Duplicate entry for customer_id f4d401cf9Ad1bea skipped.
2026-05-24 15:16:43,098 - WARNING - Duplicate entry for customer_id 4F158BB4FFB3Cdd skipped.
2026-05-24 15:16:43,098 - WARNING - Duplicate entry for customer_id A205c4fDc4AeD44 skipped.
2026-05-24 15:16:43,098 - WARNING - Duplicate entry for customer_id E51249bCaC2D3C0 skipped.
2026-05-24 15:16:43,098 - WARNING - Duplicate entry for customer_id 4ae3d1e39eBA622 skipped.
2026-05-24 15:16:43,098 - WARNING - Duplicate entry for customer_id 6f65C6ea02BDadF skipped.
2026-05-24 15:16:43,099 - WARNING - Duplicate entry for customer_id A998A4F98474F3B skipped.
2026-05-24 15:16:43,099 - WARNING - Duplicate entry for customer_id 8F7ba1BA4fbCa78 skipped.
2026-05-24 15:16:43,099 - WARNING - Duplicate entry for customer_id 6F2de1a7EdE2a53 skipped.
2026-05-24 15:16:43,099 - WARNING - Duplicate entry for customer_id eF2fec28b643Ecc skipped.
2026-05-24 15:16:43,099 - WARNING - Duplicate entry for customer_id 29C5Aa7D394F650 skipped.
2026-05-24 15:16:43,100 - WARNING - Duplicate entry for customer_id A1cFceb6Ab52BA2 skipped.
2026-05-24 15:16:43,100 - WARNING - Duplicate entry for customer_id db7D54e0ABF87C2 skipped.
2026-05-24 15:16:43,100 - WARNING - Duplicate entry for customer_id bB69ADCd6AdD5F7 skipped.
2026-05-24 15:16:43,100 - WARNING - Duplicate entry for customer_id 2b6af79868F386f skipped.
2026-05-24 15:16:43,100 - WARNING - Duplicate entry for customer_id dEc837d5F13C1ed skipped.
2026-05-24 15:16:43,100 - WARNING - Duplicate entry for customer_id 828C734a81bBf4B skipped.
2026-05-24 15:16:43,101 - WARNING - Duplicate entry for customer_id 8bB5Eed0daFEeb5 skipped.
2026-05-24 15:16:43,101 - WARNING - Duplicate entry for customer_id DDfd0EEF4B46Eb3 skipped.
2026-05-24 15:16:43,101 - WARNING - Duplicate entry for customer_id BeDABcE5dbCa239 skipped.
2026-05-24 15:16:43,101 - WARNING - Duplicate entry for customer_id 57Fb161EEb1C9Ea skipped.
2026-05-24 15:16:43,101 - WARNING - Duplicate entry for customer_id b9006D3c9cEeFef skipped.
2026-05-24 15:16:43,101 - WARNING - Duplicate entry for customer_id EF0B773aE00C2dc skipped.
2026-05-24 15:16:43,102 - WARNING - Duplicate entry for customer_id aD8Db76dA126dFB skipped.
2026-05-24 15:16:43,102 - WARNING - Duplicate entry for customer_id b8fCA4DbB790ddA skipped.
2026-05-24 15:16:43,102 - WARNING - Duplicate entry for customer_id ebDeea2d7ceA4A8 skipped.
2026-05-24 15:16:43,102 - WARNING - Duplicate entry for customer_id BdBF790f2DB42FE skipped.
2026-05-24 15:16:43,102 - WARNING - Duplicate entry for customer_id 5B789BA48f72Cd2 skipped.
2026-05-24 15:16:43,102 - WARNING - Duplicate entry for customer_id bbd714cFdfDD3DD skipped.
2026-05-24 15:16:43,103 - WARNING - Duplicate entry for customer_id cf01fCEFeABD468 skipped.
2026-05-24 15:16:43,103 - WARNING - Duplicate entry for customer_id D7BbB33Be1FC539 skipped.
2026-05-24 15:16:43,103 - WARNING - Duplicate entry for customer_id D16609fed9fEC2d skipped.
2026-05-24 15:16:43,103 - WARNING - Duplicate entry for customer_id aF03B4cFc6c05C8 skipped.
2026-05-24 15:16:43,103 - WARNING - Duplicate entry for customer_id AdaaB43FFccaB0d skipped.
2026-05-24 15:16:43,103 - WARNING - Duplicate entry for customer_id 73fAFf3C782aa7D skipped.
2026-05-24 15:16:43,103 - WARNING - Duplicate entry for customer_id f21a28E24EDfCa3 skipped.
2026-05-24 15:16:43,104 - WARNING - Duplicate entry for customer_id c7838eEacAac61E skipped.
2026-05-24 15:16:43,104 - WARNING - Duplicate entry for customer_id d3eAc0663BA3dcA skipped.
2026-05-24 15:16:43,104 - WARNING - Duplicate entry for customer_id B3b629eDc47eD22 skipped.
2026-05-24 15:16:43,104 - WARNING - Duplicate entry for customer_id Cf1C67B4bf71090 skipped.
2026-05-24 15:16:43,104 - WARNING - Duplicate entry for customer_id 7C8DA410a370aa8 skipped.
2026-05-24 15:16:43,104 - WARNING - Duplicate entry for customer_id b500ecAa2d630f2 skipped.
2026-05-24 15:16:43,105 - WARNING - Duplicate entry for customer_id df8F2Ec3cC9412e skipped.
2026-05-24 15:16:43,105 - WARNING - Duplicate entry for customer_id EC9eD68ff2Eb4f4 skipped.
2026-05-24 15:16:43,105 - WARNING - Duplicate entry for customer_id CEcCBaC64cCae6a skipped.
2026-05-24 15:16:43,105 - WARNING - Duplicate entry for customer_id e45e5fd046d6D3c skipped.
2026-05-24 15:16:43,105 - WARNING - Duplicate entry for customer_id 47097Ec9f8C15ea skipped.
2026-05-24 15:16:43,105 - WARNING - Duplicate entry for customer_id c9ea1cBBCe212c1 skipped.
2026-05-24 15:16:43,106 - WARNING - Duplicate entry for customer_id bCAd9c26D85A9F6 skipped.
2026-05-24 15:16:43,106 - WARNING - Duplicate entry for customer_id AEC4aBbF2AbEe3F skipped.
2026-05-24 15:16:43,106 - WARNING - Duplicate entry for customer_id cFac8Afa1A4D08c skipped.
2026-05-24 15:16:43,106 - WARNING - Duplicate entry for customer_id dDf25B8D5b9cC14 skipped.
2026-05-24 15:16:43,106 - WARNING - Duplicate entry for customer_id cBd7C9C9D2c09Fc skipped.
2026-05-24 15:16:43,106 - WARNING - Duplicate entry for customer_id 57b374c72b5C7F5 skipped.
2026-05-24 15:16:43,107 - WARNING - Duplicate entry for customer_id D48bd5f8cCc2339 skipped.
2026-05-24 15:16:43,107 - WARNING - Duplicate entry for customer_id e5cC6aa0B9F6b68 skipped.
2026-05-24 15:16:43,107 - WARNING - Duplicate entry for customer_id 7CdC7Bf06ABB6Bf skipped.
2026-05-24 15:16:43,107 - WARNING - Duplicate entry for customer_id 6841639B9B36D74 skipped.
2026-05-24 15:16:43,107 - WARNING - Duplicate entry for customer_id aB3D07AEe2FE75f skipped.
2026-05-24 15:16:43,107 - WARNING - Duplicate entry for customer_id edF0BCbaf41d20A skipped.
2026-05-24 15:16:43,108 - WARNING - Duplicate entry for customer_id BE210AEfc6f1105 skipped.
2026-05-24 15:16:43,108 - WARNING - Duplicate entry for customer_id 52B62a129E1515d skipped.
2026-05-24 15:16:43,108 - WARNING - Duplicate entry for customer_id 50d2e71E5Cf30DD skipped.
2026-05-24 15:16:43,108 - WARNING - Duplicate entry for customer_id 1BEC50dC5EACb1f skipped.
2026-05-24 15:16:43,108 - WARNING - Duplicate entry for customer_id BB6806cd1bED6e1 skipped.
2026-05-24 15:16:43,108 - WARNING - Duplicate entry for customer_id a476fE05DE4fe4f skipped.
2026-05-24 15:16:43,109 - WARNING - Duplicate entry for customer_id 79Ace6A23BEED5d skipped.
2026-05-24 15:16:43,109 - WARNING - Duplicate entry for customer_id bbeCA50ff989fC6 skipped.
2026-05-24 15:16:43,109 - WARNING - Duplicate entry for customer_id BDED6da71e0fF2f skipped.
2026-05-24 15:16:43,109 - WARNING - Duplicate entry for customer_id 7C87BCEf12CB8Ba skipped.
2026-05-24 15:16:43,109 - WARNING - Duplicate entry for customer_id 13ABe9a890afba0 skipped.
2026-05-24 15:16:43,109 - WARNING - Duplicate entry for customer_id F02BecbDbCCc59f skipped.
2026-05-24 15:16:43,110 - WARNING - Duplicate entry for customer_id f09df5de7A2CD82 skipped.
2026-05-24 15:16:43,110 - WARNING - Duplicate entry for customer_id 06e2CC6b2D5aD69 skipped.
2026-05-24 15:16:43,110 - WARNING - Duplicate entry for customer_id 9446Eb5Ae23062D skipped.
2026-05-24 15:16:43,110 - WARNING - Duplicate entry for customer_id bAb7b742456Bf2e skipped.
2026-05-24 15:16:43,110 - WARNING - Duplicate entry for customer_id EAB04AAd86319cF skipped.
2026-05-24 15:16:43,110 - WARNING - Duplicate entry for customer_id 4a219E8afe2F6cb skipped.
2026-05-24 15:16:43,111 - WARNING - Duplicate entry for customer_id 0eeC8874c3cfEE5 skipped.
2026-05-24 15:16:43,111 - WARNING - Duplicate entry for customer_id 09ccbfbdDD6f9c8 skipped.
2026-05-24 15:16:43,111 - WARNING - Duplicate entry for customer_id C0eA15D68D551b3 skipped.
2026-05-24 15:16:43,111 - WARNING - Duplicate entry for customer_id eCEEbab57beeecF skipped.
2026-05-24 15:16:43,111 - WARNING - Duplicate entry for customer_id Ab150a0eC9eE5Ce skipped.
2026-05-24 15:16:43,111 - WARNING - Duplicate entry for customer_id 061Dd3953AC0350 skipped.
2026-05-24 15:16:43,112 - WARNING - Duplicate entry for customer_id e72615CbCAfD23f skipped.
2026-05-24 15:16:43,112 - WARNING - Duplicate entry for customer_id dEbA4c280C2BC4c skipped.
2026-05-24 15:16:43,112 - WARNING - Duplicate entry for customer_id B49A38a0E3636dD skipped.
2026-05-24 15:16:43,112 - WARNING - Duplicate entry for customer_id aC8125126392EF6 skipped.
2026-05-24 15:16:43,112 - WARNING - Duplicate entry for customer_id 72B5a2ddE4EF5d0 skipped.
2026-05-24 15:16:43,112 - WARNING - Duplicate entry for customer_id F26EA73B2B0D680 skipped.
2026-05-24 15:16:43,113 - WARNING - Duplicate entry for customer_id F4b4dCF1DEcdB3A skipped.
2026-05-24 15:16:43,113 - WARNING - Duplicate entry for customer_id 99CFEd2a16AFA1D skipped.
2026-05-24 15:16:43,113 - WARNING - Duplicate entry for customer_id BFB7C3A44Dd1e9e skipped.
2026-05-24 15:16:43,113 - WARNING - Duplicate entry for customer_id b7C9e51d3aF5B6B skipped.
2026-05-24 15:16:43,113 - WARNING - Duplicate entry for customer_id d64895790A96b26 skipped.
2026-05-24 15:16:43,113 - WARNING - Duplicate entry for customer_id 15892ECFb9BeBd3 skipped.
2026-05-24 15:16:43,114 - WARNING - Duplicate entry for customer_id 85fE9bc7A71dCB9 skipped.
2026-05-24 15:16:43,114 - WARNING - Duplicate entry for customer_id c9Bb9740d8CEcAb skipped.
2026-05-24 15:16:43,114 - WARNING - Duplicate entry for customer_id EdaCbdd53cbCEeC skipped.
2026-05-24 15:16:43,114 - WARNING - Duplicate entry for customer_id addC6FdeBB8Cc31 skipped.
2026-05-24 15:16:43,114 - WARNING - Duplicate entry for customer_id aDd1631F795BFDB skipped.
2026-05-24 15:16:43,114 - WARNING - Duplicate entry for customer_id 77D767dbb3f1477 skipped.
2026-05-24 15:16:43,114 - WARNING - Duplicate entry for customer_id 7b7A3BaF1d132C2 skipped.
2026-05-24 15:16:43,115 - WARNING - Duplicate entry for customer_id 55182Fe83475b8A skipped.
2026-05-24 15:16:43,115 - WARNING - Duplicate entry for customer_id 31f87aAa0c99Ef1 skipped.
2026-05-24 15:16:43,115 - WARNING - Duplicate entry for customer_id 9EcEB3dfcABc16D skipped.
2026-05-24 15:16:43,115 - WARNING - Duplicate entry for customer_id d3bBF1aAF4ab92a skipped.
2026-05-24 15:16:43,115 - WARNING - Duplicate entry for customer_id 5dD77A41eEf6fCe skipped.
2026-05-24 15:16:43,115 - WARNING - Duplicate entry for customer_id c292742ce78695f skipped.
2026-05-24 15:16:43,116 - WARNING - Duplicate entry for customer_id 88efB789aF1eAE5 skipped.
2026-05-24 15:16:43,116 - WARNING - Duplicate entry for customer_id aD4Cf0BF6c3e2bb skipped.
2026-05-24 15:16:43,116 - WARNING - Duplicate entry for customer_id Ce330c8e3a46aF9 skipped.
2026-05-24 15:16:43,116 - WARNING - Duplicate entry for customer_id DB9fe0FB818Aba6 skipped.
2026-05-24 15:16:43,116 - WARNING - Duplicate entry for customer_id 8Df6A40b14badC0 skipped.
2026-05-24 15:16:43,117 - WARNING - Duplicate entry for customer_id E4C15dF29d5f9e6 skipped.
2026-05-24 15:16:43,117 - WARNING - Duplicate entry for customer_id Df6c56F8bFac68B skipped.
2026-05-24 15:16:43,117 - WARNING - Duplicate entry for customer_id fc0Af8936A663F1 skipped.
2026-05-24 15:16:43,117 - WARNING - Duplicate entry for customer_id 8CBa883abAbF420 skipped.
2026-05-24 15:16:43,117 - WARNING - Duplicate entry for customer_id DbCE25a327a0b3F skipped.
2026-05-24 15:16:43,117 - WARNING - Duplicate entry for customer_id Cbd8d5e5ff4aFAe skipped.
2026-05-24 15:16:43,118 - WARNING - Duplicate entry for customer_id cADa7b0B4A1B03c skipped.
2026-05-24 15:16:43,118 - WARNING - Duplicate entry for customer_id d6Fb4FFbee8D4A5 skipped.
2026-05-24 15:16:43,118 - WARNING - Duplicate entry for customer_id 6Adb9b8C9C1dDEe skipped.
2026-05-24 15:16:43,118 - WARNING - Duplicate entry for customer_id B67FfF99e083091 skipped.
2026-05-24 15:16:43,118 - WARNING - Duplicate entry for customer_id Bacb2ceBD5eC70d skipped.
2026-05-24 15:16:43,118 - WARNING - Duplicate entry for customer_id C3dE0b33e7fdcAd skipped.
2026-05-24 15:16:43,118 - WARNING - Duplicate entry for customer_id feFdfB76f7bFfBB skipped.
2026-05-24 15:16:43,119 - WARNING - Duplicate entry for customer_id 233b8C0F1360203 skipped.
2026-05-24 15:16:43,119 - WARNING - Duplicate entry for customer_id A853040cBF735eD skipped.
2026-05-24 15:16:43,119 - WARNING - Duplicate entry for customer_id Da75138d7ebCDE2 skipped.
2026-05-24 15:16:43,119 - WARNING - Duplicate entry for customer_id dFf6f43Aa1fC6fa skipped.
2026-05-24 15:16:43,119 - WARNING - Duplicate entry for customer_id acaa3d9fB5803b2 skipped.
2026-05-24 15:16:43,119 - WARNING - Duplicate entry for customer_id A9ed28AfDac3DBF skipped.
2026-05-24 15:16:43,120 - WARNING - Duplicate entry for customer_id Cdcbbc5DE7Da3Fb skipped.
2026-05-24 15:16:43,120 - WARNING - Duplicate entry for customer_id 91CDb04d07fdB52 skipped.
2026-05-24 15:16:43,120 - WARNING - Duplicate entry for customer_id 7cC00DeCB8Acb3D skipped.
2026-05-24 15:16:43,120 - WARNING - Duplicate entry for customer_id 7d013321BF8AE3b skipped.
2026-05-24 15:16:43,120 - WARNING - Duplicate entry for customer_id eAEFcdc3A18A6db skipped.
2026-05-24 15:16:43,120 - WARNING - Duplicate entry for customer_id D5aAb5A9fdAD42F skipped.
2026-05-24 15:16:43,121 - WARNING - Duplicate entry for customer_id C84ecBaAEF865F5 skipped.
2026-05-24 15:16:43,121 - WARNING - Duplicate entry for customer_id b38a5e1De05Bbdf skipped.
2026-05-24 15:16:43,121 - WARNING - Duplicate entry for customer_id 6f3799337d34d57 skipped.
2026-05-24 15:16:43,121 - WARNING - Duplicate entry for customer_id 86c6c79858896bD skipped.
2026-05-24 15:16:43,121 - WARNING - Duplicate entry for customer_id a7Ccf5Cc2Ccb5b3 skipped.
2026-05-24 15:16:43,121 - WARNING - Duplicate entry for customer_id c239cDD7AECcDF6 skipped.
2026-05-24 15:16:43,122 - WARNING - Duplicate entry for customer_id BCfEfbb07f9CAe6 skipped.
2026-05-24 15:16:43,122 - WARNING - Duplicate entry for customer_id 87fDFB04b140E08 skipped.
2026-05-24 15:16:43,122 - WARNING - Duplicate entry for customer_id Ba6f5aC5B3A0B7d skipped.
2026-05-24 15:16:43,122 - WARNING - Duplicate entry for customer_id F59f5AaF210DEAf skipped.
2026-05-24 15:16:43,122 - WARNING - Duplicate entry for customer_id 64f8dF266dAD25C skipped.
2026-05-24 15:16:43,122 - WARNING - Duplicate entry for customer_id 0efb09C7D23f9D0 skipped.
2026-05-24 15:16:43,123 - WARNING - Duplicate entry for customer_id 899cbDE6c10eB9A skipped.
2026-05-24 15:16:43,123 - WARNING - Duplicate entry for customer_id afd416397924e91 skipped.
2026-05-24 15:16:43,123 - WARNING - Duplicate entry for customer_id 386d8552b5Dc6a5 skipped.
2026-05-24 15:16:43,123 - WARNING - Duplicate entry for customer_id ac739239aFcF121 skipped.
2026-05-24 15:16:43,123 - WARNING - Duplicate entry for customer_id 591CE8Bb3aB2D87 skipped.
2026-05-24 15:16:43,123 - WARNING - Duplicate entry for customer_id 05Db1ADe4B4EcBE skipped.
2026-05-24 15:16:43,124 - WARNING - Duplicate entry for customer_id AaEbfA8864F0Ffe skipped.
2026-05-24 15:16:43,124 - WARNING - Duplicate entry for customer_id 89436752BeBF3Ec skipped.
2026-05-24 15:16:43,124 - WARNING - Duplicate entry for customer_id DaB00C4FE0F94C3 skipped.
2026-05-24 15:16:43,124 - WARNING - Duplicate entry for customer_id E4693ceD4cf2854 skipped.
2026-05-24 15:16:43,124 - WARNING - Duplicate entry for customer_id c4b2df692043bfE skipped.
2026-05-24 15:16:43,124 - WARNING - Duplicate entry for customer_id Fc9BbAdBCC2716F skipped.
2026-05-24 15:16:43,125 - WARNING - Duplicate entry for customer_id B13cC1De16A7b2A skipped.
2026-05-24 15:16:43,125 - WARNING - Duplicate entry for customer_id 4C07dbd609CCa2F skipped.
2026-05-24 15:16:43,125 - WARNING - Duplicate entry for customer_id 54b4C62aADAcf02 skipped.
2026-05-24 15:16:43,125 - WARNING - Duplicate entry for customer_id 49D34e92d722DF3 skipped.
2026-05-24 15:16:43,125 - WARNING - Duplicate entry for customer_id BE30f4B3Ba7Ff3f skipped.
2026-05-24 15:16:43,125 - WARNING - Duplicate entry for customer_id f5d40eD401b66CB skipped.
2026-05-24 15:16:43,126 - WARNING - Duplicate entry for customer_id FCc33a3b8ddddB1 skipped.
2026-05-24 15:16:43,126 - WARNING - Duplicate entry for customer_id 6D95f66CAC4bb0D skipped.
2026-05-24 15:16:43,126 - WARNING - Duplicate entry for customer_id cdC6bBAaC9FbFEE skipped.
2026-05-24 15:16:43,126 - WARNING - Duplicate entry for customer_id dD4217ee6E211C3 skipped.
2026-05-24 15:16:43,126 - WARNING - Duplicate entry for customer_id c86eBcC5CE23f1E skipped.
2026-05-24 15:16:43,126 - WARNING - Duplicate entry for customer_id fC88F8C5AbE44a4 skipped.
2026-05-24 15:16:43,127 - WARNING - Duplicate entry for customer_id bCdE8dF145abf51 skipped.
2026-05-24 15:16:43,127 - WARNING - Duplicate entry for customer_id C81De6a70E3abA9 skipped.
2026-05-24 15:16:43,127 - WARNING - Duplicate entry for customer_id d6242cBeEfDCB33 skipped.
2026-05-24 15:16:43,127 - WARNING - Duplicate entry for customer_id E8Af7340E4969eD skipped.
2026-05-24 15:16:43,127 - WARNING - Duplicate entry for customer_id 70dAab994Ccc3fd skipped.
2026-05-24 15:16:43,127 - WARNING - Duplicate entry for customer_id 5b9cF88058fDc5B skipped.
2026-05-24 15:16:43,127 - WARNING - Duplicate entry for customer_id 0e47E9eCDcBaA8B skipped.
2026-05-24 15:16:43,128 - WARNING - Duplicate entry for customer_id ACA39FbBBBBbfDC skipped.
2026-05-24 15:16:43,128 - WARNING - Duplicate entry for customer_id 2020A9EE84edF9f skipped.
2026-05-24 15:16:43,128 - WARNING - Duplicate entry for customer_id BD974de968Baf25 skipped.
2026-05-24 15:16:43,128 - WARNING - Duplicate entry for customer_id DF81cAd9404dcc3 skipped.
2026-05-24 15:16:43,128 - WARNING - Duplicate entry for customer_id 0B1d8005feeC0DD skipped.
2026-05-24 15:16:43,128 - WARNING - Duplicate entry for customer_id 4EA46eD9c84Ca1D skipped.
2026-05-24 15:16:43,129 - WARNING - Duplicate entry for customer_id Ebeb0ff7E3afDD3 skipped.
2026-05-24 15:16:43,129 - WARNING - Duplicate entry for customer_id b2bEF8ABCaBe83A skipped.
2026-05-24 15:16:43,129 - WARNING - Duplicate entry for customer_id 7B920F4cdC33Ac2 skipped.
2026-05-24 15:16:43,129 - WARNING - Duplicate entry for customer_id CFd665D3a72d74B skipped.
2026-05-24 15:16:43,129 - WARNING - Duplicate entry for customer_id c2ba942BF82F54d skipped.
2026-05-24 15:16:43,129 - WARNING - Duplicate entry for customer_id ec7fad7E7089Cc2 skipped.
2026-05-24 15:16:43,130 - WARNING - Duplicate entry for customer_id cBFeAd9059104d3 skipped.
2026-05-24 15:16:43,130 - WARNING - Duplicate entry for customer_id c6CAAD726614682 skipped.
2026-05-24 15:16:43,130 - WARNING - Duplicate entry for customer_id d3b6B3EfCdC3F41 skipped.
2026-05-24 15:16:43,130 - WARNING - Duplicate entry for customer_id 34f20119a4653A6 skipped.
2026-05-24 15:16:43,130 - WARNING - Duplicate entry for customer_id f6EA334f7a88F66 skipped.
2026-05-24 15:16:43,130 - WARNING - Duplicate entry for customer_id FBC23eEd22B3edb skipped.
2026-05-24 15:16:43,131 - WARNING - Duplicate entry for customer_id 1fcf7f5458afe7F skipped.
2026-05-24 15:16:43,131 - WARNING - Duplicate entry for customer_id df94B1738eaE0Ac skipped.
2026-05-24 15:16:43,131 - WARNING - Duplicate entry for customer_id 7DbcDf7aA078502 skipped.
2026-05-24 15:16:43,131 - WARNING - Duplicate entry for customer_id 6f8f3ACF87266F4 skipped.
2026-05-24 15:16:43,131 - WARNING - Duplicate entry for customer_id 7b3c3BB8302cFDe skipped.
2026-05-24 15:16:43,131 - WARNING - Duplicate entry for customer_id 666bcA5d1bC1bB4 skipped.
2026-05-24 15:16:43,132 - WARNING - Duplicate entry for customer_id 6aFF059e79908Ba skipped.
2026-05-24 15:16:43,132 - WARNING - Duplicate entry for customer_id 1C9bd2b561C6079 skipped.
2026-05-24 15:16:43,132 - WARNING - Duplicate entry for customer_id de867ED21BE7Be6 skipped.
2026-05-24 15:16:43,132 - WARNING - Duplicate entry for customer_id e0518740Bc9cfd2 skipped.
2026-05-24 15:16:43,132 - WARNING - Duplicate entry for customer_id 62C2a7EF506B793 skipped.
2026-05-24 15:16:43,132 - WARNING - Duplicate entry for customer_id B8ABA5783fE1901 skipped.
2026-05-24 15:16:43,133 - WARNING - Duplicate entry for customer_id 3405dAae1edfFC5 skipped.
2026-05-24 15:16:43,133 - WARNING - Duplicate entry for customer_id C06E5CacB0AEabC skipped.
2026-05-24 15:16:43,133 - WARNING - Duplicate entry for customer_id c987e6535c414Fb skipped.
2026-05-24 15:16:43,133 - WARNING - Duplicate entry for customer_id Eb815ff4Bdc3Db4 skipped.
2026-05-24 15:16:43,133 - WARNING - Duplicate entry for customer_id 2eA0Db58d06eBBe skipped.
2026-05-24 15:16:43,134 - WARNING - Duplicate entry for customer_id Bbc62BCaa7EEc1C skipped.
2026-05-24 15:16:43,134 - WARNING - Duplicate entry for customer_id Db223E916D7AB44 skipped.
2026-05-24 15:16:43,134 - WARNING - Duplicate entry for customer_id CA6Cc405b96dB2f skipped.
2026-05-24 15:16:43,134 - WARNING - Duplicate entry for customer_id E83CA6652fFCf36 skipped.
2026-05-24 15:16:43,134 - WARNING - Duplicate entry for customer_id 7DbAC1a567CaFbc skipped.
2026-05-24 15:16:43,134 - WARNING - Duplicate entry for customer_id CA2C493E84e823D skipped.
2026-05-24 15:16:43,134 - WARNING - Duplicate entry for customer_id 3Ab9edfFce89FBb skipped.
2026-05-24 15:16:43,135 - WARNING - Duplicate entry for customer_id 1fD261D086f6C1D skipped.
2026-05-24 15:16:43,135 - WARNING - Duplicate entry for customer_id D25508749F84F16 skipped.
2026-05-24 15:16:43,135 - WARNING - Duplicate entry for customer_id ff3aB296eC3CbfF skipped.
2026-05-24 15:16:43,135 - WARNING - Duplicate entry for customer_id 9B2bEE619B99C5d skipped.
2026-05-24 15:16:43,135 - WARNING - Duplicate entry for customer_id CaC56Fa7fdB3cBB skipped.
2026-05-24 15:16:43,135 - WARNING - Duplicate entry for customer_id 7d719f1bCcaA3Ac skipped.
2026-05-24 15:16:43,136 - WARNING - Duplicate entry for customer_id fe4b7DfcdE855b3 skipped.
2026-05-24 15:16:43,136 - WARNING - Duplicate entry for customer_id 2FdF7253F607D57 skipped.
2026-05-24 15:16:43,136 - WARNING - Duplicate entry for customer_id b8bcEF027CaB352 skipped.
2026-05-24 15:16:43,136 - WARNING - Duplicate entry for customer_id DdCF0e6Bdfd9abC skipped.
2026-05-24 15:16:43,136 - WARNING - Duplicate entry for customer_id d8c5E1952bd52aA skipped.
2026-05-24 15:16:43,136 - WARNING - Duplicate entry for customer_id fEDfBd9AefCEE86 skipped.
2026-05-24 15:16:43,137 - WARNING - Duplicate entry for customer_id 01AEbCbD0cB7cCd skipped.
2026-05-24 15:16:43,137 - WARNING - Duplicate entry for customer_id 2B700A47d0a7258 skipped.
2026-05-24 15:16:43,137 - WARNING - Duplicate entry for customer_id F0DC08bBe5C8d84 skipped.
2026-05-24 15:16:43,137 - WARNING - Duplicate entry for customer_id 1DdAAb3C139CD4C skipped.
2026-05-24 15:16:43,137 - WARNING - Duplicate entry for customer_id 7A0dA6ead4EdAb2 skipped.
2026-05-24 15:16:43,137 - WARNING - Duplicate entry for customer_id 6614c31711BB58e skipped.
2026-05-24 15:16:43,138 - WARNING - Duplicate entry for customer_id Af7F1daF5fFc3aa skipped.
2026-05-24 15:16:43,138 - WARNING - Duplicate entry for customer_id D91DbdaF9AbE2C5 skipped.
2026-05-24 15:16:43,138 - WARNING - Duplicate entry for customer_id 8aaA7b93ecb0a6a skipped.
2026-05-24 15:16:43,138 - WARNING - Duplicate entry for customer_id 9572F1AbCFCF09b skipped.
2026-05-24 15:16:43,138 - WARNING - Duplicate entry for customer_id 69285d4cD0bE6ad skipped.
2026-05-24 15:16:43,138 - WARNING - Duplicate entry for customer_id 9E2eb00EF367Fa2 skipped.
2026-05-24 15:16:43,139 - WARNING - Duplicate entry for customer_id F69a0ecCD997c2C skipped.
2026-05-24 15:16:43,139 - WARNING - Duplicate entry for customer_id 05f1D7bA2Bd4764 skipped.
2026-05-24 15:16:43,139 - WARNING - Duplicate entry for customer_id AdBE0cFb4dF1233 skipped.
2026-05-24 15:16:43,139 - WARNING - Duplicate entry for customer_id C2Cb929eB37D1c6 skipped.
2026-05-24 15:16:43,139 - WARNING - Duplicate entry for customer_id 196cd1bEBf9BE88 skipped.
2026-05-24 15:16:43,139 - WARNING - Duplicate entry for customer_id e140badD88486b0 skipped.
2026-05-24 15:16:43,140 - WARNING - Duplicate entry for customer_id 14ec4E6B5a11fAa skipped.
2026-05-24 15:16:43,140 - WARNING - Duplicate entry for customer_id 2aA82CEc2Da615d skipped.
2026-05-24 15:16:43,140 - WARNING - Duplicate entry for customer_id 6AAe1afbFdAeAFf skipped.
2026-05-24 15:16:43,140 - WARNING - Duplicate entry for customer_id bBfce6c3cCaB04e skipped.
2026-05-24 15:16:43,140 - WARNING - Duplicate entry for customer_id EC8627a6230b960 skipped.
2026-05-24 15:16:43,140 - WARNING - Duplicate entry for customer_id 06Fe765659a7ace skipped.
2026-05-24 15:16:43,140 - WARNING - Duplicate entry for customer_id 2eF88CDC6ad286b skipped.
2026-05-24 15:16:43,141 - WARNING - Duplicate entry for customer_id 7Ee692dCD8CAD8F skipped.
2026-05-24 15:16:43,141 - WARNING - Duplicate entry for customer_id 1C6Dfa0EfEd96A3 skipped.
2026-05-24 15:16:43,141 - WARNING - Duplicate entry for customer_id 6a46bcD3CdC56d2 skipped.
2026-05-24 15:16:43,141 - WARNING - Duplicate entry for customer_id 0AcD9d0bA01EBB4 skipped.
2026-05-24 15:16:43,141 - WARNING - Duplicate entry for customer_id acf26D1e0A5Facc skipped.
2026-05-24 15:16:43,141 - WARNING - Duplicate entry for customer_id 4EfBeB41A29fA5e skipped.
2026-05-24 15:16:43,142 - WARNING - Duplicate entry for customer_id 0115aEF33Ff7afC skipped.
2026-05-24 15:16:43,142 - WARNING - Duplicate entry for customer_id 7c30B97c1CB579e skipped.
2026-05-24 15:16:43,142 - WARNING - Duplicate entry for customer_id dfAFD00fa9374d0 skipped.
2026-05-24 15:16:43,142 - WARNING - Duplicate entry for customer_id 2EC8778AB8bdABa skipped.
2026-05-24 15:16:43,142 - WARNING - Duplicate entry for customer_id E040edB499A6132 skipped.
2026-05-24 15:16:43,142 - WARNING - Duplicate entry for customer_id aB9FF85332Bfb2a skipped.
2026-05-24 15:16:43,143 - WARNING - Duplicate entry for customer_id 390f4Fefe8CD44d skipped.
2026-05-24 15:16:43,143 - WARNING - Duplicate entry for customer_id BedC4Fbf851fED8 skipped.
2026-05-24 15:16:43,143 - WARNING - Duplicate entry for customer_id 8bDC7FCd0bDD1A3 skipped.
2026-05-24 15:16:43,143 - WARNING - Duplicate entry for customer_id fcaF0A4f9eE28F0 skipped.
2026-05-24 15:16:43,143 - WARNING - Duplicate entry for customer_id 8f7B9864aF6B829 skipped.
2026-05-24 15:16:43,143 - WARNING - Duplicate entry for customer_id D2b1feDDA3BEBDF skipped.
2026-05-24 15:16:43,144 - WARNING - Duplicate entry for customer_id 2AC8cD1Bdc5AAe5 skipped.
2026-05-24 15:16:43,144 - WARNING - Duplicate entry for customer_id f5319CE131F7b18 skipped.
2026-05-24 15:16:43,144 - WARNING - Duplicate entry for customer_id 35DefAbbBaD45a7 skipped.
2026-05-24 15:16:43,144 - WARNING - Duplicate entry for customer_id c99EcB1cB9CBCab skipped.
2026-05-24 15:16:43,144 - WARNING - Duplicate entry for customer_id 5c6ACAAA8dFE4b1 skipped.
2026-05-24 15:16:43,144 - WARNING - Duplicate entry for customer_id 214a9fEFFc6F0eF skipped.
2026-05-24 15:16:43,145 - WARNING - Duplicate entry for customer_id 3EBf95cB4fBa76F skipped.
2026-05-24 15:16:43,145 - WARNING - Duplicate entry for customer_id 7E044bcbEedBB85 skipped.
2026-05-24 15:16:43,145 - WARNING - Duplicate entry for customer_id fdC0B083Cae9B4e skipped.
2026-05-24 15:16:43,145 - WARNING - Duplicate entry for customer_id 6f2BBDD4A57e8DB skipped.
2026-05-24 15:16:43,145 - WARNING - Duplicate entry for customer_id b68E5a53fBb0C4A skipped.
2026-05-24 15:16:43,145 - WARNING - Duplicate entry for customer_id CE4824D6Efb613b skipped.
2026-05-24 15:16:43,146 - WARNING - Duplicate entry for customer_id Ca864FdF34fFceB skipped.
2026-05-24 15:16:43,146 - WARNING - Duplicate entry for customer_id C9bc697e05CA8e7 skipped.
2026-05-24 15:16:43,146 - WARNING - Duplicate entry for customer_id F93CdDD9A6aC9a1 skipped.
2026-05-24 15:16:43,146 - WARNING - Duplicate entry for customer_id d07a675F0A632F5 skipped.
2026-05-24 15:16:43,146 - WARNING - Duplicate entry for customer_id 666bAC9090ca824 skipped.
2026-05-24 15:16:43,146 - WARNING - Duplicate entry for customer_id 2B73dfDF8fBFc90 skipped.
2026-05-24 15:16:43,147 - WARNING - Duplicate entry for customer_id 3ba5E3fAE68d927 skipped.
2026-05-24 15:16:43,147 - WARNING - Duplicate entry for customer_id e17e36c40fA6dFD skipped.
2026-05-24 15:16:43,147 - WARNING - Duplicate entry for customer_id D50d9BfDd00D08d skipped.
2026-05-24 15:16:43,147 - WARNING - Duplicate entry for customer_id 580D7BbFef6D2A9 skipped.
2026-05-24 15:16:43,147 - WARNING - Duplicate entry for customer_id 9ffeC6Dd1ADdeA5 skipped.
2026-05-24 15:16:43,147 - WARNING - Duplicate entry for customer_id DBa86561f0eb9EE skipped.
2026-05-24 15:16:43,148 - WARNING - Duplicate entry for customer_id 3B596CDe02dE7C1 skipped.
2026-05-24 15:16:43,148 - WARNING - Duplicate entry for customer_id 7B9dcC1B6F12d4c skipped.
2026-05-24 15:16:43,148 - WARNING - Duplicate entry for customer_id 4Ec632DE79B28EB skipped.
2026-05-24 15:16:43,148 - WARNING - Duplicate entry for customer_id 4dBDe7b4c50Acad skipped.
2026-05-24 15:16:43,148 - WARNING - Duplicate entry for customer_id 6ab786F1B0eEb62 skipped.
2026-05-24 15:16:43,148 - WARNING - Duplicate entry for customer_id b83Baa3FB8bD6d9 skipped.
2026-05-24 15:16:43,149 - WARNING - Duplicate entry for customer_id 8f2fcb5fF2bb8F3 skipped.
2026-05-24 15:16:43,149 - WARNING - Duplicate entry for customer_id 6E0e975BFDCE575 skipped.
2026-05-24 15:16:43,149 - WARNING - Duplicate entry for customer_id a0Ac0205DA5CC61 skipped.
2026-05-24 15:16:43,149 - WARNING - Duplicate entry for customer_id ef1947B9fcf1f73 skipped.
2026-05-24 15:16:43,149 - WARNING - Duplicate entry for customer_id 1F435Bcf1e6F9e4 skipped.
2026-05-24 15:16:43,149 - WARNING - Duplicate entry for customer_id 58c352c869a7441 skipped.
2026-05-24 15:16:43,150 - WARNING - Duplicate entry for customer_id 276ec18f5546bd1 skipped.
2026-05-24 15:16:43,150 - WARNING - Duplicate entry for customer_id 20bE2068b3dF6fC skipped.
2026-05-24 15:16:43,150 - WARNING - Duplicate entry for customer_id 531EC46d609AFeA skipped.
2026-05-24 15:16:43,150 - WARNING - Duplicate entry for customer_id dfB30AeFafbf803 skipped.
2026-05-24 15:16:43,150 - WARNING - Duplicate entry for customer_id 9Dc9cD4BeB07bfb skipped.
2026-05-24 15:16:43,150 - WARNING - Duplicate entry for customer_id dD82a433b8fbBFe skipped.
2026-05-24 15:16:43,151 - WARNING - Duplicate entry for customer_id 0001fA39dA6D349 skipped.
2026-05-24 15:16:43,151 - WARNING - Duplicate entry for customer_id 4fC75A4a7d9Cd2E skipped.
2026-05-24 15:16:43,151 - WARNING - Duplicate entry for customer_id 3C0fC61afA3B2Ec skipped.
2026-05-24 15:16:43,151 - WARNING - Duplicate entry for customer_id 4Ee0B5C383a4f3d skipped.
2026-05-24 15:16:43,151 - WARNING - Duplicate entry for customer_id d58EDBdF7d212E0 skipped.
2026-05-24 15:16:43,151 - WARNING - Duplicate entry for customer_id 197f76Faea8e47C skipped.
2026-05-24 15:16:43,152 - WARNING - Duplicate entry for customer_id cc5D6c37d36FdDd skipped.
2026-05-24 15:16:43,152 - WARNING - Duplicate entry for customer_id a4Af4C89e95B721 skipped.
2026-05-24 15:16:43,152 - WARNING - Duplicate entry for customer_id f1eaacc6D98BAba skipped.
2026-05-24 15:16:43,152 - WARNING - Duplicate entry for customer_id fe4DAb8ead6b6a9 skipped.
2026-05-24 15:16:43,152 - WARNING - Duplicate entry for customer_id A8497fe0cce772F skipped.
2026-05-24 15:16:43,152 - WARNING - Duplicate entry for customer_id 05b6ed3aEACDaa3 skipped.
2026-05-24 15:16:43,153 - WARNING - Duplicate entry for customer_id BE9fae1Ac10B5b4 skipped.
2026-05-24 15:16:43,153 - WARNING - Duplicate entry for customer_id fE90dD920AAA4bC skipped.
2026-05-24 15:16:43,153 - WARNING - Duplicate entry for customer_id 5D86bBC0dd02d40 skipped.
2026-05-24 15:16:43,153 - WARNING - Duplicate entry for customer_id E8DC64C4e67fDA3 skipped.
2026-05-24 15:16:43,153 - WARNING - Duplicate entry for customer_id b8003a3D4b8107c skipped.
2026-05-24 15:16:43,153 - WARNING - Duplicate entry for customer_id b57CabD45Be54e4 skipped.
2026-05-24 15:16:43,154 - WARNING - Duplicate entry for customer_id Fb0e378Af6Ee37e skipped.
2026-05-24 15:16:43,154 - WARNING - Duplicate entry for customer_id Ff5aB5C9b6f2Da7 skipped.
2026-05-24 15:16:43,154 - WARNING - Duplicate entry for customer_id 5B7CEEAeFBD3710 skipped.
2026-05-24 15:16:43,154 - WARNING - Duplicate entry for customer_id 8F952d03DDC9EDa skipped.
2026-05-24 15:16:43,154 - WARNING - Duplicate entry for customer_id 6ea6dfAEe57f29E skipped.
2026-05-24 15:16:43,154 - WARNING - Duplicate entry for customer_id dE4a58E2dd040dC skipped.
2026-05-24 15:16:43,155 - WARNING - Duplicate entry for customer_id 82CE976694CDE15 skipped.
2026-05-24 15:16:43,155 - WARNING - Duplicate entry for customer_id 0E3b1a3f39221Ea skipped.
2026-05-24 15:16:43,155 - WARNING - Duplicate entry for customer_id 393d4147E61d8F7 skipped.
2026-05-24 15:16:43,155 - WARNING - Duplicate entry for customer_id FAcBc1dd26EeAfD skipped.
2026-05-24 15:16:43,155 - WARNING - Duplicate entry for customer_id 4caAC4F5175aBeF skipped.
2026-05-24 15:16:43,155 - WARNING - Duplicate entry for customer_id c8C434b1A3dF31f skipped.
2026-05-24 15:16:43,156 - WARNING - Duplicate entry for customer_id aF4fA3aCA4bD5eC skipped.
2026-05-24 15:16:43,156 - WARNING - Duplicate entry for customer_id 895c3d6c2B7f017 skipped.
2026-05-24 15:16:43,156 - WARNING - Duplicate entry for customer_id fEceCCA3A41c4b9 skipped.
2026-05-24 15:16:43,156 - WARNING - Duplicate entry for customer_id 9277977d7ff97fD skipped.
2026-05-24 15:16:43,156 - WARNING - Duplicate entry for customer_id 0dCeC4a8cAeefc2 skipped.
2026-05-24 15:16:43,156 - WARNING - Duplicate entry for customer_id 1Ca8b16dAd6F75E skipped.
2026-05-24 15:16:43,157 - WARNING - Duplicate entry for customer_id 1d9E6c096AfD0bb skipped.
2026-05-24 15:16:43,157 - WARNING - Duplicate entry for customer_id D85Baf7dAe6aba1 skipped.
2026-05-24 15:16:43,157 - WARNING - Duplicate entry for customer_id 05a3385fc5a8cc1 skipped.
2026-05-24 15:16:43,157 - WARNING - Duplicate entry for customer_id 6f3fa641ccba5EB skipped.
2026-05-24 15:16:43,157 - WARNING - Duplicate entry for customer_id cc4CFf3Cae8Fa5C skipped.
2026-05-24 15:16:43,157 - WARNING - Duplicate entry for customer_id cfa4f67fF42bCa2 skipped.
2026-05-24 15:16:43,158 - WARNING - Duplicate entry for customer_id aA04De37fe1EFcE skipped.
2026-05-24 15:16:43,158 - WARNING - Duplicate entry for customer_id d3944d30ECa7a7A skipped.
2026-05-24 15:16:43,158 - WARNING - Duplicate entry for customer_id BAcC813eAe0B26e skipped.
2026-05-24 15:16:43,158 - WARNING - Duplicate entry for customer_id D48fdcDF9d7A214 skipped.
2026-05-24 15:16:43,158 - WARNING - Duplicate entry for customer_id 66bf59d65365BBB skipped.
2026-05-24 15:16:43,158 - WARNING - Duplicate entry for customer_id 43eD93bE0Dc7F95 skipped.
2026-05-24 15:16:43,158 - WARNING - Duplicate entry for customer_id 9eEdEaf8F8e087c skipped.
2026-05-24 15:16:43,159 - WARNING - Duplicate entry for customer_id e35daaaE8442628 skipped.
2026-05-24 15:16:43,159 - WARNING - Duplicate entry for customer_id 9dd1f1f82b87DaE skipped.
2026-05-24 15:16:43,159 - WARNING - Duplicate entry for customer_id DF017FED418CdCb skipped.
2026-05-24 15:16:43,159 - WARNING - Duplicate entry for customer_id cdadAFc0c4CA025 skipped.
2026-05-24 15:16:43,159 - WARNING - Duplicate entry for customer_id 1C8dBF1415ba679 skipped.
2026-05-24 15:16:43,159 - WARNING - Duplicate entry for customer_id 8f0a3ba91c1Eb43 skipped.
2026-05-24 15:16:43,160 - WARNING - Duplicate entry for customer_id bB93cEc8d4FeaAC skipped.
2026-05-24 15:16:43,160 - WARNING - Duplicate entry for customer_id 2e5a2200bD6C818 skipped.
2026-05-24 15:16:43,160 - WARNING - Duplicate entry for customer_id 3BaB4b80DDAeDB7 skipped.
2026-05-24 15:16:43,160 - WARNING - Duplicate entry for customer_id 698Df6Cf9f97ddF skipped.
2026-05-24 15:16:43,160 - WARNING - Duplicate entry for customer_id AbcaB8cF43b0C1d skipped.
2026-05-24 15:16:43,160 - WARNING - Duplicate entry for customer_id 42b9A4e192da5C6 skipped.
2026-05-24 15:16:43,161 - WARNING - Duplicate entry for customer_id d8F1245a7Bac36c skipped.
2026-05-24 15:16:43,161 - WARNING - Duplicate entry for customer_id DeBD13fe82A9E5f skipped.
2026-05-24 15:16:43,161 - WARNING - Duplicate entry for customer_id Dcc46b0FcAfB2C9 skipped.
2026-05-24 15:16:43,161 - WARNING - Duplicate entry for customer_id 2F83b82be96bc01 skipped.
2026-05-24 15:16:43,161 - WARNING - Duplicate entry for customer_id 4a52741EB5a7Ed1 skipped.
2026-05-24 15:16:43,161 - WARNING - Duplicate entry for customer_id 05c1eCeEfE7DDE9 skipped.
2026-05-24 15:16:43,161 - WARNING - Duplicate entry for customer_id 6d4bAbB01c22E0F skipped.
2026-05-24 15:16:43,162 - WARNING - Duplicate entry for customer_id 8ce2a9f6BB02b0d skipped.
2026-05-24 15:16:43,162 - WARNING - Duplicate entry for customer_id F9AEc2F51C5EDaE skipped.
2026-05-24 15:16:43,162 - WARNING - Duplicate entry for customer_id 9385f009fFFA723 skipped.
2026-05-24 15:16:43,162 - WARNING - Duplicate entry for customer_id E8a23B90899B6d7 skipped.
2026-05-24 15:16:43,162 - WARNING - Duplicate entry for customer_id 10E34ADcd62bB92 skipped.
2026-05-24 15:16:43,162 - WARNING - Duplicate entry for customer_id 33a3Afa322E1033 skipped.
2026-05-24 15:16:43,163 - WARNING - Duplicate entry for customer_id 1BE3BBe52EccE45 skipped.
2026-05-24 15:16:43,163 - WARNING - Duplicate entry for customer_id D270EFAd9D76A76 skipped.
2026-05-24 15:16:43,163 - WARNING - Duplicate entry for customer_id 9eE3e7AdfbD7Da4 skipped.
2026-05-24 15:16:43,163 - WARNING - Duplicate entry for customer_id d6ECEA63A80bBFf skipped.
2026-05-24 15:16:43,163 - WARNING - Duplicate entry for customer_id 014A372AC33c4F4 skipped.
2026-05-24 15:16:43,163 - WARNING - Duplicate entry for customer_id 41eAa5e67049D75 skipped.
2026-05-24 15:16:43,164 - WARNING - Duplicate entry for customer_id FF8fd2c75FeadBE skipped.
2026-05-24 15:16:43,164 - WARNING - Duplicate entry for customer_id ACd6d2856c3e9c6 skipped.
2026-05-24 15:16:43,164 - WARNING - Duplicate entry for customer_id 4213a532367a4BA skipped.
2026-05-24 15:16:43,164 - WARNING - Duplicate entry for customer_id 5eB3Ce3ee5dAeDF skipped.
2026-05-24 15:16:43,164 - WARNING - Duplicate entry for customer_id EeEdaba9dDb8B0c skipped.
2026-05-24 15:16:43,164 - WARNING - Duplicate entry for customer_id 9fb8Ad13C8a1d31 skipped.
2026-05-24 15:16:43,165 - WARNING - Duplicate entry for customer_id 166Cfb97832F81d skipped.
2026-05-24 15:16:43,165 - WARNING - Duplicate entry for customer_id adfaD758ea6760B skipped.
2026-05-24 15:16:43,165 - WARNING - Duplicate entry for customer_id aA88C4FD77e8d4E skipped.
2026-05-24 15:16:43,165 - WARNING - Duplicate entry for customer_id 3b480808b1Db3d8 skipped.
2026-05-24 15:16:43,165 - WARNING - Duplicate entry for customer_id 9a17fFf3FF40B63 skipped.
2026-05-24 15:16:43,165 - WARNING - Duplicate entry for customer_id D3a6bBFDEaff3c7 skipped.
2026-05-24 15:16:43,165 - WARNING - Duplicate entry for customer_id 12e7C8A38a58Af5 skipped.
2026-05-24 15:16:43,166 - WARNING - Duplicate entry for customer_id eE3aabEcf63fb74 skipped.
2026-05-24 15:16:43,166 - WARNING - Duplicate entry for customer_id d4B4312AE1B0B64 skipped.
2026-05-24 15:16:43,166 - WARNING - Duplicate entry for customer_id aA2Cbda7aF7CF6c skipped.
2026-05-24 15:16:43,166 - WARNING - Duplicate entry for customer_id 0913aD6BB949c79 skipped.
2026-05-24 15:16:43,166 - WARNING - Duplicate entry for customer_id 429cEAc4e675cfc skipped.
2026-05-24 15:16:43,166 - WARNING - Duplicate entry for customer_id f200f629aE89Cf9 skipped.
2026-05-24 15:16:43,167 - WARNING - Duplicate entry for customer_id f573f7Daf3f97E6 skipped.
2026-05-24 15:16:43,167 - WARNING - Duplicate entry for customer_id 3b03eFcCB873a8F skipped.
2026-05-24 15:16:43,167 - WARNING - Duplicate entry for customer_id c21Ce78AfddBcE3 skipped.
2026-05-24 15:16:43,167 - WARNING - Duplicate entry for customer_id 13daEd070a6Db0e skipped.
2026-05-24 15:16:43,167 - WARNING - Duplicate entry for customer_id 7a060190AD8B1F3 skipped.
2026-05-24 15:16:43,168 - WARNING - Duplicate entry for customer_id 7e1DEE74450dFDE skipped.
2026-05-24 15:16:43,168 - WARNING - Duplicate entry for customer_id 38e7CFf07892bD4 skipped.
2026-05-24 15:16:43,168 - WARNING - Duplicate entry for customer_id EF82a88b39ca3a8 skipped.
2026-05-24 15:16:43,168 - WARNING - Duplicate entry for customer_id 612FeF4eF2faD8A skipped.
2026-05-24 15:16:43,168 - WARNING - Duplicate entry for customer_id Fe5dDa1b7B3c7EB skipped.
2026-05-24 15:16:43,168 - WARNING - Duplicate entry for customer_id bb94A4cdAD16B0E skipped.
2026-05-24 15:16:43,169 - WARNING - Duplicate entry for customer_id 4E100fFA492E3fC skipped.
2026-05-24 15:16:43,169 - WARNING - Duplicate entry for customer_id f3D6d3A26eBFFAb skipped.
2026-05-24 15:16:43,169 - WARNING - Duplicate entry for customer_id 1C6C7B3e2617b55 skipped.
2026-05-24 15:16:43,169 - WARNING - Duplicate entry for customer_id 95F882c8ebf0cc3 skipped.
2026-05-24 15:16:43,169 - WARNING - Duplicate entry for customer_id 0DBfcB30c0D3EdC skipped.
2026-05-24 15:16:43,169 - WARNING - Duplicate entry for customer_id DbeFFa6cBE0f44a skipped.
2026-05-24 15:16:43,170 - WARNING - Duplicate entry for customer_id DEA5834A1ba5E7D skipped.
2026-05-24 15:16:43,170 - WARNING - Duplicate entry for customer_id 4b19DFf62a7Be0d skipped.
2026-05-24 15:16:43,170 - WARNING - Duplicate entry for customer_id B6FCA2Bf61a19CF skipped.
2026-05-24 15:16:43,170 - WARNING - Duplicate entry for customer_id 0b142ce72bf8AF8 skipped.
2026-05-24 15:16:43,170 - WARNING - Duplicate entry for customer_id A1Dd925888dCbEd skipped.
2026-05-24 15:16:43,170 - WARNING - Duplicate entry for customer_id 37778daaFD41EC4 skipped.
2026-05-24 15:16:43,171 - WARNING - Duplicate entry for customer_id 81FA5D97d96Fc6c skipped.
2026-05-24 15:16:43,171 - WARNING - Duplicate entry for customer_id B64Cde5cCE8f8D3 skipped.
2026-05-24 15:16:43,171 - WARNING - Duplicate entry for customer_id f0cd5Ad2B149F82 skipped.
2026-05-24 15:16:43,171 - WARNING - Duplicate entry for customer_id 8bd2A3b426e5851 skipped.
2026-05-24 15:16:43,171 - WARNING - Duplicate entry for customer_id 573F08aC80974Ce skipped.
2026-05-24 15:16:43,171 - WARNING - Duplicate entry for customer_id 71628DEb7dEBEF3 skipped.
2026-05-24 15:16:43,171 - WARNING - Duplicate entry for customer_id f232E2E9af95a1d skipped.
2026-05-24 15:16:43,172 - WARNING - Duplicate entry for customer_id 765daaEEECC07F4 skipped.
2026-05-24 15:16:43,172 - WARNING - Duplicate entry for customer_id 08a3cA5AcB14199 skipped.
2026-05-24 15:16:43,172 - WARNING - Duplicate entry for customer_id 7fEdb9Ec7af2d70 skipped.
2026-05-24 15:16:43,172 - WARNING - Duplicate entry for customer_id F4a4EC017A08De6 skipped.
2026-05-24 15:16:43,172 - WARNING - Duplicate entry for customer_id 7dafD51fecbF1f8 skipped.
2026-05-24 15:16:43,172 - WARNING - Duplicate entry for customer_id eDFfcd9AB07A33F skipped.
2026-05-24 15:16:43,173 - WARNING - Duplicate entry for customer_id 18E97f29B7B2df2 skipped.
2026-05-24 15:16:43,173 - WARNING - Duplicate entry for customer_id Ef37Ecb15BaC5D9 skipped.
2026-05-24 15:16:43,173 - WARNING - Duplicate entry for customer_id bD5A6B2EBdeEF95 skipped.
2026-05-24 15:16:43,173 - WARNING - Duplicate entry for customer_id db0d18D1374dBaC skipped.
2026-05-24 15:16:43,173 - WARNING - Duplicate entry for customer_id 7af6141EBcBCEda skipped.
2026-05-24 15:16:43,173 - WARNING - Duplicate entry for customer_id 4dDFBaA4e4bC29f skipped.
2026-05-24 15:16:43,174 - WARNING - Duplicate entry for customer_id ecd4a2f35fADc55 skipped.
2026-05-24 15:16:43,174 - WARNING - Duplicate entry for customer_id 36Bc0b09Fe542dC skipped.
2026-05-24 15:16:43,174 - WARNING - Duplicate entry for customer_id CeC40FA70a7CE35 skipped.
2026-05-24 15:16:43,174 - WARNING - Duplicate entry for customer_id AfBbac14dd9E5BD skipped.
2026-05-24 15:16:43,174 - WARNING - Duplicate entry for customer_id 74f512837b7F179 skipped.
2026-05-24 15:16:43,174 - WARNING - Duplicate entry for customer_id 5EbAB6F9a519dD5 skipped.
2026-05-24 15:16:43,175 - WARNING - Duplicate entry for customer_id E51a2f6ab11a5cf skipped.
2026-05-24 15:16:43,175 - WARNING - Duplicate entry for customer_id 2d6fccacB89Fc9a skipped.
2026-05-24 15:16:43,175 - WARNING - Duplicate entry for customer_id 42113293F4aEaAb skipped.
2026-05-24 15:16:43,175 - WARNING - Duplicate entry for customer_id D0db4FaD1ce14Ef skipped.
2026-05-24 15:16:43,175 - WARNING - Duplicate entry for customer_id C4d0ca467fCf58E skipped.
2026-05-24 15:16:43,175 - WARNING - Duplicate entry for customer_id Fc9d9497A53568a skipped.
2026-05-24 15:16:43,176 - WARNING - Duplicate entry for customer_id Aae9f03Bc2FC6F9 skipped.
2026-05-24 15:16:43,176 - WARNING - Duplicate entry for customer_id D5cA65aE99CF760 skipped.
2026-05-24 15:16:43,176 - WARNING - Duplicate entry for customer_id Ac021bD312b4Da8 skipped.
2026-05-24 15:16:43,176 - WARNING - Duplicate entry for customer_id 002c9A213Db0067 skipped.
2026-05-24 15:16:43,176 - WARNING - Duplicate entry for customer_id d5698dD6DD5624A skipped.
2026-05-24 15:16:43,176 - WARNING - Duplicate entry for customer_id AEECeE395D4F1B7 skipped.
2026-05-24 15:16:43,177 - WARNING - Duplicate entry for customer_id 8b6d8b16D0C3b24 skipped.
2026-05-24 15:16:43,177 - WARNING - Duplicate entry for customer_id 0Fdd59e7856db8f skipped.
2026-05-24 15:16:43,177 - WARNING - Duplicate entry for customer_id 7Cf4a2b0bdD4522 skipped.
2026-05-24 15:16:43,177 - WARNING - Duplicate entry for customer_id 52725aC4cFE8EE5 skipped.
2026-05-24 15:16:43,177 - WARNING - Duplicate entry for customer_id BE9daBEf6dCfD7C skipped.
2026-05-24 15:16:43,177 - WARNING - Duplicate entry for customer_id 84F1B290A0Fb1fc skipped.
2026-05-24 15:16:43,178 - WARNING - Duplicate entry for customer_id 1C1Dacf3d47eb8e skipped.
2026-05-24 15:16:43,178 - WARNING - Duplicate entry for customer_id a20F19CfE2aD0ca skipped.
2026-05-24 15:16:43,178 - WARNING - Duplicate entry for customer_id 7Af8fF9aF8A47C5 skipped.
2026-05-24 15:16:43,178 - WARNING - Duplicate entry for customer_id CFC6056BC2C3B0c skipped.
2026-05-24 15:16:43,178 - WARNING - Duplicate entry for customer_id Ae8C347aE0b3c5E skipped.
2026-05-24 15:16:43,178 - WARNING - Duplicate entry for customer_id 0EfcA43fbCdCDCC skipped.
2026-05-24 15:16:43,179 - WARNING - Duplicate entry for customer_id ffE8F5d071d1D48 skipped.
2026-05-24 15:16:43,179 - WARNING - Duplicate entry for customer_id 46fb14B9A0DEeeD skipped.
2026-05-24 15:16:43,179 - WARNING - Duplicate entry for customer_id 0274db23E8f20bd skipped.
2026-05-24 15:16:43,179 - WARNING - Duplicate entry for customer_id B56fCA985Bd5fC5 skipped.
2026-05-24 15:16:43,179 - WARNING - Duplicate entry for customer_id 2Cde1Ce64CeD4aF skipped.
2026-05-24 15:16:43,179 - WARNING - Duplicate entry for customer_id cB72F31ebEE5f76 skipped.
2026-05-24 15:16:43,180 - WARNING - Duplicate entry for customer_id cAEbCE6A6b23c32 skipped.
2026-05-24 15:16:43,180 - WARNING - Duplicate entry for customer_id 23d0d1CB661AE47 skipped.
2026-05-24 15:16:43,180 - WARNING - Duplicate entry for customer_id 6F3dE3F6dE0F8f0 skipped.
2026-05-24 15:16:43,180 - WARNING - Duplicate entry for customer_id e3eDEACd48Eb36A skipped.
2026-05-24 15:16:43,180 - WARNING - Duplicate entry for customer_id 0C18158818033b1 skipped.
2026-05-24 15:16:43,180 - WARNING - Duplicate entry for customer_id 6f4b0e8ef9ee1fF skipped.
2026-05-24 15:16:43,181 - WARNING - Duplicate entry for customer_id Fe7e4bb1CB8EEF9 skipped.
2026-05-24 15:16:43,181 - WARNING - Duplicate entry for customer_id d291Dd7bAC89dC1 skipped.
2026-05-24 15:16:43,181 - WARNING - Duplicate entry for customer_id 52C9b5E837d2EfE skipped.
2026-05-24 15:16:43,181 - WARNING - Duplicate entry for customer_id 20D4eB7Cf91Ff0B skipped.
2026-05-24 15:16:43,181 - WARNING - Duplicate entry for customer_id BAFdDdf03E7560e skipped.
2026-05-24 15:16:43,181 - WARNING - Duplicate entry for customer_id f0daf364d8fC752 skipped.
2026-05-24 15:16:43,181 - WARNING - Duplicate entry for customer_id A7d0eb4f6Bb890f skipped.
2026-05-24 15:16:43,182 - WARNING - Duplicate entry for customer_id Ae9Cd0e71d62d03 skipped.
2026-05-24 15:16:43,182 - WARNING - Duplicate entry for customer_id B8Fdde1a5d41fF3 skipped.
2026-05-24 15:16:43,182 - WARNING - Duplicate entry for customer_id a807843FaFA5C15 skipped.
2026-05-24 15:16:43,182 - WARNING - Duplicate entry for customer_id D39B2f3649fA9dF skipped.
2026-05-24 15:16:43,182 - WARNING - Duplicate entry for customer_id 09193dD798CFB29 skipped.
2026-05-24 15:16:43,182 - WARNING - Duplicate entry for customer_id 3bD1F8c48B36CDa skipped.
2026-05-24 15:16:43,183 - WARNING - Duplicate entry for customer_id 2420Ef1d4C72c29 skipped.
2026-05-24 15:16:43,183 - WARNING - Duplicate entry for customer_id F6F275AfDfb5eF6 skipped.
2026-05-24 15:16:43,183 - WARNING - Duplicate entry for customer_id FE61cAD2efceeAa skipped.
2026-05-24 15:16:43,183 - WARNING - Duplicate entry for customer_id eBE184BCd649Bcf skipped.
2026-05-24 15:16:43,183 - WARNING - Duplicate entry for customer_id ACf20DbBECE71D1 skipped.
2026-05-24 15:16:43,183 - WARNING - Duplicate entry for customer_id 72D47bcC2bbAA9d skipped.
2026-05-24 15:16:43,184 - WARNING - Duplicate entry for customer_id 4AD57F8c4B26e0d skipped.
2026-05-24 15:16:43,184 - WARNING - Duplicate entry for customer_id 2BfbC3b46ACf9f5 skipped.
2026-05-24 15:16:43,184 - WARNING - Duplicate entry for customer_id 66C4aAA315fEFa2 skipped.
2026-05-24 15:16:43,184 - WARNING - Duplicate entry for customer_id 9FF418832B9D63E skipped.
2026-05-24 15:16:43,184 - WARNING - Duplicate entry for customer_id a9E42BCDBa2Cd83 skipped.
2026-05-24 15:16:43,184 - WARNING - Duplicate entry for customer_id 079DE71dEE3AFFb skipped.
2026-05-24 15:16:43,185 - WARNING - Duplicate entry for customer_id CC499DaFEDdD3b8 skipped.
2026-05-24 15:16:43,185 - WARNING - Duplicate entry for customer_id abC0f3FEb576DFA skipped.
2026-05-24 15:16:43,185 - WARNING - Duplicate entry for customer_id 2b6221ca8A40B98 skipped.
2026-05-24 15:16:43,185 - WARNING - Duplicate entry for customer_id 7c5a7CeFA99bd34 skipped.
2026-05-24 15:16:43,185 - WARNING - Duplicate entry for customer_id 90F1B3e4df1a842 skipped.
2026-05-24 15:16:43,185 - WARNING - Duplicate entry for customer_id e92cB5ed6CAADf7 skipped.
2026-05-24 15:16:43,186 - WARNING - Duplicate entry for customer_id 5FDFdB02Df1a7Ca skipped.
2026-05-24 15:16:43,186 - WARNING - Duplicate entry for customer_id 4aA88FE64a6c1f6 skipped.
2026-05-24 15:16:43,186 - WARNING - Duplicate entry for customer_id 77DCBC5D6aba4CB skipped.
2026-05-24 15:16:43,186 - WARNING - Duplicate entry for customer_id F02fBDABc21Cdc3 skipped.
2026-05-24 15:16:43,186 - WARNING - Duplicate entry for customer_id e4BD1EDbA0ecBEC skipped.
2026-05-24 15:16:43,186 - WARNING - Duplicate entry for customer_id FA5eC394A3EbD31 skipped.
2026-05-24 15:16:43,187 - WARNING - Duplicate entry for customer_id 6C99B9dACFaA5D3 skipped.
2026-05-24 15:16:43,187 - WARNING - Duplicate entry for customer_id 2dF8514Ea0Cfc1D skipped.
2026-05-24 15:16:43,187 - WARNING - Duplicate entry for customer_id dc1A7c225E1Da1C skipped.
2026-05-24 15:16:43,187 - WARNING - Duplicate entry for customer_id A73AFAd83b81E73 skipped.
2026-05-24 15:16:43,187 - WARNING - Duplicate entry for customer_id cDBe5cFdbB3Ae4F skipped.
2026-05-24 15:16:43,187 - WARNING - Duplicate entry for customer_id EFAbeA7ac6B6BB3 skipped.
2026-05-24 15:16:43,188 - WARNING - Duplicate entry for customer_id 6af3BfF9eb61f80 skipped.
2026-05-24 15:16:43,188 - WARNING - Duplicate entry for customer_id E72F96eAffCfebA skipped.
2026-05-24 15:16:43,188 - WARNING - Duplicate entry for customer_id cdbf992db6BE7Ec skipped.
2026-05-24 15:16:43,188 - WARNING - Duplicate entry for customer_id A29Fd2CbDfEBdF0 skipped.
2026-05-24 15:16:43,188 - WARNING - Duplicate entry for customer_id af2D2C5b68fFb83 skipped.
2026-05-24 15:16:43,188 - WARNING - Duplicate entry for customer_id 90ddbC31FeE6Cd2 skipped.
2026-05-24 15:16:43,189 - WARNING - Duplicate entry for customer_id B480754c5Be9fD2 skipped.
2026-05-24 15:16:43,189 - WARNING - Duplicate entry for customer_id d24a6DdAD1FD742 skipped.
2026-05-24 15:16:43,189 - WARNING - Duplicate entry for customer_id 1B3ce68C7522dab skipped.
2026-05-24 15:16:43,189 - WARNING - Duplicate entry for customer_id 53d3cC4E7e029bB skipped.
2026-05-24 15:16:43,189 - WARNING - Duplicate entry for customer_id 90f5af7C2cBDe94 skipped.
2026-05-24 15:16:43,189 - WARNING - Duplicate entry for customer_id a5B335e09dFcA76 skipped.
2026-05-24 15:16:43,189 - WARNING - Duplicate entry for customer_id eB21Bf50Cee268E skipped.
2026-05-24 15:16:43,190 - WARNING - Duplicate entry for customer_id 4289fe97718be15 skipped.
2026-05-24 15:16:43,190 - WARNING - Duplicate entry for customer_id 4Bb1D5D38Fd23FD skipped.
2026-05-24 15:16:43,190 - WARNING - Duplicate entry for customer_id 11ffb40267Db802 skipped.
2026-05-24 15:16:43,190 - WARNING - Duplicate entry for customer_id BCcebE096E2329B skipped.
2026-05-24 15:16:43,190 - WARNING - Duplicate entry for customer_id bc41735a1b5cBBB skipped.
2026-05-24 15:16:43,190 - WARNING - Duplicate entry for customer_id 31FAbECce962766 skipped.
2026-05-24 15:16:43,191 - WARNING - Duplicate entry for customer_id B8B1EdbbbF08c2c skipped.
2026-05-24 15:16:43,191 - WARNING - Duplicate entry for customer_id aD0CaDFf8b23B92 skipped.
2026-05-24 15:16:43,191 - WARNING - Duplicate entry for customer_id 77eb3D79aE7FFB3 skipped.
2026-05-24 15:16:43,191 - WARNING - Duplicate entry for customer_id 1f1c661cF5Fa2cA skipped.
2026-05-24 15:16:43,191 - WARNING - Duplicate entry for customer_id 12b349ebc8c41Fa skipped.
2026-05-24 15:16:43,191 - WARNING - Duplicate entry for customer_id 8FdAcADb8bD362C skipped.
2026-05-24 15:16:43,192 - WARNING - Duplicate entry for customer_id bbb16Bf455CeC9f skipped.
2026-05-24 15:16:43,192 - WARNING - Duplicate entry for customer_id B4BEf2a9E3ff02B skipped.
2026-05-24 15:16:43,192 - WARNING - Duplicate entry for customer_id fEa0051a1EA238A skipped.
2026-05-24 15:16:43,192 - WARNING - Duplicate entry for customer_id c1803aA7dBF4fA6 skipped.
2026-05-24 15:16:43,192 - WARNING - Duplicate entry for customer_id aC2BdC8A1093b60 skipped.
2026-05-24 15:16:43,192 - WARNING - Duplicate entry for customer_id E9DDfBc16fA07b8 skipped.
2026-05-24 15:16:43,193 - WARNING - Duplicate entry for customer_id 223fD1E2b32101D skipped.
2026-05-24 15:16:43,193 - WARNING - Duplicate entry for customer_id 62aEeB2EA3CD9E9 skipped.
2026-05-24 15:16:43,193 - WARNING - Duplicate entry for customer_id fE82a9493bcA35B skipped.
2026-05-24 15:16:43,193 - WARNING - Duplicate entry for customer_id 7A671fbBAb661E6 skipped.
2026-05-24 15:16:43,193 - WARNING - Duplicate entry for customer_id 684befCF02AeFf7 skipped.
2026-05-24 15:16:43,193 - WARNING - Duplicate entry for customer_id 7CEc10576a8127e skipped.
2026-05-24 15:16:43,194 - WARNING - Duplicate entry for customer_id F2A5E6Baad44E89 skipped.
2026-05-24 15:16:43,194 - WARNING - Duplicate entry for customer_id 34aC4746EfbD7cb skipped.
2026-05-24 15:16:43,194 - WARNING - Duplicate entry for customer_id EDA3D13E1858dF5 skipped.
2026-05-24 15:16:43,194 - WARNING - Duplicate entry for customer_id dc0aC8C1d81AAaA skipped.
2026-05-24 15:16:43,194 - WARNING - Duplicate entry for customer_id 9a30Bfd62Ab7BC2 skipped.
2026-05-24 15:16:43,194 - WARNING - Duplicate entry for customer_id Dc8DF1FB64E24C8 skipped.
2026-05-24 15:16:43,195 - WARNING - Duplicate entry for customer_id C4d519Dfb0DA5c7 skipped.
2026-05-24 15:16:43,195 - WARNING - Duplicate entry for customer_id Db4B1F86Ee2fD65 skipped.
2026-05-24 15:16:43,195 - WARNING - Duplicate entry for customer_id 271dffEbDb9f816 skipped.
2026-05-24 15:16:43,195 - WARNING - Duplicate entry for customer_id FA6a1B1Fc04B8EE skipped.
2026-05-24 15:16:43,195 - WARNING - Duplicate entry for customer_id FE4C2A12696Da3F skipped.
2026-05-24 15:16:43,195 - WARNING - Duplicate entry for customer_id 3dDfaA2327886E9 skipped.
2026-05-24 15:16:43,196 - WARNING - Duplicate entry for customer_id BD1deD31a3aA0DE skipped.
2026-05-24 15:16:43,196 - WARNING - Duplicate entry for customer_id 0c51e11999e0AFd skipped.
2026-05-24 15:16:43,196 - WARNING - Duplicate entry for customer_id D587E5CF497946C skipped.
2026-05-24 15:16:43,196 - WARNING - Duplicate entry for customer_id afC5fBDC4FFFE8f skipped.
2026-05-24 15:16:43,196 - WARNING - Duplicate entry for customer_id 5fE0D8439cF1ADa skipped.
2026-05-24 15:16:43,196 - WARNING - Duplicate entry for customer_id 06e8FD29ea896Aa skipped.
2026-05-24 15:16:43,197 - WARNING - Duplicate entry for customer_id A7bdD273350e6C9 skipped.
2026-05-24 15:16:43,197 - WARNING - Duplicate entry for customer_id adAA90eC2d4D59A skipped.
2026-05-24 15:16:43,197 - WARNING - Duplicate entry for customer_id 4A231C5DceB9739 skipped.
2026-05-24 15:16:43,197 - WARNING - Duplicate entry for customer_id 1aeE81d4dD1C47d skipped.
2026-05-24 15:16:43,197 - WARNING - Duplicate entry for customer_id 10F81cEE6065efd skipped.
2026-05-24 15:16:43,197 - WARNING - Duplicate entry for customer_id 8d2Fea5a6AdC2bA skipped.
2026-05-24 15:16:43,197 - WARNING - Duplicate entry for customer_id 0c513bE2Ef3E658 skipped.
2026-05-24 15:16:43,198 - WARNING - Duplicate entry for customer_id bBEEd0afFa68EDa skipped.
2026-05-24 15:16:43,198 - WARNING - Duplicate entry for customer_id 6140fD9b8bEf5da skipped.
2026-05-24 15:16:43,198 - WARNING - Duplicate entry for customer_id 7c71384AabBEd7a skipped.
2026-05-24 15:16:43,198 - WARNING - Duplicate entry for customer_id a5cAAaeD7Bc74Ba skipped.
2026-05-24 15:16:43,198 - WARNING - Duplicate entry for customer_id Accc1dd8fafEbfA skipped.
2026-05-24 15:16:43,198 - WARNING - Duplicate entry for customer_id 78B0329Ce7DeDea skipped.
2026-05-24 15:16:43,199 - WARNING - Duplicate entry for customer_id 724a0B2081Bf67B skipped.
2026-05-24 15:16:43,199 - WARNING - Duplicate entry for customer_id 064ae539Cc1BA9C skipped.
2026-05-24 15:16:43,199 - WARNING - Duplicate entry for customer_id AD06dc859BACdBC skipped.
2026-05-24 15:16:43,199 - WARNING - Duplicate entry for customer_id 5aDDF9dF3CD1E1b skipped.
2026-05-24 15:16:43,199 - WARNING - Duplicate entry for customer_id 2ae4f6e677f1FEF skipped.
2026-05-24 15:16:43,199 - WARNING - Duplicate entry for customer_id F05cA3cFf1Ed285 skipped.
2026-05-24 15:16:43,200 - WARNING - Duplicate entry for customer_id 9a7Cbd5055ceB62 skipped.
2026-05-24 15:16:43,200 - WARNING - Duplicate entry for customer_id DcA3aBa0cEF4342 skipped.
2026-05-24 15:16:43,200 - WARNING - Duplicate entry for customer_id cEAcd7EB0dF56B7 skipped.
2026-05-24 15:16:43,200 - WARNING - Duplicate entry for customer_id Dbff2b9BD9220BC skipped.
2026-05-24 15:16:43,200 - WARNING - Duplicate entry for customer_id 89A9A525b79da34 skipped.
2026-05-24 15:16:43,200 - WARNING - Duplicate entry for customer_id 1af73b0bE86AeeF skipped.
2026-05-24 15:16:43,201 - WARNING - Duplicate entry for customer_id 8054ECF4eF1CeF2 skipped.
2026-05-24 15:16:43,201 - WARNING - Duplicate entry for customer_id 26E14acEb9c3dE4 skipped.
2026-05-24 15:16:43,201 - WARNING - Duplicate entry for customer_id D4Aa5659f26c836 skipped.
2026-05-24 15:16:43,201 - WARNING - Duplicate entry for customer_id 53a3B3aA7e63a0F skipped.
2026-05-24 15:16:43,201 - WARNING - Duplicate entry for customer_id 0ddacBAAcFA4C2f skipped.
2026-05-24 15:16:43,202 - WARNING - Duplicate entry for customer_id dfAFEdCbf5D7ce4 skipped.
2026-05-24 15:16:43,202 - WARNING - Duplicate entry for customer_id 590a7D15caCe9eD skipped.
2026-05-24 15:16:43,202 - WARNING - Duplicate entry for customer_id 8deC6E8057ABfE9 skipped.
2026-05-24 15:16:43,202 - WARNING - Duplicate entry for customer_id 4aC6cE57Dc887bE skipped.
2026-05-24 15:16:43,202 - WARNING - Duplicate entry for customer_id E9a689c736ef033 skipped.
2026-05-24 15:16:43,202 - WARNING - Duplicate entry for customer_id F82b6FDf077E8c7 skipped.
2026-05-24 15:16:43,203 - WARNING - Duplicate entry for customer_id 0BCe8B6CCbdF701 skipped.
2026-05-24 15:16:43,203 - WARNING - Duplicate entry for customer_id 3d4AEe4F87bccd1 skipped.
2026-05-24 15:16:43,203 - WARNING - Duplicate entry for customer_id 2Ba8B54fb7a9cDB skipped.
2026-05-24 15:16:43,203 - WARNING - Duplicate entry for customer_id 57D3fEC7aAeCEDc skipped.
2026-05-24 15:16:43,203 - WARNING - Duplicate entry for customer_id E0BD8d8E73348Ba skipped.
2026-05-24 15:16:43,203 - WARNING - Duplicate entry for customer_id 05CeeD0bFdFf4Ef skipped.
2026-05-24 15:16:43,203 - WARNING - Duplicate entry for customer_id Ba74a4190Ea89fD skipped.
2026-05-24 15:16:43,204 - WARNING - Duplicate entry for customer_id 1fBDc535F57Cd32 skipped.
2026-05-24 15:16:43,204 - WARNING - Duplicate entry for customer_id aAba4dc4C0AA9dc skipped.
2026-05-24 15:16:43,204 - WARNING - Duplicate entry for customer_id ab25b3a4dACFB72 skipped.
2026-05-24 15:16:43,204 - WARNING - Duplicate entry for customer_id 9dc1CBC08CD5fFc skipped.
2026-05-24 15:16:43,204 - WARNING - Duplicate entry for customer_id 9a100203128534C skipped.
2026-05-24 15:16:43,204 - WARNING - Duplicate entry for customer_id 4A1ff961e9Dc6aA skipped.
2026-05-24 15:16:43,205 - WARNING - Duplicate entry for customer_id D5E2D45D2b42BFF skipped.
2026-05-24 15:16:43,205 - WARNING - Duplicate entry for customer_id 7d4B6DA49e3D315 skipped.
2026-05-24 15:16:43,205 - WARNING - Duplicate entry for customer_id e82B74D5DD08Eda skipped.
2026-05-24 15:16:43,205 - WARNING - Duplicate entry for customer_id d0D239b1D4FFC05 skipped.
2026-05-24 15:16:43,205 - WARNING - Duplicate entry for customer_id d1335FA9C3F7deE skipped.
2026-05-24 15:16:43,205 - WARNING - Duplicate entry for customer_id CC6DEE7BAfA2b0C skipped.
2026-05-24 15:16:43,206 - WARNING - Duplicate entry for customer_id 3E5fe1dB04d9d64 skipped.
2026-05-24 15:16:43,206 - WARNING - Duplicate entry for customer_id F5F0d6B7dBEc22E skipped.
2026-05-24 15:16:43,206 - WARNING - Duplicate entry for customer_id 8afAf9c570aBeE7 skipped.
2026-05-24 15:16:43,206 - WARNING - Duplicate entry for customer_id 3Fe2CbaE30bdF77 skipped.
2026-05-24 15:16:43,206 - WARNING - Duplicate entry for customer_id 7bEBEE4079e5ABb skipped.
2026-05-24 15:16:43,206 - WARNING - Duplicate entry for customer_id fcb32CfCCaE054C skipped.
2026-05-24 15:16:43,207 - WARNING - Duplicate entry for customer_id DcEbb7E5B6CAcB6 skipped.
2026-05-24 15:16:43,207 - WARNING - Duplicate entry for customer_id 48d073fdcFBcbBE skipped.
2026-05-24 15:16:43,207 - WARNING - Duplicate entry for customer_id 806DBC6fcaF0E9D skipped.
2026-05-24 15:16:43,207 - WARNING - Duplicate entry for customer_id 5CAC1538292a55D skipped.
2026-05-24 15:16:43,207 - WARNING - Duplicate entry for customer_id 690D995dAF9f4c4 skipped.
2026-05-24 15:16:43,207 - WARNING - Duplicate entry for customer_id a90DaCCBF50263f skipped.
2026-05-24 15:16:43,208 - WARNING - Duplicate entry for customer_id FCe3d4F91F1f9cF skipped.
2026-05-24 15:16:43,208 - WARNING - Duplicate entry for customer_id fc326c8DcEC2EcD skipped.
2026-05-24 15:16:43,208 - WARNING - Duplicate entry for customer_id d268cFcCA1f1ffA skipped.
2026-05-24 15:16:43,208 - WARNING - Duplicate entry for customer_id 45e85eD91DE9cFb skipped.
2026-05-24 15:16:43,208 - WARNING - Duplicate entry for customer_id a5C40E07EBd3875 skipped.
2026-05-24 15:16:43,208 - WARNING - Duplicate entry for customer_id 40e1B08BeD056A3 skipped.
2026-05-24 15:16:43,209 - WARNING - Duplicate entry for customer_id c9c2C2AEc9caD3a skipped.
2026-05-24 15:16:43,209 - WARNING - Duplicate entry for customer_id a633a7f3C9B5Dc6 skipped.
2026-05-24 15:16:43,209 - WARNING - Duplicate entry for customer_id 5162a6aE402a0c6 skipped.
2026-05-24 15:16:43,209 - WARNING - Duplicate entry for customer_id DDbFba721AC7d3d skipped.
2026-05-24 15:16:43,209 - WARNING - Duplicate entry for customer_id 86adca7aC49faC8 skipped.
2026-05-24 15:16:43,209 - WARNING - Duplicate entry for customer_id AFfCe84Edb17adc skipped.
2026-05-24 15:16:43,209 - WARNING - Duplicate entry for customer_id e5Fd9db6dF905EF skipped.
2026-05-24 15:16:43,210 - WARNING - Duplicate entry for customer_id 8e1C3eFE6EB28A5 skipped.
2026-05-24 15:16:43,210 - WARNING - Duplicate entry for customer_id 4357eFC7FB4439C skipped.
2026-05-24 15:16:43,210 - WARNING - Duplicate entry for customer_id f9bAA2FC2A7e0eA skipped.
2026-05-24 15:16:43,210 - WARNING - Duplicate entry for customer_id d0EDae6aC12133F skipped.
2026-05-24 15:16:43,210 - WARNING - Duplicate entry for customer_id 8B4cDEf8Fc9EA89 skipped.
2026-05-24 15:16:43,210 - WARNING - Duplicate entry for customer_id 8dB73bC702FeAbc skipped.
2026-05-24 15:16:43,211 - WARNING - Duplicate entry for customer_id 418Cc64f9d2b3B6 skipped.
2026-05-24 15:16:43,211 - WARNING - Duplicate entry for customer_id 344A16A0C7feBCf skipped.
2026-05-24 15:16:43,211 - WARNING - Duplicate entry for customer_id A8c388CC47DcF22 skipped.
2026-05-24 15:16:43,211 - WARNING - Duplicate entry for customer_id DBFCf4ef29d36d3 skipped.
2026-05-24 15:16:43,211 - WARNING - Duplicate entry for customer_id b29BB98128A42eb skipped.
2026-05-24 15:16:43,211 - WARNING - Duplicate entry for customer_id 0Bb3cBf4c51Bdd6 skipped.
2026-05-24 15:16:43,212 - WARNING - Duplicate entry for customer_id 241B20c8a30746b skipped.
2026-05-24 15:16:43,212 - WARNING - Duplicate entry for customer_id aA5c0F4dedefEf2 skipped.
2026-05-24 15:16:43,212 - WARNING - Duplicate entry for customer_id d6cfDDFe3fd72CE skipped.
2026-05-24 15:16:43,212 - WARNING - Duplicate entry for customer_id D8F2ccd0f4bEceA skipped.
2026-05-24 15:16:43,212 - WARNING - Duplicate entry for customer_id 753E24365A51CAC skipped.
2026-05-24 15:16:43,212 - WARNING - Duplicate entry for customer_id F7DFD12cDbe29Ec skipped.
2026-05-24 15:16:43,213 - WARNING - Duplicate entry for customer_id eed3Be5e7A62DEF skipped.
2026-05-24 15:16:43,213 - WARNING - Duplicate entry for customer_id eBFbD846CcAE6bc skipped.
2026-05-24 15:16:43,213 - WARNING - Duplicate entry for customer_id 6e8f4DDbab9c73f skipped.
2026-05-24 15:16:43,213 - WARNING - Duplicate entry for customer_id 3ecf04b7DBFCBD6 skipped.
2026-05-24 15:16:43,213 - WARNING - Duplicate entry for customer_id a3E9d65eaB46Ac9 skipped.
2026-05-24 15:16:43,213 - WARNING - Duplicate entry for customer_id 220d9fFC0d86592 skipped.
2026-05-24 15:16:43,214 - WARNING - Duplicate entry for customer_id 53B031B713b45aC skipped.
2026-05-24 15:16:43,214 - WARNING - Duplicate entry for customer_id 6c59A2C1eF89B3B skipped.
2026-05-24 15:16:43,214 - WARNING - Duplicate entry for customer_id C5a46C5E57D2a4F skipped.
2026-05-24 15:16:43,214 - WARNING - Duplicate entry for customer_id eccfaf82F414BFb skipped.
2026-05-24 15:16:43,214 - WARNING - Duplicate entry for customer_id dBBAff2e0aCCdF9 skipped.
2026-05-24 15:16:43,214 - WARNING - Duplicate entry for customer_id cFA09AcDD9F8c33 skipped.
2026-05-24 15:16:43,214 - WARNING - Duplicate entry for customer_id E41Ac1BB8A764dC skipped.
2026-05-24 15:16:43,215 - WARNING - Duplicate entry for customer_id dEABaFeF51dc23F skipped.
2026-05-24 15:16:43,215 - WARNING - Duplicate entry for customer_id E4efFE26A13a5AB skipped.
2026-05-24 15:16:43,215 - WARNING - Duplicate entry for customer_id 13fFEAfb9f4DabD skipped.
2026-05-24 15:16:43,215 - WARNING - Duplicate entry for customer_id 4c8844EB97f0e75 skipped.
2026-05-24 15:16:43,215 - WARNING - Duplicate entry for customer_id 5EE87b91F488bEF skipped.
2026-05-24 15:16:43,215 - WARNING - Duplicate entry for customer_id 2fa651E2e475327 skipped.
2026-05-24 15:16:43,216 - WARNING - Duplicate entry for customer_id 3F268B8b63a7Ee1 skipped.
2026-05-24 15:16:43,216 - WARNING - Duplicate entry for customer_id A5e1e33Ca19a55a skipped.
2026-05-24 15:16:43,216 - WARNING - Duplicate entry for customer_id daC7B2Ba7659be3 skipped.
2026-05-24 15:16:43,216 - WARNING - Duplicate entry for customer_id F83cA67fFd871a5 skipped.
2026-05-24 15:16:43,216 - WARNING - Duplicate entry for customer_id B1BF2A6fe2fCb01 skipped.
2026-05-24 15:16:43,216 - WARNING - Duplicate entry for customer_id 1B3be3D5fB55bb6 skipped.
2026-05-24 15:16:43,217 - WARNING - Duplicate entry for customer_id a9feB7dCD2FFd4e skipped.
2026-05-24 15:16:43,217 - WARNING - Duplicate entry for customer_id 43fe2d321B8C7B0 skipped.
2026-05-24 15:16:43,217 - WARNING - Duplicate entry for customer_id bDfBAf9bbE8c03B skipped.
2026-05-24 15:16:43,217 - WARNING - Duplicate entry for customer_id cfC46fCFF88DaF9 skipped.
2026-05-24 15:16:43,217 - WARNING - Duplicate entry for customer_id 27cAAd4e0DD5598 skipped.
2026-05-24 15:16:43,217 - WARNING - Duplicate entry for customer_id 48aACDdf7EECADe skipped.
2026-05-24 15:16:43,218 - WARNING - Duplicate entry for customer_id b8ef0f40D818b8D skipped.
2026-05-24 15:16:43,218 - WARNING - Duplicate entry for customer_id dCAEa0C51c5BC79 skipped.
2026-05-24 15:16:43,218 - WARNING - Duplicate entry for customer_id dc9c71CeFaCBfc7 skipped.
2026-05-24 15:16:43,218 - WARNING - Duplicate entry for customer_id 0E73a97E694aA57 skipped.
2026-05-24 15:16:43,218 - WARNING - Duplicate entry for customer_id a59571eD1ebab1B skipped.
2026-05-24 15:16:43,218 - WARNING - Duplicate entry for customer_id B8F7cfC1d62b18a skipped.
2026-05-24 15:16:43,219 - WARNING - Duplicate entry for customer_id b24e1FB162012BE skipped.
2026-05-24 15:16:43,219 - WARNING - Duplicate entry for customer_id d5c6BC7C1dc0FAf skipped.
2026-05-24 15:16:43,219 - WARNING - Duplicate entry for customer_id 511aEB7e064eBe7 skipped.
2026-05-24 15:16:43,219 - WARNING - Duplicate entry for customer_id 6e4bf2f463Dbac6 skipped.
2026-05-24 15:16:43,219 - WARNING - Duplicate entry for customer_id abCf34aEAe47beD skipped.
2026-05-24 15:16:43,219 - WARNING - Duplicate entry for customer_id Bac32EfAEEEbbB2 skipped.
2026-05-24 15:16:43,219 - WARNING - Duplicate entry for customer_id F2DB5BF7E37e69E skipped.
2026-05-24 15:16:43,220 - WARNING - Duplicate entry for customer_id 33AfECB93C9572B skipped.
2026-05-24 15:16:43,220 - WARNING - Duplicate entry for customer_id 16D51395c3EBE0e skipped.
2026-05-24 15:16:43,220 - WARNING - Duplicate entry for customer_id F9F39Bfe4f410fB skipped.
2026-05-24 15:16:43,220 - WARNING - Duplicate entry for customer_id Ed05E52c79AD1F2 skipped.
2026-05-24 15:16:43,220 - WARNING - Duplicate entry for customer_id d2f7Eb743D22D4E skipped.
2026-05-24 15:16:43,220 - WARNING - Duplicate entry for customer_id 8Ac01DF5f9Fc86E skipped.
2026-05-24 15:16:43,221 - WARNING - Duplicate entry for customer_id B514ed4fE9823f9 skipped.
2026-05-24 15:16:43,221 - WARNING - Duplicate entry for customer_id 347Bfe8615fF804 skipped.
2026-05-24 15:16:43,221 - WARNING - Duplicate entry for customer_id 2141FBB77A7D2E6 skipped.
2026-05-24 15:16:43,221 - WARNING - Duplicate entry for customer_id 637675c8c0BA49e skipped.
2026-05-24 15:16:43,221 - WARNING - Duplicate entry for customer_id B44fd0024F9F853 skipped.
2026-05-24 15:16:43,221 - WARNING - Duplicate entry for customer_id 1dFa2Ae2BA1c6b7 skipped.
2026-05-24 15:16:43,222 - WARNING - Duplicate entry for customer_id cEb0837433A348b skipped.
2026-05-24 15:16:43,222 - WARNING - Duplicate entry for customer_id Ff2d5a11Cc04713 skipped.
2026-05-24 15:16:43,222 - WARNING - Duplicate entry for customer_id fDeEA94e308E40B skipped.
2026-05-24 15:16:43,222 - WARNING - Duplicate entry for customer_id e847e7A59d5b79C skipped.
2026-05-24 15:16:43,222 - WARNING - Duplicate entry for customer_id e9d6Dbc37c7FEca skipped.
2026-05-24 15:16:43,222 - WARNING - Duplicate entry for customer_id e4D86CB5ED2a7c6 skipped.
2026-05-24 15:16:43,223 - WARNING - Duplicate entry for customer_id bafc42A5bdEdcCB skipped.
2026-05-24 15:16:43,223 - WARNING - Duplicate entry for customer_id 10f6fe41F7f714c skipped.
2026-05-24 15:16:43,223 - WARNING - Duplicate entry for customer_id d9f860f54bF823e skipped.
2026-05-24 15:16:43,223 - WARNING - Duplicate entry for customer_id aB56cEcDBa37C34 skipped.
2026-05-24 15:16:43,223 - WARNING - Duplicate entry for customer_id b87FD93cE2b0D61 skipped.
2026-05-24 15:16:43,223 - WARNING - Duplicate entry for customer_id 0DC07FbBC85ac2C skipped.
2026-05-24 15:16:43,224 - WARNING - Duplicate entry for customer_id c9c09BdD3c9de1a skipped.
2026-05-24 15:16:43,224 - WARNING - Duplicate entry for customer_id FbcCaF483aFaFAE skipped.
2026-05-24 15:16:43,224 - WARNING - Duplicate entry for customer_id 979c4D58Ae9a9cc skipped.
2026-05-24 15:16:43,224 - WARNING - Duplicate entry for customer_id D0DcF6a4BcefCc8 skipped.
2026-05-24 15:16:43,224 - WARNING - Duplicate entry for customer_id 90EE9CbbDa374E9 skipped.
2026-05-24 15:16:43,224 - WARNING - Duplicate entry for customer_id 51732B5b2328015 skipped.
2026-05-24 15:16:43,224 - INFO - Successfully loaded 0 rows and skipped 1000 duplicate rows.
2026-05-24 15:16:43,224 - INFO - ETL job completed: 0 rows inserted, 1000 duplicate rows skipped.
2026-05-24 15:19:01,072 - INFO - ETL pipeline loading started.
2026-05-24 15:19:01,114 - WARNING - Duplicate entry for customer_id dE014d010c7ab0c skipped.
2026-05-24 15:19:01,115 - WARNING - Duplicate entry for customer_id 2B54172c8b65eC3 skipped.
2026-05-24 15:19:01,115 - WARNING - Duplicate entry for customer_id d794Dd48988d2ac skipped.
2026-05-24 15:19:01,116 - WARNING - Duplicate entry for customer_id 3b3Aa4aCc68f3Be skipped.
2026-05-24 15:19:01,117 - WARNING - Duplicate entry for customer_id D60df62ad2ae41E skipped.
2026-05-24 15:19:01,117 - WARNING - Duplicate entry for customer_id 8aaa5d0CE9ee311 skipped.
2026-05-24 15:19:01,118 - WARNING - Duplicate entry for customer_id 73B22Ac8A43DD1A skipped.
2026-05-24 15:19:01,118 - WARNING - Duplicate entry for customer_id DC94CCd993D311b skipped.
2026-05-24 15:19:01,119 - WARNING - Duplicate entry for customer_id 9Ba746Cb790FED9 skipped.
2026-05-24 15:19:01,120 - WARNING - Duplicate entry for customer_id aAa1EDfaA70DA0c skipped.
2026-05-24 15:19:01,120 - WARNING - Duplicate entry for customer_id bf104C25d0BA4E1 skipped.
2026-05-24 15:19:01,121 - WARNING - Duplicate entry for customer_id bf2fA37cbAd7dDc skipped.
2026-05-24 15:19:01,121 - WARNING - Duplicate entry for customer_id 4fa8ffcdBbf53bB skipped.
2026-05-24 15:19:01,122 - WARNING - Duplicate entry for customer_id aBd960429ecd363 skipped.
2026-05-24 15:19:01,122 - WARNING - Duplicate entry for customer_id 2a0c691Ce19C6f3 skipped.
2026-05-24 15:19:01,123 - WARNING - Duplicate entry for customer_id B58fecf82f997Dd skipped.
2026-05-24 15:19:01,124 - WARNING - Duplicate entry for customer_id 41d0201DcF028b5 skipped.
2026-05-24 15:19:01,124 - WARNING - Duplicate entry for customer_id B1A1b09CD5C3b6a skipped.
2026-05-24 15:19:01,124 - WARNING - Duplicate entry for customer_id ba5a73D210dCcE4 skipped.
2026-05-24 15:19:01,125 - WARNING - Duplicate entry for customer_id F6cD561cecdfA6d skipped.
2026-05-24 15:19:01,125 - WARNING - Duplicate entry for customer_id dEb9310eec04a8D skipped.
2026-05-24 15:19:01,125 - WARNING - Duplicate entry for customer_id ed3894D6DE7F711 skipped.
2026-05-24 15:19:01,126 - WARNING - Duplicate entry for customer_id EFeFaC727F12CDF skipped.
2026-05-24 15:19:01,126 - WARNING - Duplicate entry for customer_id c5CB6C5bFB91fdC skipped.
2026-05-24 15:19:01,127 - WARNING - Duplicate entry for customer_id C30B3E82E8D89cC skipped.
2026-05-24 15:19:01,127 - WARNING - Duplicate entry for customer_id 3d7bE19696ea8Ff skipped.
2026-05-24 15:19:01,127 - WARNING - Duplicate entry for customer_id A093aA90fa014FE skipped.
2026-05-24 15:19:01,128 - WARNING - Duplicate entry for customer_id a470984c5dBfcC4 skipped.
2026-05-24 15:19:01,128 - WARNING - Duplicate entry for customer_id b1d4abfbCb67feE skipped.
2026-05-24 15:19:01,129 - WARNING - Duplicate entry for customer_id d667bCC84Ff45Bb skipped.
2026-05-24 15:19:01,129 - WARNING - Duplicate entry for customer_id Ccb07E00AFf32bA skipped.
2026-05-24 15:19:01,129 - WARNING - Duplicate entry for customer_id bd04F2A7BD4F730 skipped.
2026-05-24 15:19:01,130 - WARNING - Duplicate entry for customer_id f1157011c5eDbEB skipped.
2026-05-24 15:19:01,130 - WARNING - Duplicate entry for customer_id 7c4c673af703a09 skipped.
2026-05-24 15:19:01,130 - WARNING - Duplicate entry for customer_id E7D7e40Cf3A03a2 skipped.
2026-05-24 15:19:01,131 - WARNING - Duplicate entry for customer_id B98BacEebC40DBb skipped.
2026-05-24 15:19:01,131 - WARNING - Duplicate entry for customer_id d1c0dFab10a8383 skipped.
2026-05-24 15:19:01,132 - WARNING - Duplicate entry for customer_id f21D2faCa0760A8 skipped.
2026-05-24 15:19:01,132 - WARNING - Duplicate entry for customer_id 11F97CBDd2C8de9 skipped.
2026-05-24 15:19:01,132 - WARNING - Duplicate entry for customer_id BEBA4fDAA6C4adC skipped.
2026-05-24 15:19:01,133 - WARNING - Duplicate entry for customer_id 0F2E0b5850404A8 skipped.
2026-05-24 15:19:01,133 - WARNING - Duplicate entry for customer_id 6fF3de1DDbeAaE9 skipped.
2026-05-24 15:19:01,133 - WARNING - Duplicate entry for customer_id bcE2C6eaAa1d53c skipped.
2026-05-24 15:19:01,134 - WARNING - Duplicate entry for customer_id fb0eaBDA955AE79 skipped.
2026-05-24 15:19:01,134 - WARNING - Duplicate entry for customer_id 1cE4BEcB6F2D2C3 skipped.
2026-05-24 15:19:01,134 - WARNING - Duplicate entry for customer_id 37a20bF88deF55D skipped.
2026-05-24 15:19:01,135 - WARNING - Duplicate entry for customer_id EE9381bAEbac1eA skipped.
2026-05-24 15:19:01,135 - WARNING - Duplicate entry for customer_id 7008F9538b6e3e4 skipped.
2026-05-24 15:19:01,135 - WARNING - Duplicate entry for customer_id e6D85CcfDE7ABEd skipped.
2026-05-24 15:19:01,136 - WARNING - Duplicate entry for customer_id 815D27672C2Ba6d skipped.
2026-05-24 15:19:01,136 - WARNING - Duplicate entry for customer_id bc9e98FC8e31fB2 skipped.
2026-05-24 15:19:01,136 - WARNING - Duplicate entry for customer_id 06c9e9caEBf539F skipped.
2026-05-24 15:19:01,137 - WARNING - Duplicate entry for customer_id D02c86e781bA06f skipped.
2026-05-24 15:19:01,137 - WARNING - Duplicate entry for customer_id 846D8B34aba64a6 skipped.
2026-05-24 15:19:01,137 - WARNING - Duplicate entry for customer_id 305B77b17f60849 skipped.
2026-05-24 15:19:01,138 - WARNING - Duplicate entry for customer_id 610e5F3baCbd25c skipped.
2026-05-24 15:19:01,138 - WARNING - Duplicate entry for customer_id 9F0EbC3b678ad6B skipped.
2026-05-24 15:19:01,138 - WARNING - Duplicate entry for customer_id 82dDB5e20CAA2Ce skipped.
2026-05-24 15:19:01,138 - WARNING - Duplicate entry for customer_id b78002FEFF5a860 skipped.
2026-05-24 15:19:01,139 - WARNING - Duplicate entry for customer_id dFe34eAb8614AC0 skipped.
2026-05-24 15:19:01,139 - WARNING - Duplicate entry for customer_id aB3351247D3fCD8 skipped.
2026-05-24 15:19:01,139 - WARNING - Duplicate entry for customer_id 56Df40b19e3c71f skipped.
2026-05-24 15:19:01,140 - WARNING - Duplicate entry for customer_id 06CF1Fcd5863dF6 skipped.
2026-05-24 15:19:01,140 - WARNING - Duplicate entry for customer_id 5DcB42c2f8fBfb5 skipped.
2026-05-24 15:19:01,140 - WARNING - Duplicate entry for customer_id E3F8a6D1033a2FE skipped.
2026-05-24 15:19:01,140 - WARNING - Duplicate entry for customer_id DA7b906C5aF71d5 skipped.
2026-05-24 15:19:01,141 - WARNING - Duplicate entry for customer_id ccD94BbaEDBBf9E skipped.
2026-05-24 15:19:01,141 - WARNING - Duplicate entry for customer_id 41C1B4D2C5b91B7 skipped.
2026-05-24 15:19:01,141 - WARNING - Duplicate entry for customer_id ee5235bbf2A66ef skipped.
2026-05-24 15:19:01,142 - WARNING - Duplicate entry for customer_id 2413aA72C4DEadF skipped.
2026-05-24 15:19:01,142 - WARNING - Duplicate entry for customer_id BA1F1A8E7fccb74 skipped.
2026-05-24 15:19:01,142 - WARNING - Duplicate entry for customer_id 43EB011d4A5af36 skipped.
2026-05-24 15:19:01,142 - WARNING - Duplicate entry for customer_id DDCCa6daDFBAFbc skipped.
2026-05-24 15:19:01,143 - WARNING - Duplicate entry for customer_id 024a3d8Df5abFE9 skipped.
2026-05-24 15:19:01,143 - WARNING - Duplicate entry for customer_id 6367E110ccF7c2B skipped.
2026-05-24 15:19:01,143 - WARNING - Duplicate entry for customer_id 6BdF3DBf9BcD353 skipped.
2026-05-24 15:19:01,143 - WARNING - Duplicate entry for customer_id 3e34e04B7F7b76d skipped.
2026-05-24 15:19:01,144 - WARNING - Duplicate entry for customer_id ec3cD83Be620f62 skipped.
2026-05-24 15:19:01,144 - WARNING - Duplicate entry for customer_id 4DD0C3a8a2f3D8e skipped.
2026-05-24 15:19:01,144 - WARNING - Duplicate entry for customer_id 0EcdF5f157A10BE skipped.
2026-05-24 15:19:01,144 - WARNING - Duplicate entry for customer_id 61AD5B1099Db9d0 skipped.
2026-05-24 15:19:01,145 - WARNING - Duplicate entry for customer_id fD7FbF8BA88Fff8 skipped.
2026-05-24 15:19:01,145 - WARNING - Duplicate entry for customer_id 2bcF27a9daa2EAA skipped.
2026-05-24 15:19:01,145 - WARNING - Duplicate entry for customer_id 12Bb4Ba2cB52B89 skipped.
2026-05-24 15:19:01,145 - WARNING - Duplicate entry for customer_id eb8Abc5DB466797 skipped.
2026-05-24 15:19:01,145 - WARNING - Duplicate entry for customer_id 8799Bb0d0eF9F7b skipped.
2026-05-24 15:19:01,146 - WARNING - Duplicate entry for customer_id 483E29cf4aC5A4D skipped.
2026-05-24 15:19:01,146 - WARNING - Duplicate entry for customer_id 37E3234CC7F8da4 skipped.
2026-05-24 15:19:01,146 - WARNING - Duplicate entry for customer_id 2D0F54Cc8D96Ad0 skipped.
2026-05-24 15:19:01,146 - WARNING - Duplicate entry for customer_id CeDC6A5ED20dA29 skipped.
2026-05-24 15:19:01,146 - WARNING - Duplicate entry for customer_id eE5F91Bf27BE6DC skipped.
2026-05-24 15:19:01,147 - WARNING - Duplicate entry for customer_id aFbCcfBCbeff540 skipped.
2026-05-24 15:19:01,147 - WARNING - Duplicate entry for customer_id 5fb7F35e6Db8e5a skipped.
2026-05-24 15:19:01,147 - WARNING - Duplicate entry for customer_id 60d62d8Dbb23C3B skipped.
2026-05-24 15:19:01,147 - WARNING - Duplicate entry for customer_id e9eFc5d60ddc3ec skipped.
2026-05-24 15:19:01,147 - WARNING - Duplicate entry for customer_id ad8F5957EdADB7e skipped.
2026-05-24 15:19:01,148 - WARNING - Duplicate entry for customer_id a3FdF7Ae5E60BaD skipped.
2026-05-24 15:19:01,148 - WARNING - Duplicate entry for customer_id eA4F6CB2ADEBF6d skipped.
2026-05-24 15:19:01,148 - WARNING - Duplicate entry for customer_id feCfE5fCc4abeEd skipped.
2026-05-24 15:19:01,148 - WARNING - Duplicate entry for customer_id 774623BCD6f9BB8 skipped.
2026-05-24 15:19:01,148 - WARNING - Duplicate entry for customer_id Db752CCa4aCfd9E skipped.
2026-05-24 15:19:01,149 - WARNING - Duplicate entry for customer_id 7a0CFf01cCBcA01 skipped.
2026-05-24 15:19:01,149 - WARNING - Duplicate entry for customer_id Be9d5701bDCd1aa skipped.
2026-05-24 15:19:01,149 - WARNING - Duplicate entry for customer_id Fd67d4aDf749FE5 skipped.
2026-05-24 15:19:01,149 - WARNING - Duplicate entry for customer_id 8b7C8Ffe256FBFb skipped.
2026-05-24 15:19:01,149 - WARNING - Duplicate entry for customer_id 983Dad40cbcBf18 skipped.
2026-05-24 15:19:01,149 - WARNING - Duplicate entry for customer_id 3eD61CdD0B672Fc skipped.
2026-05-24 15:19:01,150 - WARNING - Duplicate entry for customer_id Bd6deeDc10eD051 skipped.
2026-05-24 15:19:01,150 - WARNING - Duplicate entry for customer_id 7A0AeedaE28Ce67 skipped.
2026-05-24 15:19:01,150 - WARNING - Duplicate entry for customer_id 822aaF7B5f2CDce skipped.
2026-05-24 15:19:01,150 - WARNING - Duplicate entry for customer_id a6d9bE38B614721 skipped.
2026-05-24 15:19:01,150 - WARNING - Duplicate entry for customer_id F03BC8cDe64cFCa skipped.
2026-05-24 15:19:01,151 - WARNING - Duplicate entry for customer_id 1f239d0e0b92118 skipped.
2026-05-24 15:19:01,151 - WARNING - Duplicate entry for customer_id 39a6DeEEbbeF8E6 skipped.
2026-05-24 15:19:01,151 - WARNING - Duplicate entry for customer_id d3905aAEeB7eF7b skipped.
2026-05-24 15:19:01,151 - WARNING - Duplicate entry for customer_id FD21f4cce8C062f skipped.
2026-05-24 15:19:01,151 - WARNING - Duplicate entry for customer_id BBA47d60EAb3EAB skipped.
2026-05-24 15:19:01,151 - WARNING - Duplicate entry for customer_id C90EdA7b802D82b skipped.
2026-05-24 15:19:01,152 - WARNING - Duplicate entry for customer_id f02B9FbEb8Bebda skipped.
2026-05-24 15:19:01,152 - WARNING - Duplicate entry for customer_id 99b8c488a575a4D skipped.
2026-05-24 15:19:01,152 - WARNING - Duplicate entry for customer_id C3AFdd623C0FbDA skipped.
2026-05-24 15:19:01,152 - WARNING - Duplicate entry for customer_id 5cA80623F6C75de skipped.
2026-05-24 15:19:01,152 - WARNING - Duplicate entry for customer_id C0E2ab2e71A490E skipped.
2026-05-24 15:19:01,152 - WARNING - Duplicate entry for customer_id AAEfB9E5c86ab72 skipped.
2026-05-24 15:19:01,153 - WARNING - Duplicate entry for customer_id A4F4f2DBB7C8aBf skipped.
2026-05-24 15:19:01,153 - WARNING - Duplicate entry for customer_id 5Cc3bd1D1d6BFd8 skipped.
2026-05-24 15:19:01,153 - WARNING - Duplicate entry for customer_id F156f75eFb91b3a skipped.
2026-05-24 15:19:01,153 - WARNING - Duplicate entry for customer_id 0Cfd5DbB2cBDfc3 skipped.
2026-05-24 15:19:01,153 - WARNING - Duplicate entry for customer_id 303B081aaFc8237 skipped.
2026-05-24 15:19:01,153 - WARNING - Duplicate entry for customer_id 0c7B750FeEabe41 skipped.
2026-05-24 15:19:01,154 - WARNING - Duplicate entry for customer_id 944aAa8b8F1A180 skipped.
2026-05-24 15:19:01,154 - WARNING - Duplicate entry for customer_id ffc96A6EDB33EFf skipped.
2026-05-24 15:19:01,154 - WARNING - Duplicate entry for customer_id 82b94ddcC7B4FC8 skipped.
2026-05-24 15:19:01,154 - WARNING - Duplicate entry for customer_id A3568fE8Cb3b386 skipped.
2026-05-24 15:19:01,154 - WARNING - Duplicate entry for customer_id cef51DAE28Fe1D6 skipped.
2026-05-24 15:19:01,155 - WARNING - Duplicate entry for customer_id D2E7cfCDF4D2fB7 skipped.
2026-05-24 15:19:01,155 - WARNING - Duplicate entry for customer_id Cbcd22e7bCd74e3 skipped.
2026-05-24 15:19:01,155 - WARNING - Duplicate entry for customer_id 89c66c41c0D791d skipped.
2026-05-24 15:19:01,155 - WARNING - Duplicate entry for customer_id E31833D3D9DbCDD skipped.
2026-05-24 15:19:01,155 - WARNING - Duplicate entry for customer_id 4032A3C28aaC8c5 skipped.
2026-05-24 15:19:01,155 - WARNING - Duplicate entry for customer_id 90Ed6bc0d1e173C skipped.
2026-05-24 15:19:01,156 - WARNING - Duplicate entry for customer_id 1FbEcaef8fACcCA skipped.
2026-05-24 15:19:01,156 - WARNING - Duplicate entry for customer_id 8Cd9bf1B1AD1Edf skipped.
2026-05-24 15:19:01,156 - WARNING - Duplicate entry for customer_id fDFD6419383D4c8 skipped.
2026-05-24 15:19:01,156 - WARNING - Duplicate entry for customer_id 540b59Cc2a2aFd4 skipped.
2026-05-24 15:19:01,156 - WARNING - Duplicate entry for customer_id 2AFBB914C4fACa9 skipped.
2026-05-24 15:19:01,156 - WARNING - Duplicate entry for customer_id 85Cdd16ADD6dCa5 skipped.
2026-05-24 15:19:01,156 - WARNING - Duplicate entry for customer_id EF5858dEe5f7649 skipped.
2026-05-24 15:19:01,157 - WARNING - Duplicate entry for customer_id C1574306202Eb8e skipped.
2026-05-24 15:19:01,157 - WARNING - Duplicate entry for customer_id 4f108ceFb9b386d skipped.
2026-05-24 15:19:01,157 - WARNING - Duplicate entry for customer_id 12B5834e77F67a6 skipped.
2026-05-24 15:19:01,157 - WARNING - Duplicate entry for customer_id 9b50c8d8AA8Aeb1 skipped.
2026-05-24 15:19:01,157 - WARNING - Duplicate entry for customer_id BB6B8ebDD22eBEE skipped.
2026-05-24 15:19:01,158 - WARNING - Duplicate entry for customer_id 1D7A12b13AAd4FB skipped.
2026-05-24 15:19:01,158 - WARNING - Duplicate entry for customer_id 234891e3dAC0dF9 skipped.
2026-05-24 15:19:01,158 - WARNING - Duplicate entry for customer_id 747B4F80e0048C2 skipped.
2026-05-24 15:19:01,158 - WARNING - Duplicate entry for customer_id de81E89d4a938f0 skipped.
2026-05-24 15:19:01,158 - WARNING - Duplicate entry for customer_id E99c32a01Fd3Fd1 skipped.
2026-05-24 15:19:01,158 - WARNING - Duplicate entry for customer_id 57234838A0aD5F4 skipped.
2026-05-24 15:19:01,158 - WARNING - Duplicate entry for customer_id C45b1BE6266c8DA skipped.
2026-05-24 15:19:01,159 - WARNING - Duplicate entry for customer_id 2d1cdFa63e6F54c skipped.
2026-05-24 15:19:01,159 - WARNING - Duplicate entry for customer_id 333f3F9A9222E1a skipped.
2026-05-24 15:19:01,159 - WARNING - Duplicate entry for customer_id 846dBfEBB68Bb3E skipped.
2026-05-24 15:19:01,159 - WARNING - Duplicate entry for customer_id 25A8883aDb70dEf skipped.
2026-05-24 15:19:01,159 - WARNING - Duplicate entry for customer_id d8Cd94028074AFD skipped.
2026-05-24 15:19:01,159 - WARNING - Duplicate entry for customer_id 90fc05Eefaa4AE0 skipped.
2026-05-24 15:19:01,160 - WARNING - Duplicate entry for customer_id Fc8bdf1329ce090 skipped.
2026-05-24 15:19:01,160 - WARNING - Duplicate entry for customer_id 3a7836DbB6347AC skipped.
2026-05-24 15:19:01,160 - WARNING - Duplicate entry for customer_id 7F2ceBFc5eBE80A skipped.
2026-05-24 15:19:01,160 - WARNING - Duplicate entry for customer_id 06328dB77db6D9D skipped.
2026-05-24 15:19:01,160 - WARNING - Duplicate entry for customer_id 337649Ab3CaDFb7 skipped.
2026-05-24 15:19:01,160 - WARNING - Duplicate entry for customer_id cfC4Cf6Febff0dB skipped.
2026-05-24 15:19:01,161 - WARNING - Duplicate entry for customer_id F7d3Ce1c250cbCf skipped.
2026-05-24 15:19:01,161 - WARNING - Duplicate entry for customer_id 9D65c9EaF3d120E skipped.
2026-05-24 15:19:01,161 - WARNING - Duplicate entry for customer_id E63e09cbA7618Ad skipped.
2026-05-24 15:19:01,161 - WARNING - Duplicate entry for customer_id 84cACb9DF8CFa06 skipped.
2026-05-24 15:19:01,161 - WARNING - Duplicate entry for customer_id 5D74Db6C837AACd skipped.
2026-05-24 15:19:01,161 - WARNING - Duplicate entry for customer_id F878fF2E97BC2Ef skipped.
2026-05-24 15:19:01,162 - WARNING - Duplicate entry for customer_id bDD2ebC2Bb4EfeD skipped.
2026-05-24 15:19:01,162 - WARNING - Duplicate entry for customer_id A5Cd45CD6FEe5A2 skipped.
2026-05-24 15:19:01,162 - WARNING - Duplicate entry for customer_id 8BABDb31B26eBe3 skipped.
2026-05-24 15:19:01,162 - WARNING - Duplicate entry for customer_id 83DE9dee8ed3B72 skipped.
2026-05-24 15:19:01,162 - WARNING - Duplicate entry for customer_id d4aACF5b785daaF skipped.
2026-05-24 15:19:01,162 - WARNING - Duplicate entry for customer_id 9193A4C5a8Cd335 skipped.
2026-05-24 15:19:01,163 - WARNING - Duplicate entry for customer_id edF0eDC8D61ABBe skipped.
2026-05-24 15:19:01,163 - WARNING - Duplicate entry for customer_id F58a977a2cE01E5 skipped.
2026-05-24 15:19:01,163 - WARNING - Duplicate entry for customer_id a45Cd8423E56A7a skipped.
2026-05-24 15:19:01,163 - WARNING - Duplicate entry for customer_id 4EA2fe116fb3EB5 skipped.
2026-05-24 15:19:01,163 - WARNING - Duplicate entry for customer_id ccC3b8ae049544D skipped.
2026-05-24 15:19:01,163 - WARNING - Duplicate entry for customer_id 33bC91cd5EEB5DC skipped.
2026-05-24 15:19:01,164 - WARNING - Duplicate entry for customer_id 5A375fc846cE010 skipped.
2026-05-24 15:19:01,164 - WARNING - Duplicate entry for customer_id DC5AcF32E413E3E skipped.
2026-05-24 15:19:01,164 - WARNING - Duplicate entry for customer_id c0B71AddCF5AcE4 skipped.
2026-05-24 15:19:01,164 - WARNING - Duplicate entry for customer_id 44dC6C8Ca4f0a90 skipped.
2026-05-24 15:19:01,164 - WARNING - Duplicate entry for customer_id 657eA09240Bd02A skipped.
2026-05-24 15:19:01,164 - WARNING - Duplicate entry for customer_id 6d0d8Fbf5b2D7bC skipped.
2026-05-24 15:19:01,165 - WARNING - Duplicate entry for customer_id 53B158FcccFF74c skipped.
2026-05-24 15:19:01,165 - WARNING - Duplicate entry for customer_id a8FfE4fbd7910b9 skipped.
2026-05-24 15:19:01,165 - WARNING - Duplicate entry for customer_id 7fB6124FC680839 skipped.
2026-05-24 15:19:01,165 - WARNING - Duplicate entry for customer_id dDfcEc72F9C2EE2 skipped.
2026-05-24 15:19:01,165 - WARNING - Duplicate entry for customer_id 46da39f97fAF05f skipped.
2026-05-24 15:19:01,165 - WARNING - Duplicate entry for customer_id B557b025a4712A7 skipped.
2026-05-24 15:19:01,166 - WARNING - Duplicate entry for customer_id EAc7eFFfAB5c6F0 skipped.
2026-05-24 15:19:01,166 - WARNING - Duplicate entry for customer_id e03f14D59F512A9 skipped.
2026-05-24 15:19:01,166 - WARNING - Duplicate entry for customer_id CEa5C35aEaF44CF skipped.
2026-05-24 15:19:01,166 - WARNING - Duplicate entry for customer_id BE3c6CC4B8b58ac skipped.
2026-05-24 15:19:01,166 - WARNING - Duplicate entry for customer_id eD6bdfeF85Afe01 skipped.
2026-05-24 15:19:01,166 - WARNING - Duplicate entry for customer_id 3D60AEa0bAd4fcD skipped.
2026-05-24 15:19:01,167 - WARNING - Duplicate entry for customer_id 7E9b016a452809a skipped.
2026-05-24 15:19:01,167 - WARNING - Duplicate entry for customer_id C75d32ACd9E04f2 skipped.
2026-05-24 15:19:01,167 - WARNING - Duplicate entry for customer_id 2bf6d8FA82ff41e skipped.
2026-05-24 15:19:01,167 - WARNING - Duplicate entry for customer_id B2ec81f6e1C5AAF skipped.
2026-05-24 15:19:01,167 - WARNING - Duplicate entry for customer_id 343bfaCa1c6cf20 skipped.
2026-05-24 15:19:01,167 - WARNING - Duplicate entry for customer_id e1BbBb2ebBd4c4f skipped.
2026-05-24 15:19:01,168 - WARNING - Duplicate entry for customer_id cC0fFa66c619Ec8 skipped.
2026-05-24 15:19:01,168 - WARNING - Duplicate entry for customer_id cE7C6adCc0eA8ea skipped.
2026-05-24 15:19:01,168 - WARNING - Duplicate entry for customer_id 6d8aa560CE110Dc skipped.
2026-05-24 15:19:01,168 - WARNING - Duplicate entry for customer_id CF35dAbc52F2445 skipped.
2026-05-24 15:19:01,168 - WARNING - Duplicate entry for customer_id 12b63e4656a94BD skipped.
2026-05-24 15:19:01,168 - WARNING - Duplicate entry for customer_id 1a94Daeb8ecf5Dc skipped.
2026-05-24 15:19:01,169 - WARNING - Duplicate entry for customer_id fCCC17cffd8347b skipped.
2026-05-24 15:19:01,169 - WARNING - Duplicate entry for customer_id feF0F4a69aC9e93 skipped.
2026-05-24 15:19:01,169 - WARNING - Duplicate entry for customer_id 5fC5f9CCEF2DcA8 skipped.
2026-05-24 15:19:01,169 - WARNING - Duplicate entry for customer_id A449EaabD6a2Ffb skipped.
2026-05-24 15:19:01,169 - WARNING - Duplicate entry for customer_id 2bCCbaeaFfBe264 skipped.
2026-05-24 15:19:01,169 - WARNING - Duplicate entry for customer_id 67b2CF189EcFb5b skipped.
2026-05-24 15:19:01,170 - WARNING - Duplicate entry for customer_id f4d401cf9Ad1bea skipped.
2026-05-24 15:19:01,170 - WARNING - Duplicate entry for customer_id 4F158BB4FFB3Cdd skipped.
2026-05-24 15:19:01,170 - WARNING - Duplicate entry for customer_id A205c4fDc4AeD44 skipped.
2026-05-24 15:19:01,170 - WARNING - Duplicate entry for customer_id E51249bCaC2D3C0 skipped.
2026-05-24 15:19:01,170 - WARNING - Duplicate entry for customer_id 4ae3d1e39eBA622 skipped.
2026-05-24 15:19:01,170 - WARNING - Duplicate entry for customer_id 6f65C6ea02BDadF skipped.
2026-05-24 15:19:01,171 - WARNING - Duplicate entry for customer_id A998A4F98474F3B skipped.
2026-05-24 15:19:01,171 - WARNING - Duplicate entry for customer_id 8F7ba1BA4fbCa78 skipped.
2026-05-24 15:19:01,171 - WARNING - Duplicate entry for customer_id 6F2de1a7EdE2a53 skipped.
2026-05-24 15:19:01,171 - WARNING - Duplicate entry for customer_id eF2fec28b643Ecc skipped.
2026-05-24 15:19:01,171 - WARNING - Duplicate entry for customer_id 29C5Aa7D394F650 skipped.
2026-05-24 15:19:01,171 - WARNING - Duplicate entry for customer_id A1cFceb6Ab52BA2 skipped.
2026-05-24 15:19:01,172 - WARNING - Duplicate entry for customer_id db7D54e0ABF87C2 skipped.
2026-05-24 15:19:01,172 - WARNING - Duplicate entry for customer_id bB69ADCd6AdD5F7 skipped.
2026-05-24 15:19:01,172 - WARNING - Duplicate entry for customer_id 2b6af79868F386f skipped.
2026-05-24 15:19:01,172 - WARNING - Duplicate entry for customer_id dEc837d5F13C1ed skipped.
2026-05-24 15:19:01,172 - WARNING - Duplicate entry for customer_id 828C734a81bBf4B skipped.
2026-05-24 15:19:01,172 - WARNING - Duplicate entry for customer_id 8bB5Eed0daFEeb5 skipped.
2026-05-24 15:19:01,173 - WARNING - Duplicate entry for customer_id DDfd0EEF4B46Eb3 skipped.
2026-05-24 15:19:01,173 - WARNING - Duplicate entry for customer_id BeDABcE5dbCa239 skipped.
2026-05-24 15:19:01,173 - WARNING - Duplicate entry for customer_id 57Fb161EEb1C9Ea skipped.
2026-05-24 15:19:01,173 - WARNING - Duplicate entry for customer_id b9006D3c9cEeFef skipped.
2026-05-24 15:19:01,173 - WARNING - Duplicate entry for customer_id EF0B773aE00C2dc skipped.
2026-05-24 15:19:01,173 - WARNING - Duplicate entry for customer_id aD8Db76dA126dFB skipped.
2026-05-24 15:19:01,174 - WARNING - Duplicate entry for customer_id b8fCA4DbB790ddA skipped.
2026-05-24 15:19:01,174 - WARNING - Duplicate entry for customer_id ebDeea2d7ceA4A8 skipped.
2026-05-24 15:19:01,174 - WARNING - Duplicate entry for customer_id BdBF790f2DB42FE skipped.
2026-05-24 15:19:01,174 - WARNING - Duplicate entry for customer_id 5B789BA48f72Cd2 skipped.
2026-05-24 15:19:01,174 - WARNING - Duplicate entry for customer_id bbd714cFdfDD3DD skipped.
2026-05-24 15:19:01,174 - WARNING - Duplicate entry for customer_id cf01fCEFeABD468 skipped.
2026-05-24 15:19:01,175 - WARNING - Duplicate entry for customer_id D7BbB33Be1FC539 skipped.
2026-05-24 15:19:01,175 - WARNING - Duplicate entry for customer_id D16609fed9fEC2d skipped.
2026-05-24 15:19:01,175 - WARNING - Duplicate entry for customer_id aF03B4cFc6c05C8 skipped.
2026-05-24 15:19:01,175 - WARNING - Duplicate entry for customer_id AdaaB43FFccaB0d skipped.
2026-05-24 15:19:01,175 - WARNING - Duplicate entry for customer_id 73fAFf3C782aa7D skipped.
2026-05-24 15:19:01,175 - WARNING - Duplicate entry for customer_id f21a28E24EDfCa3 skipped.
2026-05-24 15:19:01,175 - WARNING - Duplicate entry for customer_id c7838eEacAac61E skipped.
2026-05-24 15:19:01,176 - WARNING - Duplicate entry for customer_id d3eAc0663BA3dcA skipped.
2026-05-24 15:19:01,176 - WARNING - Duplicate entry for customer_id B3b629eDc47eD22 skipped.
2026-05-24 15:19:01,176 - WARNING - Duplicate entry for customer_id Cf1C67B4bf71090 skipped.
2026-05-24 15:19:01,176 - WARNING - Duplicate entry for customer_id 7C8DA410a370aa8 skipped.
2026-05-24 15:19:01,176 - WARNING - Duplicate entry for customer_id b500ecAa2d630f2 skipped.
2026-05-24 15:19:01,177 - WARNING - Duplicate entry for customer_id df8F2Ec3cC9412e skipped.
2026-05-24 15:19:01,177 - WARNING - Duplicate entry for customer_id EC9eD68ff2Eb4f4 skipped.
2026-05-24 15:19:01,177 - WARNING - Duplicate entry for customer_id CEcCBaC64cCae6a skipped.
2026-05-24 15:19:01,177 - WARNING - Duplicate entry for customer_id e45e5fd046d6D3c skipped.
2026-05-24 15:19:01,177 - WARNING - Duplicate entry for customer_id 47097Ec9f8C15ea skipped.
2026-05-24 15:19:01,177 - WARNING - Duplicate entry for customer_id c9ea1cBBCe212c1 skipped.
2026-05-24 15:19:01,177 - WARNING - Duplicate entry for customer_id bCAd9c26D85A9F6 skipped.
2026-05-24 15:19:01,178 - WARNING - Duplicate entry for customer_id AEC4aBbF2AbEe3F skipped.
2026-05-24 15:19:01,178 - WARNING - Duplicate entry for customer_id cFac8Afa1A4D08c skipped.
2026-05-24 15:19:01,178 - WARNING - Duplicate entry for customer_id dDf25B8D5b9cC14 skipped.
2026-05-24 15:19:01,178 - WARNING - Duplicate entry for customer_id cBd7C9C9D2c09Fc skipped.
2026-05-24 15:19:01,178 - WARNING - Duplicate entry for customer_id 57b374c72b5C7F5 skipped.
2026-05-24 15:19:01,178 - WARNING - Duplicate entry for customer_id D48bd5f8cCc2339 skipped.
2026-05-24 15:19:01,179 - WARNING - Duplicate entry for customer_id e5cC6aa0B9F6b68 skipped.
2026-05-24 15:19:01,179 - WARNING - Duplicate entry for customer_id 7CdC7Bf06ABB6Bf skipped.
2026-05-24 15:19:01,179 - WARNING - Duplicate entry for customer_id 6841639B9B36D74 skipped.
2026-05-24 15:19:01,179 - WARNING - Duplicate entry for customer_id aB3D07AEe2FE75f skipped.
2026-05-24 15:19:01,179 - WARNING - Duplicate entry for customer_id edF0BCbaf41d20A skipped.
2026-05-24 15:19:01,180 - WARNING - Duplicate entry for customer_id BE210AEfc6f1105 skipped.
2026-05-24 15:19:01,180 - WARNING - Duplicate entry for customer_id 52B62a129E1515d skipped.
2026-05-24 15:19:01,180 - WARNING - Duplicate entry for customer_id 50d2e71E5Cf30DD skipped.
2026-05-24 15:19:01,180 - WARNING - Duplicate entry for customer_id 1BEC50dC5EACb1f skipped.
2026-05-24 15:19:01,180 - WARNING - Duplicate entry for customer_id BB6806cd1bED6e1 skipped.
2026-05-24 15:19:01,180 - WARNING - Duplicate entry for customer_id a476fE05DE4fe4f skipped.
2026-05-24 15:19:01,180 - WARNING - Duplicate entry for customer_id 79Ace6A23BEED5d skipped.
2026-05-24 15:19:01,181 - WARNING - Duplicate entry for customer_id bbeCA50ff989fC6 skipped.
2026-05-24 15:19:01,181 - WARNING - Duplicate entry for customer_id BDED6da71e0fF2f skipped.
2026-05-24 15:19:01,181 - WARNING - Duplicate entry for customer_id 7C87BCEf12CB8Ba skipped.
2026-05-24 15:19:01,181 - WARNING - Duplicate entry for customer_id 13ABe9a890afba0 skipped.
2026-05-24 15:19:01,181 - WARNING - Duplicate entry for customer_id F02BecbDbCCc59f skipped.
2026-05-24 15:19:01,181 - WARNING - Duplicate entry for customer_id f09df5de7A2CD82 skipped.
2026-05-24 15:19:01,182 - WARNING - Duplicate entry for customer_id 06e2CC6b2D5aD69 skipped.
2026-05-24 15:19:01,182 - WARNING - Duplicate entry for customer_id 9446Eb5Ae23062D skipped.
2026-05-24 15:19:01,182 - WARNING - Duplicate entry for customer_id bAb7b742456Bf2e skipped.
2026-05-24 15:19:01,182 - WARNING - Duplicate entry for customer_id EAB04AAd86319cF skipped.
2026-05-24 15:19:01,182 - WARNING - Duplicate entry for customer_id 4a219E8afe2F6cb skipped.
2026-05-24 15:19:01,183 - WARNING - Duplicate entry for customer_id 0eeC8874c3cfEE5 skipped.
2026-05-24 15:19:01,183 - WARNING - Duplicate entry for customer_id 09ccbfbdDD6f9c8 skipped.
2026-05-24 15:19:01,183 - WARNING - Duplicate entry for customer_id C0eA15D68D551b3 skipped.
2026-05-24 15:19:01,183 - WARNING - Duplicate entry for customer_id eCEEbab57beeecF skipped.
2026-05-24 15:19:01,183 - WARNING - Duplicate entry for customer_id Ab150a0eC9eE5Ce skipped.
2026-05-24 15:19:01,183 - WARNING - Duplicate entry for customer_id 061Dd3953AC0350 skipped.
2026-05-24 15:19:01,184 - WARNING - Duplicate entry for customer_id e72615CbCAfD23f skipped.
2026-05-24 15:19:01,184 - WARNING - Duplicate entry for customer_id dEbA4c280C2BC4c skipped.
2026-05-24 15:19:01,184 - WARNING - Duplicate entry for customer_id B49A38a0E3636dD skipped.
2026-05-24 15:19:01,184 - WARNING - Duplicate entry for customer_id aC8125126392EF6 skipped.
2026-05-24 15:19:01,184 - WARNING - Duplicate entry for customer_id 72B5a2ddE4EF5d0 skipped.
2026-05-24 15:19:01,184 - WARNING - Duplicate entry for customer_id F26EA73B2B0D680 skipped.
2026-05-24 15:19:01,184 - WARNING - Duplicate entry for customer_id F4b4dCF1DEcdB3A skipped.
2026-05-24 15:19:01,185 - WARNING - Duplicate entry for customer_id 99CFEd2a16AFA1D skipped.
2026-05-24 15:19:01,185 - WARNING - Duplicate entry for customer_id BFB7C3A44Dd1e9e skipped.
2026-05-24 15:19:01,185 - WARNING - Duplicate entry for customer_id b7C9e51d3aF5B6B skipped.
2026-05-24 15:19:01,185 - WARNING - Duplicate entry for customer_id d64895790A96b26 skipped.
2026-05-24 15:19:01,185 - WARNING - Duplicate entry for customer_id 15892ECFb9BeBd3 skipped.
2026-05-24 15:19:01,185 - WARNING - Duplicate entry for customer_id 85fE9bc7A71dCB9 skipped.
2026-05-24 15:19:01,186 - WARNING - Duplicate entry for customer_id c9Bb9740d8CEcAb skipped.
2026-05-24 15:19:01,186 - WARNING - Duplicate entry for customer_id EdaCbdd53cbCEeC skipped.
2026-05-24 15:19:01,186 - WARNING - Duplicate entry for customer_id addC6FdeBB8Cc31 skipped.
2026-05-24 15:19:01,186 - WARNING - Duplicate entry for customer_id aDd1631F795BFDB skipped.
2026-05-24 15:19:01,186 - WARNING - Duplicate entry for customer_id 77D767dbb3f1477 skipped.
2026-05-24 15:19:01,186 - WARNING - Duplicate entry for customer_id 7b7A3BaF1d132C2 skipped.
2026-05-24 15:19:01,187 - WARNING - Duplicate entry for customer_id 55182Fe83475b8A skipped.
2026-05-24 15:19:01,187 - WARNING - Duplicate entry for customer_id 31f87aAa0c99Ef1 skipped.
2026-05-24 15:19:01,187 - WARNING - Duplicate entry for customer_id 9EcEB3dfcABc16D skipped.
2026-05-24 15:19:01,187 - WARNING - Duplicate entry for customer_id d3bBF1aAF4ab92a skipped.
2026-05-24 15:19:01,187 - WARNING - Duplicate entry for customer_id 5dD77A41eEf6fCe skipped.
2026-05-24 15:19:01,187 - WARNING - Duplicate entry for customer_id c292742ce78695f skipped.
2026-05-24 15:19:01,188 - WARNING - Duplicate entry for customer_id 88efB789aF1eAE5 skipped.
2026-05-24 15:19:01,188 - WARNING - Duplicate entry for customer_id aD4Cf0BF6c3e2bb skipped.
2026-05-24 15:19:01,188 - WARNING - Duplicate entry for customer_id Ce330c8e3a46aF9 skipped.
2026-05-24 15:19:01,188 - WARNING - Duplicate entry for customer_id DB9fe0FB818Aba6 skipped.
2026-05-24 15:19:01,188 - WARNING - Duplicate entry for customer_id 8Df6A40b14badC0 skipped.
2026-05-24 15:19:01,188 - WARNING - Duplicate entry for customer_id E4C15dF29d5f9e6 skipped.
2026-05-24 15:19:01,189 - WARNING - Duplicate entry for customer_id Df6c56F8bFac68B skipped.
2026-05-24 15:19:01,189 - WARNING - Duplicate entry for customer_id fc0Af8936A663F1 skipped.
2026-05-24 15:19:01,189 - WARNING - Duplicate entry for customer_id 8CBa883abAbF420 skipped.
2026-05-24 15:19:01,189 - WARNING - Duplicate entry for customer_id DbCE25a327a0b3F skipped.
2026-05-24 15:19:01,189 - WARNING - Duplicate entry for customer_id Cbd8d5e5ff4aFAe skipped.
2026-05-24 15:19:01,189 - WARNING - Duplicate entry for customer_id cADa7b0B4A1B03c skipped.
2026-05-24 15:19:01,190 - WARNING - Duplicate entry for customer_id d6Fb4FFbee8D4A5 skipped.
2026-05-24 15:19:01,190 - WARNING - Duplicate entry for customer_id 6Adb9b8C9C1dDEe skipped.
2026-05-24 15:19:01,190 - WARNING - Duplicate entry for customer_id B67FfF99e083091 skipped.
2026-05-24 15:19:01,190 - WARNING - Duplicate entry for customer_id Bacb2ceBD5eC70d skipped.
2026-05-24 15:19:01,190 - WARNING - Duplicate entry for customer_id C3dE0b33e7fdcAd skipped.
2026-05-24 15:19:01,190 - WARNING - Duplicate entry for customer_id feFdfB76f7bFfBB skipped.
2026-05-24 15:19:01,191 - WARNING - Duplicate entry for customer_id 233b8C0F1360203 skipped.
2026-05-24 15:19:01,191 - WARNING - Duplicate entry for customer_id A853040cBF735eD skipped.
2026-05-24 15:19:01,191 - WARNING - Duplicate entry for customer_id Da75138d7ebCDE2 skipped.
2026-05-24 15:19:01,191 - WARNING - Duplicate entry for customer_id dFf6f43Aa1fC6fa skipped.
2026-05-24 15:19:01,191 - WARNING - Duplicate entry for customer_id acaa3d9fB5803b2 skipped.
2026-05-24 15:19:01,191 - WARNING - Duplicate entry for customer_id A9ed28AfDac3DBF skipped.
2026-05-24 15:19:01,192 - WARNING - Duplicate entry for customer_id Cdcbbc5DE7Da3Fb skipped.
2026-05-24 15:19:01,192 - WARNING - Duplicate entry for customer_id 91CDb04d07fdB52 skipped.
2026-05-24 15:19:01,192 - WARNING - Duplicate entry for customer_id 7cC00DeCB8Acb3D skipped.
2026-05-24 15:19:01,192 - WARNING - Duplicate entry for customer_id 7d013321BF8AE3b skipped.
2026-05-24 15:19:01,192 - WARNING - Duplicate entry for customer_id eAEFcdc3A18A6db skipped.
2026-05-24 15:19:01,192 - WARNING - Duplicate entry for customer_id D5aAb5A9fdAD42F skipped.
2026-05-24 15:19:01,193 - WARNING - Duplicate entry for customer_id C84ecBaAEF865F5 skipped.
2026-05-24 15:19:01,193 - WARNING - Duplicate entry for customer_id b38a5e1De05Bbdf skipped.
2026-05-24 15:19:01,193 - WARNING - Duplicate entry for customer_id 6f3799337d34d57 skipped.
2026-05-24 15:19:01,193 - WARNING - Duplicate entry for customer_id 86c6c79858896bD skipped.
2026-05-24 15:19:01,193 - WARNING - Duplicate entry for customer_id a7Ccf5Cc2Ccb5b3 skipped.
2026-05-24 15:19:01,193 - WARNING - Duplicate entry for customer_id c239cDD7AECcDF6 skipped.
2026-05-24 15:19:01,194 - WARNING - Duplicate entry for customer_id BCfEfbb07f9CAe6 skipped.
2026-05-24 15:19:01,194 - WARNING - Duplicate entry for customer_id 87fDFB04b140E08 skipped.
2026-05-24 15:19:01,194 - WARNING - Duplicate entry for customer_id Ba6f5aC5B3A0B7d skipped.
2026-05-24 15:19:01,194 - WARNING - Duplicate entry for customer_id F59f5AaF210DEAf skipped.
2026-05-24 15:19:01,194 - WARNING - Duplicate entry for customer_id 64f8dF266dAD25C skipped.
2026-05-24 15:19:01,194 - WARNING - Duplicate entry for customer_id 0efb09C7D23f9D0 skipped.
2026-05-24 15:19:01,194 - WARNING - Duplicate entry for customer_id 899cbDE6c10eB9A skipped.
2026-05-24 15:19:01,195 - WARNING - Duplicate entry for customer_id afd416397924e91 skipped.
2026-05-24 15:19:01,195 - WARNING - Duplicate entry for customer_id 386d8552b5Dc6a5 skipped.
2026-05-24 15:19:01,195 - WARNING - Duplicate entry for customer_id ac739239aFcF121 skipped.
2026-05-24 15:19:01,195 - WARNING - Duplicate entry for customer_id 591CE8Bb3aB2D87 skipped.
2026-05-24 15:19:01,195 - WARNING - Duplicate entry for customer_id 05Db1ADe4B4EcBE skipped.
2026-05-24 15:19:01,195 - WARNING - Duplicate entry for customer_id AaEbfA8864F0Ffe skipped.
2026-05-24 15:19:01,196 - WARNING - Duplicate entry for customer_id 89436752BeBF3Ec skipped.
2026-05-24 15:19:01,196 - WARNING - Duplicate entry for customer_id DaB00C4FE0F94C3 skipped.
2026-05-24 15:19:01,196 - WARNING - Duplicate entry for customer_id E4693ceD4cf2854 skipped.
2026-05-24 15:19:01,196 - WARNING - Duplicate entry for customer_id c4b2df692043bfE skipped.
2026-05-24 15:19:01,196 - WARNING - Duplicate entry for customer_id Fc9BbAdBCC2716F skipped.
2026-05-24 15:19:01,196 - WARNING - Duplicate entry for customer_id B13cC1De16A7b2A skipped.
2026-05-24 15:19:01,197 - WARNING - Duplicate entry for customer_id 4C07dbd609CCa2F skipped.
2026-05-24 15:19:01,197 - WARNING - Duplicate entry for customer_id 54b4C62aADAcf02 skipped.
2026-05-24 15:19:01,197 - WARNING - Duplicate entry for customer_id 49D34e92d722DF3 skipped.
2026-05-24 15:19:01,197 - WARNING - Duplicate entry for customer_id BE30f4B3Ba7Ff3f skipped.
2026-05-24 15:19:01,197 - WARNING - Duplicate entry for customer_id f5d40eD401b66CB skipped.
2026-05-24 15:19:01,197 - WARNING - Duplicate entry for customer_id FCc33a3b8ddddB1 skipped.
2026-05-24 15:19:01,198 - WARNING - Duplicate entry for customer_id 6D95f66CAC4bb0D skipped.
2026-05-24 15:19:01,198 - WARNING - Duplicate entry for customer_id cdC6bBAaC9FbFEE skipped.
2026-05-24 15:19:01,198 - WARNING - Duplicate entry for customer_id dD4217ee6E211C3 skipped.
2026-05-24 15:19:01,198 - WARNING - Duplicate entry for customer_id c86eBcC5CE23f1E skipped.
2026-05-24 15:19:01,198 - WARNING - Duplicate entry for customer_id fC88F8C5AbE44a4 skipped.
2026-05-24 15:19:01,198 - WARNING - Duplicate entry for customer_id bCdE8dF145abf51 skipped.
2026-05-24 15:19:01,199 - WARNING - Duplicate entry for customer_id C81De6a70E3abA9 skipped.
2026-05-24 15:19:01,199 - WARNING - Duplicate entry for customer_id d6242cBeEfDCB33 skipped.
2026-05-24 15:19:01,199 - WARNING - Duplicate entry for customer_id E8Af7340E4969eD skipped.
2026-05-24 15:19:01,199 - WARNING - Duplicate entry for customer_id 70dAab994Ccc3fd skipped.
2026-05-24 15:19:01,199 - WARNING - Duplicate entry for customer_id 5b9cF88058fDc5B skipped.
2026-05-24 15:19:01,199 - WARNING - Duplicate entry for customer_id 0e47E9eCDcBaA8B skipped.
2026-05-24 15:19:01,200 - WARNING - Duplicate entry for customer_id ACA39FbBBBBbfDC skipped.
2026-05-24 15:19:01,200 - WARNING - Duplicate entry for customer_id 2020A9EE84edF9f skipped.
2026-05-24 15:19:01,200 - WARNING - Duplicate entry for customer_id BD974de968Baf25 skipped.
2026-05-24 15:19:01,200 - WARNING - Duplicate entry for customer_id DF81cAd9404dcc3 skipped.
2026-05-24 15:19:01,200 - WARNING - Duplicate entry for customer_id 0B1d8005feeC0DD skipped.
2026-05-24 15:19:01,200 - WARNING - Duplicate entry for customer_id 4EA46eD9c84Ca1D skipped.
2026-05-24 15:19:01,201 - WARNING - Duplicate entry for customer_id Ebeb0ff7E3afDD3 skipped.
2026-05-24 15:19:01,201 - WARNING - Duplicate entry for customer_id b2bEF8ABCaBe83A skipped.
2026-05-24 15:19:01,201 - WARNING - Duplicate entry for customer_id 7B920F4cdC33Ac2 skipped.
2026-05-24 15:19:01,201 - WARNING - Duplicate entry for customer_id CFd665D3a72d74B skipped.
2026-05-24 15:19:01,201 - WARNING - Duplicate entry for customer_id c2ba942BF82F54d skipped.
2026-05-24 15:19:01,201 - WARNING - Duplicate entry for customer_id ec7fad7E7089Cc2 skipped.
2026-05-24 15:19:01,202 - WARNING - Duplicate entry for customer_id cBFeAd9059104d3 skipped.
2026-05-24 15:19:01,202 - WARNING - Duplicate entry for customer_id c6CAAD726614682 skipped.
2026-05-24 15:19:01,202 - WARNING - Duplicate entry for customer_id d3b6B3EfCdC3F41 skipped.
2026-05-24 15:19:01,202 - WARNING - Duplicate entry for customer_id 34f20119a4653A6 skipped.
2026-05-24 15:19:01,202 - WARNING - Duplicate entry for customer_id f6EA334f7a88F66 skipped.
2026-05-24 15:19:01,202 - WARNING - Duplicate entry for customer_id FBC23eEd22B3edb skipped.
2026-05-24 15:19:01,203 - WARNING - Duplicate entry for customer_id 1fcf7f5458afe7F skipped.
2026-05-24 15:19:01,203 - WARNING - Duplicate entry for customer_id df94B1738eaE0Ac skipped.
2026-05-24 15:19:01,203 - WARNING - Duplicate entry for customer_id 7DbcDf7aA078502 skipped.
2026-05-24 15:19:01,203 - WARNING - Duplicate entry for customer_id 6f8f3ACF87266F4 skipped.
2026-05-24 15:19:01,203 - WARNING - Duplicate entry for customer_id 7b3c3BB8302cFDe skipped.
2026-05-24 15:19:01,203 - WARNING - Duplicate entry for customer_id 666bcA5d1bC1bB4 skipped.
2026-05-24 15:19:01,204 - WARNING - Duplicate entry for customer_id 6aFF059e79908Ba skipped.
2026-05-24 15:19:01,204 - WARNING - Duplicate entry for customer_id 1C9bd2b561C6079 skipped.
2026-05-24 15:19:01,204 - WARNING - Duplicate entry for customer_id de867ED21BE7Be6 skipped.
2026-05-24 15:19:01,204 - WARNING - Duplicate entry for customer_id e0518740Bc9cfd2 skipped.
2026-05-24 15:19:01,204 - WARNING - Duplicate entry for customer_id 62C2a7EF506B793 skipped.
2026-05-24 15:19:01,204 - WARNING - Duplicate entry for customer_id B8ABA5783fE1901 skipped.
2026-05-24 15:19:01,205 - WARNING - Duplicate entry for customer_id 3405dAae1edfFC5 skipped.
2026-05-24 15:19:01,205 - WARNING - Duplicate entry for customer_id C06E5CacB0AEabC skipped.
2026-05-24 15:19:01,205 - WARNING - Duplicate entry for customer_id c987e6535c414Fb skipped.
2026-05-24 15:19:01,205 - WARNING - Duplicate entry for customer_id Eb815ff4Bdc3Db4 skipped.
2026-05-24 15:19:01,205 - WARNING - Duplicate entry for customer_id 2eA0Db58d06eBBe skipped.
2026-05-24 15:19:01,205 - WARNING - Duplicate entry for customer_id Bbc62BCaa7EEc1C skipped.
2026-05-24 15:19:01,206 - WARNING - Duplicate entry for customer_id Db223E916D7AB44 skipped.
2026-05-24 15:19:01,206 - WARNING - Duplicate entry for customer_id CA6Cc405b96dB2f skipped.
2026-05-24 15:19:01,206 - WARNING - Duplicate entry for customer_id E83CA6652fFCf36 skipped.
2026-05-24 15:19:01,206 - WARNING - Duplicate entry for customer_id 7DbAC1a567CaFbc skipped.
2026-05-24 15:19:01,206 - WARNING - Duplicate entry for customer_id CA2C493E84e823D skipped.
2026-05-24 15:19:01,206 - WARNING - Duplicate entry for customer_id 3Ab9edfFce89FBb skipped.
2026-05-24 15:19:01,206 - WARNING - Duplicate entry for customer_id 1fD261D086f6C1D skipped.
2026-05-24 15:19:01,207 - WARNING - Duplicate entry for customer_id D25508749F84F16 skipped.
2026-05-24 15:19:01,207 - WARNING - Duplicate entry for customer_id ff3aB296eC3CbfF skipped.
2026-05-24 15:19:01,207 - WARNING - Duplicate entry for customer_id 9B2bEE619B99C5d skipped.
2026-05-24 15:19:01,207 - WARNING - Duplicate entry for customer_id CaC56Fa7fdB3cBB skipped.
2026-05-24 15:19:01,207 - WARNING - Duplicate entry for customer_id 7d719f1bCcaA3Ac skipped.
2026-05-24 15:19:01,207 - WARNING - Duplicate entry for customer_id fe4b7DfcdE855b3 skipped.
2026-05-24 15:19:01,208 - WARNING - Duplicate entry for customer_id 2FdF7253F607D57 skipped.
2026-05-24 15:19:01,208 - WARNING - Duplicate entry for customer_id b8bcEF027CaB352 skipped.
2026-05-24 15:19:01,208 - WARNING - Duplicate entry for customer_id DdCF0e6Bdfd9abC skipped.
2026-05-24 15:19:01,208 - WARNING - Duplicate entry for customer_id d8c5E1952bd52aA skipped.
2026-05-24 15:19:01,208 - WARNING - Duplicate entry for customer_id fEDfBd9AefCEE86 skipped.
2026-05-24 15:19:01,208 - WARNING - Duplicate entry for customer_id 01AEbCbD0cB7cCd skipped.
2026-05-24 15:19:01,209 - WARNING - Duplicate entry for customer_id 2B700A47d0a7258 skipped.
2026-05-24 15:19:01,209 - WARNING - Duplicate entry for customer_id F0DC08bBe5C8d84 skipped.
2026-05-24 15:19:01,209 - WARNING - Duplicate entry for customer_id 1DdAAb3C139CD4C skipped.
2026-05-24 15:19:01,209 - WARNING - Duplicate entry for customer_id 7A0dA6ead4EdAb2 skipped.
2026-05-24 15:19:01,209 - WARNING - Duplicate entry for customer_id 6614c31711BB58e skipped.
2026-05-24 15:19:01,209 - WARNING - Duplicate entry for customer_id Af7F1daF5fFc3aa skipped.
2026-05-24 15:19:01,210 - WARNING - Duplicate entry for customer_id D91DbdaF9AbE2C5 skipped.
2026-05-24 15:19:01,210 - WARNING - Duplicate entry for customer_id 8aaA7b93ecb0a6a skipped.
2026-05-24 15:19:01,210 - WARNING - Duplicate entry for customer_id 9572F1AbCFCF09b skipped.
2026-05-24 15:19:01,210 - WARNING - Duplicate entry for customer_id 69285d4cD0bE6ad skipped.
2026-05-24 15:19:01,210 - WARNING - Duplicate entry for customer_id 9E2eb00EF367Fa2 skipped.
2026-05-24 15:19:01,210 - WARNING - Duplicate entry for customer_id F69a0ecCD997c2C skipped.
2026-05-24 15:19:01,211 - WARNING - Duplicate entry for customer_id 05f1D7bA2Bd4764 skipped.
2026-05-24 15:19:01,211 - WARNING - Duplicate entry for customer_id AdBE0cFb4dF1233 skipped.
2026-05-24 15:19:01,211 - WARNING - Duplicate entry for customer_id C2Cb929eB37D1c6 skipped.
2026-05-24 15:19:01,211 - WARNING - Duplicate entry for customer_id 196cd1bEBf9BE88 skipped.
2026-05-24 15:19:01,211 - WARNING - Duplicate entry for customer_id e140badD88486b0 skipped.
2026-05-24 15:19:01,211 - WARNING - Duplicate entry for customer_id 14ec4E6B5a11fAa skipped.
2026-05-24 15:19:01,212 - WARNING - Duplicate entry for customer_id 2aA82CEc2Da615d skipped.
2026-05-24 15:19:01,212 - WARNING - Duplicate entry for customer_id 6AAe1afbFdAeAFf skipped.
2026-05-24 15:19:01,212 - WARNING - Duplicate entry for customer_id bBfce6c3cCaB04e skipped.
2026-05-24 15:19:01,212 - WARNING - Duplicate entry for customer_id EC8627a6230b960 skipped.
2026-05-24 15:19:01,212 - WARNING - Duplicate entry for customer_id 06Fe765659a7ace skipped.
2026-05-24 15:19:01,212 - WARNING - Duplicate entry for customer_id 2eF88CDC6ad286b skipped.
2026-05-24 15:19:01,213 - WARNING - Duplicate entry for customer_id 7Ee692dCD8CAD8F skipped.
2026-05-24 15:19:01,213 - WARNING - Duplicate entry for customer_id 1C6Dfa0EfEd96A3 skipped.
2026-05-24 15:19:01,213 - WARNING - Duplicate entry for customer_id 6a46bcD3CdC56d2 skipped.
2026-05-24 15:19:01,213 - WARNING - Duplicate entry for customer_id 0AcD9d0bA01EBB4 skipped.
2026-05-24 15:19:01,213 - WARNING - Duplicate entry for customer_id acf26D1e0A5Facc skipped.
2026-05-24 15:19:01,213 - WARNING - Duplicate entry for customer_id 4EfBeB41A29fA5e skipped.
2026-05-24 15:19:01,213 - WARNING - Duplicate entry for customer_id 0115aEF33Ff7afC skipped.
2026-05-24 15:19:01,214 - WARNING - Duplicate entry for customer_id 7c30B97c1CB579e skipped.
2026-05-24 15:19:01,214 - WARNING - Duplicate entry for customer_id dfAFD00fa9374d0 skipped.
2026-05-24 15:19:01,214 - WARNING - Duplicate entry for customer_id 2EC8778AB8bdABa skipped.
2026-05-24 15:19:01,214 - WARNING - Duplicate entry for customer_id E040edB499A6132 skipped.
2026-05-24 15:19:01,214 - WARNING - Duplicate entry for customer_id aB9FF85332Bfb2a skipped.
2026-05-24 15:19:01,214 - WARNING - Duplicate entry for customer_id 390f4Fefe8CD44d skipped.
2026-05-24 15:19:01,215 - WARNING - Duplicate entry for customer_id BedC4Fbf851fED8 skipped.
2026-05-24 15:19:01,215 - WARNING - Duplicate entry for customer_id 8bDC7FCd0bDD1A3 skipped.
2026-05-24 15:19:01,215 - WARNING - Duplicate entry for customer_id fcaF0A4f9eE28F0 skipped.
2026-05-24 15:19:01,215 - WARNING - Duplicate entry for customer_id 8f7B9864aF6B829 skipped.
2026-05-24 15:19:01,215 - WARNING - Duplicate entry for customer_id D2b1feDDA3BEBDF skipped.
2026-05-24 15:19:01,215 - WARNING - Duplicate entry for customer_id 2AC8cD1Bdc5AAe5 skipped.
2026-05-24 15:19:01,216 - WARNING - Duplicate entry for customer_id f5319CE131F7b18 skipped.
2026-05-24 15:19:01,216 - WARNING - Duplicate entry for customer_id 35DefAbbBaD45a7 skipped.
2026-05-24 15:19:01,216 - WARNING - Duplicate entry for customer_id c99EcB1cB9CBCab skipped.
2026-05-24 15:19:01,216 - WARNING - Duplicate entry for customer_id 5c6ACAAA8dFE4b1 skipped.
2026-05-24 15:19:01,216 - WARNING - Duplicate entry for customer_id 214a9fEFFc6F0eF skipped.
2026-05-24 15:19:01,216 - WARNING - Duplicate entry for customer_id 3EBf95cB4fBa76F skipped.
2026-05-24 15:19:01,217 - WARNING - Duplicate entry for customer_id 7E044bcbEedBB85 skipped.
2026-05-24 15:19:01,217 - WARNING - Duplicate entry for customer_id fdC0B083Cae9B4e skipped.
2026-05-24 15:19:01,217 - WARNING - Duplicate entry for customer_id 6f2BBDD4A57e8DB skipped.
2026-05-24 15:19:01,217 - WARNING - Duplicate entry for customer_id b68E5a53fBb0C4A skipped.
2026-05-24 15:19:01,217 - WARNING - Duplicate entry for customer_id CE4824D6Efb613b skipped.
2026-05-24 15:19:01,217 - WARNING - Duplicate entry for customer_id Ca864FdF34fFceB skipped.
2026-05-24 15:19:01,218 - WARNING - Duplicate entry for customer_id C9bc697e05CA8e7 skipped.
2026-05-24 15:19:01,218 - WARNING - Duplicate entry for customer_id F93CdDD9A6aC9a1 skipped.
2026-05-24 15:19:01,218 - WARNING - Duplicate entry for customer_id d07a675F0A632F5 skipped.
2026-05-24 15:19:01,218 - WARNING - Duplicate entry for customer_id 666bAC9090ca824 skipped.
2026-05-24 15:19:01,218 - WARNING - Duplicate entry for customer_id 2B73dfDF8fBFc90 skipped.
2026-05-24 15:19:01,218 - WARNING - Duplicate entry for customer_id 3ba5E3fAE68d927 skipped.
2026-05-24 15:19:01,219 - WARNING - Duplicate entry for customer_id e17e36c40fA6dFD skipped.
2026-05-24 15:19:01,219 - WARNING - Duplicate entry for customer_id D50d9BfDd00D08d skipped.
2026-05-24 15:19:01,219 - WARNING - Duplicate entry for customer_id 580D7BbFef6D2A9 skipped.
2026-05-24 15:19:01,219 - WARNING - Duplicate entry for customer_id 9ffeC6Dd1ADdeA5 skipped.
2026-05-24 15:19:01,219 - WARNING - Duplicate entry for customer_id DBa86561f0eb9EE skipped.
2026-05-24 15:19:01,219 - WARNING - Duplicate entry for customer_id 3B596CDe02dE7C1 skipped.
2026-05-24 15:19:01,220 - WARNING - Duplicate entry for customer_id 7B9dcC1B6F12d4c skipped.
2026-05-24 15:19:01,220 - WARNING - Duplicate entry for customer_id 4Ec632DE79B28EB skipped.
2026-05-24 15:19:01,220 - WARNING - Duplicate entry for customer_id 4dBDe7b4c50Acad skipped.
2026-05-24 15:19:01,220 - WARNING - Duplicate entry for customer_id 6ab786F1B0eEb62 skipped.
2026-05-24 15:19:01,220 - WARNING - Duplicate entry for customer_id b83Baa3FB8bD6d9 skipped.
2026-05-24 15:19:01,220 - WARNING - Duplicate entry for customer_id 8f2fcb5fF2bb8F3 skipped.
2026-05-24 15:19:01,220 - WARNING - Duplicate entry for customer_id 6E0e975BFDCE575 skipped.
2026-05-24 15:19:01,221 - WARNING - Duplicate entry for customer_id a0Ac0205DA5CC61 skipped.
2026-05-24 15:19:01,221 - WARNING - Duplicate entry for customer_id ef1947B9fcf1f73 skipped.
2026-05-24 15:19:01,221 - WARNING - Duplicate entry for customer_id 1F435Bcf1e6F9e4 skipped.
2026-05-24 15:19:01,221 - WARNING - Duplicate entry for customer_id 58c352c869a7441 skipped.
2026-05-24 15:19:01,221 - WARNING - Duplicate entry for customer_id 276ec18f5546bd1 skipped.
2026-05-24 15:19:01,221 - WARNING - Duplicate entry for customer_id 20bE2068b3dF6fC skipped.
2026-05-24 15:19:01,222 - WARNING - Duplicate entry for customer_id 531EC46d609AFeA skipped.
2026-05-24 15:19:01,222 - WARNING - Duplicate entry for customer_id dfB30AeFafbf803 skipped.
2026-05-24 15:19:01,222 - WARNING - Duplicate entry for customer_id 9Dc9cD4BeB07bfb skipped.
2026-05-24 15:19:01,222 - WARNING - Duplicate entry for customer_id dD82a433b8fbBFe skipped.
2026-05-24 15:19:01,222 - WARNING - Duplicate entry for customer_id 0001fA39dA6D349 skipped.
2026-05-24 15:19:01,222 - WARNING - Duplicate entry for customer_id 4fC75A4a7d9Cd2E skipped.
2026-05-24 15:19:01,223 - WARNING - Duplicate entry for customer_id 3C0fC61afA3B2Ec skipped.
2026-05-24 15:19:01,223 - WARNING - Duplicate entry for customer_id 4Ee0B5C383a4f3d skipped.
2026-05-24 15:19:01,223 - WARNING - Duplicate entry for customer_id d58EDBdF7d212E0 skipped.
2026-05-24 15:19:01,223 - WARNING - Duplicate entry for customer_id 197f76Faea8e47C skipped.
2026-05-24 15:19:01,223 - WARNING - Duplicate entry for customer_id cc5D6c37d36FdDd skipped.
2026-05-24 15:19:01,223 - WARNING - Duplicate entry for customer_id a4Af4C89e95B721 skipped.
2026-05-24 15:19:01,224 - WARNING - Duplicate entry for customer_id f1eaacc6D98BAba skipped.
2026-05-24 15:19:01,224 - WARNING - Duplicate entry for customer_id fe4DAb8ead6b6a9 skipped.
2026-05-24 15:19:01,224 - WARNING - Duplicate entry for customer_id A8497fe0cce772F skipped.
2026-05-24 15:19:01,224 - WARNING - Duplicate entry for customer_id 05b6ed3aEACDaa3 skipped.
2026-05-24 15:19:01,224 - WARNING - Duplicate entry for customer_id BE9fae1Ac10B5b4 skipped.
2026-05-24 15:19:01,224 - WARNING - Duplicate entry for customer_id fE90dD920AAA4bC skipped.
2026-05-24 15:19:01,225 - WARNING - Duplicate entry for customer_id 5D86bBC0dd02d40 skipped.
2026-05-24 15:19:01,225 - WARNING - Duplicate entry for customer_id E8DC64C4e67fDA3 skipped.
2026-05-24 15:19:01,225 - WARNING - Duplicate entry for customer_id b8003a3D4b8107c skipped.
2026-05-24 15:19:01,225 - WARNING - Duplicate entry for customer_id b57CabD45Be54e4 skipped.
2026-05-24 15:19:01,225 - WARNING - Duplicate entry for customer_id Fb0e378Af6Ee37e skipped.
2026-05-24 15:19:01,225 - WARNING - Duplicate entry for customer_id Ff5aB5C9b6f2Da7 skipped.
2026-05-24 15:19:01,226 - WARNING - Duplicate entry for customer_id 5B7CEEAeFBD3710 skipped.
2026-05-24 15:19:01,226 - WARNING - Duplicate entry for customer_id 8F952d03DDC9EDa skipped.
2026-05-24 15:19:01,226 - WARNING - Duplicate entry for customer_id 6ea6dfAEe57f29E skipped.
2026-05-24 15:19:01,226 - WARNING - Duplicate entry for customer_id dE4a58E2dd040dC skipped.
2026-05-24 15:19:01,226 - WARNING - Duplicate entry for customer_id 82CE976694CDE15 skipped.
2026-05-24 15:19:01,226 - WARNING - Duplicate entry for customer_id 0E3b1a3f39221Ea skipped.
2026-05-24 15:19:01,227 - WARNING - Duplicate entry for customer_id 393d4147E61d8F7 skipped.
2026-05-24 15:19:01,227 - WARNING - Duplicate entry for customer_id FAcBc1dd26EeAfD skipped.
2026-05-24 15:19:01,227 - WARNING - Duplicate entry for customer_id 4caAC4F5175aBeF skipped.
2026-05-24 15:19:01,227 - WARNING - Duplicate entry for customer_id c8C434b1A3dF31f skipped.
2026-05-24 15:19:01,227 - WARNING - Duplicate entry for customer_id aF4fA3aCA4bD5eC skipped.
2026-05-24 15:19:01,227 - WARNING - Duplicate entry for customer_id 895c3d6c2B7f017 skipped.
2026-05-24 15:19:01,227 - WARNING - Duplicate entry for customer_id fEceCCA3A41c4b9 skipped.
2026-05-24 15:19:01,228 - WARNING - Duplicate entry for customer_id 9277977d7ff97fD skipped.
2026-05-24 15:19:01,228 - WARNING - Duplicate entry for customer_id 0dCeC4a8cAeefc2 skipped.
2026-05-24 15:19:01,228 - WARNING - Duplicate entry for customer_id 1Ca8b16dAd6F75E skipped.
2026-05-24 15:19:01,228 - WARNING - Duplicate entry for customer_id 1d9E6c096AfD0bb skipped.
2026-05-24 15:19:01,228 - WARNING - Duplicate entry for customer_id D85Baf7dAe6aba1 skipped.
2026-05-24 15:19:01,228 - WARNING - Duplicate entry for customer_id 05a3385fc5a8cc1 skipped.
2026-05-24 15:19:01,229 - WARNING - Duplicate entry for customer_id 6f3fa641ccba5EB skipped.
2026-05-24 15:19:01,229 - WARNING - Duplicate entry for customer_id cc4CFf3Cae8Fa5C skipped.
2026-05-24 15:19:01,229 - WARNING - Duplicate entry for customer_id cfa4f67fF42bCa2 skipped.
2026-05-24 15:19:01,229 - WARNING - Duplicate entry for customer_id aA04De37fe1EFcE skipped.
2026-05-24 15:19:01,229 - WARNING - Duplicate entry for customer_id d3944d30ECa7a7A skipped.
2026-05-24 15:19:01,229 - WARNING - Duplicate entry for customer_id BAcC813eAe0B26e skipped.
2026-05-24 15:19:01,230 - WARNING - Duplicate entry for customer_id D48fdcDF9d7A214 skipped.
2026-05-24 15:19:01,230 - WARNING - Duplicate entry for customer_id 66bf59d65365BBB skipped.
2026-05-24 15:19:01,230 - WARNING - Duplicate entry for customer_id 43eD93bE0Dc7F95 skipped.
2026-05-24 15:19:01,230 - WARNING - Duplicate entry for customer_id 9eEdEaf8F8e087c skipped.
2026-05-24 15:19:01,230 - WARNING - Duplicate entry for customer_id e35daaaE8442628 skipped.
2026-05-24 15:19:01,230 - WARNING - Duplicate entry for customer_id 9dd1f1f82b87DaE skipped.
2026-05-24 15:19:01,231 - WARNING - Duplicate entry for customer_id DF017FED418CdCb skipped.
2026-05-24 15:19:01,231 - WARNING - Duplicate entry for customer_id cdadAFc0c4CA025 skipped.
2026-05-24 15:19:01,231 - WARNING - Duplicate entry for customer_id 1C8dBF1415ba679 skipped.
2026-05-24 15:19:01,231 - WARNING - Duplicate entry for customer_id 8f0a3ba91c1Eb43 skipped.
2026-05-24 15:19:01,231 - WARNING - Duplicate entry for customer_id bB93cEc8d4FeaAC skipped.
2026-05-24 15:19:01,231 - WARNING - Duplicate entry for customer_id 2e5a2200bD6C818 skipped.
2026-05-24 15:19:01,232 - WARNING - Duplicate entry for customer_id 3BaB4b80DDAeDB7 skipped.
2026-05-24 15:19:01,232 - WARNING - Duplicate entry for customer_id 698Df6Cf9f97ddF skipped.
2026-05-24 15:19:01,232 - WARNING - Duplicate entry for customer_id AbcaB8cF43b0C1d skipped.
2026-05-24 15:19:01,232 - WARNING - Duplicate entry for customer_id 42b9A4e192da5C6 skipped.
2026-05-24 15:19:01,232 - WARNING - Duplicate entry for customer_id d8F1245a7Bac36c skipped.
2026-05-24 15:19:01,232 - WARNING - Duplicate entry for customer_id DeBD13fe82A9E5f skipped.
2026-05-24 15:19:01,232 - WARNING - Duplicate entry for customer_id Dcc46b0FcAfB2C9 skipped.
2026-05-24 15:19:01,233 - WARNING - Duplicate entry for customer_id 2F83b82be96bc01 skipped.
2026-05-24 15:19:01,233 - WARNING - Duplicate entry for customer_id 4a52741EB5a7Ed1 skipped.
2026-05-24 15:19:01,233 - WARNING - Duplicate entry for customer_id 05c1eCeEfE7DDE9 skipped.
2026-05-24 15:19:01,233 - WARNING - Duplicate entry for customer_id 6d4bAbB01c22E0F skipped.
2026-05-24 15:19:01,233 - WARNING - Duplicate entry for customer_id 8ce2a9f6BB02b0d skipped.
2026-05-24 15:19:01,234 - WARNING - Duplicate entry for customer_id F9AEc2F51C5EDaE skipped.
2026-05-24 15:19:01,234 - WARNING - Duplicate entry for customer_id 9385f009fFFA723 skipped.
2026-05-24 15:19:01,234 - WARNING - Duplicate entry for customer_id E8a23B90899B6d7 skipped.
2026-05-24 15:19:01,234 - WARNING - Duplicate entry for customer_id 10E34ADcd62bB92 skipped.
2026-05-24 15:19:01,234 - WARNING - Duplicate entry for customer_id 33a3Afa322E1033 skipped.
2026-05-24 15:19:01,234 - WARNING - Duplicate entry for customer_id 1BE3BBe52EccE45 skipped.
2026-05-24 15:19:01,235 - WARNING - Duplicate entry for customer_id D270EFAd9D76A76 skipped.
2026-05-24 15:19:01,235 - WARNING - Duplicate entry for customer_id 9eE3e7AdfbD7Da4 skipped.
2026-05-24 15:19:01,235 - WARNING - Duplicate entry for customer_id d6ECEA63A80bBFf skipped.
2026-05-24 15:19:01,235 - WARNING - Duplicate entry for customer_id 014A372AC33c4F4 skipped.
2026-05-24 15:19:01,235 - WARNING - Duplicate entry for customer_id 41eAa5e67049D75 skipped.
2026-05-24 15:19:01,235 - WARNING - Duplicate entry for customer_id FF8fd2c75FeadBE skipped.
2026-05-24 15:19:01,236 - WARNING - Duplicate entry for customer_id ACd6d2856c3e9c6 skipped.
2026-05-24 15:19:01,236 - WARNING - Duplicate entry for customer_id 4213a532367a4BA skipped.
2026-05-24 15:19:01,236 - WARNING - Duplicate entry for customer_id 5eB3Ce3ee5dAeDF skipped.
2026-05-24 15:19:01,236 - WARNING - Duplicate entry for customer_id EeEdaba9dDb8B0c skipped.
2026-05-24 15:19:01,236 - WARNING - Duplicate entry for customer_id 9fb8Ad13C8a1d31 skipped.
2026-05-24 15:19:01,236 - WARNING - Duplicate entry for customer_id 166Cfb97832F81d skipped.
2026-05-24 15:19:01,237 - WARNING - Duplicate entry for customer_id adfaD758ea6760B skipped.
2026-05-24 15:19:01,237 - WARNING - Duplicate entry for customer_id aA88C4FD77e8d4E skipped.
2026-05-24 15:19:01,237 - WARNING - Duplicate entry for customer_id 3b480808b1Db3d8 skipped.
2026-05-24 15:19:01,237 - WARNING - Duplicate entry for customer_id 9a17fFf3FF40B63 skipped.
2026-05-24 15:19:01,237 - WARNING - Duplicate entry for customer_id D3a6bBFDEaff3c7 skipped.
2026-05-24 15:19:01,237 - WARNING - Duplicate entry for customer_id 12e7C8A38a58Af5 skipped.
2026-05-24 15:19:01,237 - WARNING - Duplicate entry for customer_id eE3aabEcf63fb74 skipped.
2026-05-24 15:19:01,238 - WARNING - Duplicate entry for customer_id d4B4312AE1B0B64 skipped.
2026-05-24 15:19:01,238 - WARNING - Duplicate entry for customer_id aA2Cbda7aF7CF6c skipped.
2026-05-24 15:19:01,238 - WARNING - Duplicate entry for customer_id 0913aD6BB949c79 skipped.
2026-05-24 15:19:01,238 - WARNING - Duplicate entry for customer_id 429cEAc4e675cfc skipped.
2026-05-24 15:19:01,238 - WARNING - Duplicate entry for customer_id f200f629aE89Cf9 skipped.
2026-05-24 15:19:01,238 - WARNING - Duplicate entry for customer_id f573f7Daf3f97E6 skipped.
2026-05-24 15:19:01,239 - WARNING - Duplicate entry for customer_id 3b03eFcCB873a8F skipped.
2026-05-24 15:19:01,239 - WARNING - Duplicate entry for customer_id c21Ce78AfddBcE3 skipped.
2026-05-24 15:19:01,239 - WARNING - Duplicate entry for customer_id 13daEd070a6Db0e skipped.
2026-05-24 15:19:01,239 - WARNING - Duplicate entry for customer_id 7a060190AD8B1F3 skipped.
2026-05-24 15:19:01,239 - WARNING - Duplicate entry for customer_id 7e1DEE74450dFDE skipped.
2026-05-24 15:19:01,239 - WARNING - Duplicate entry for customer_id 38e7CFf07892bD4 skipped.
2026-05-24 15:19:01,240 - WARNING - Duplicate entry for customer_id EF82a88b39ca3a8 skipped.
2026-05-24 15:19:01,240 - WARNING - Duplicate entry for customer_id 612FeF4eF2faD8A skipped.
2026-05-24 15:19:01,240 - WARNING - Duplicate entry for customer_id Fe5dDa1b7B3c7EB skipped.
2026-05-24 15:19:01,240 - WARNING - Duplicate entry for customer_id bb94A4cdAD16B0E skipped.
2026-05-24 15:19:01,240 - WARNING - Duplicate entry for customer_id 4E100fFA492E3fC skipped.
2026-05-24 15:19:01,240 - WARNING - Duplicate entry for customer_id f3D6d3A26eBFFAb skipped.
2026-05-24 15:19:01,241 - WARNING - Duplicate entry for customer_id 1C6C7B3e2617b55 skipped.
2026-05-24 15:19:01,241 - WARNING - Duplicate entry for customer_id 95F882c8ebf0cc3 skipped.
2026-05-24 15:19:01,241 - WARNING - Duplicate entry for customer_id 0DBfcB30c0D3EdC skipped.
2026-05-24 15:19:01,241 - WARNING - Duplicate entry for customer_id DbeFFa6cBE0f44a skipped.
2026-05-24 15:19:01,241 - WARNING - Duplicate entry for customer_id DEA5834A1ba5E7D skipped.
2026-05-24 15:19:01,241 - WARNING - Duplicate entry for customer_id 4b19DFf62a7Be0d skipped.
2026-05-24 15:19:01,242 - WARNING - Duplicate entry for customer_id B6FCA2Bf61a19CF skipped.
2026-05-24 15:19:01,242 - WARNING - Duplicate entry for customer_id 0b142ce72bf8AF8 skipped.
2026-05-24 15:19:01,242 - WARNING - Duplicate entry for customer_id A1Dd925888dCbEd skipped.
2026-05-24 15:19:01,242 - WARNING - Duplicate entry for customer_id 37778daaFD41EC4 skipped.
2026-05-24 15:19:01,242 - WARNING - Duplicate entry for customer_id 81FA5D97d96Fc6c skipped.
2026-05-24 15:19:01,242 - WARNING - Duplicate entry for customer_id B64Cde5cCE8f8D3 skipped.
2026-05-24 15:19:01,242 - WARNING - Duplicate entry for customer_id f0cd5Ad2B149F82 skipped.
2026-05-24 15:19:01,243 - WARNING - Duplicate entry for customer_id 8bd2A3b426e5851 skipped.
2026-05-24 15:19:01,243 - WARNING - Duplicate entry for customer_id 573F08aC80974Ce skipped.
2026-05-24 15:19:01,243 - WARNING - Duplicate entry for customer_id 71628DEb7dEBEF3 skipped.
2026-05-24 15:19:01,243 - WARNING - Duplicate entry for customer_id f232E2E9af95a1d skipped.
2026-05-24 15:19:01,243 - WARNING - Duplicate entry for customer_id 765daaEEECC07F4 skipped.
2026-05-24 15:19:01,243 - WARNING - Duplicate entry for customer_id 08a3cA5AcB14199 skipped.
2026-05-24 15:19:01,244 - WARNING - Duplicate entry for customer_id 7fEdb9Ec7af2d70 skipped.
2026-05-24 15:19:01,244 - WARNING - Duplicate entry for customer_id F4a4EC017A08De6 skipped.
2026-05-24 15:19:01,244 - WARNING - Duplicate entry for customer_id 7dafD51fecbF1f8 skipped.
2026-05-24 15:19:01,244 - WARNING - Duplicate entry for customer_id eDFfcd9AB07A33F skipped.
2026-05-24 15:19:01,244 - WARNING - Duplicate entry for customer_id 18E97f29B7B2df2 skipped.
2026-05-24 15:19:01,244 - WARNING - Duplicate entry for customer_id Ef37Ecb15BaC5D9 skipped.
2026-05-24 15:19:01,245 - WARNING - Duplicate entry for customer_id bD5A6B2EBdeEF95 skipped.
2026-05-24 15:19:01,245 - WARNING - Duplicate entry for customer_id db0d18D1374dBaC skipped.
2026-05-24 15:19:01,245 - WARNING - Duplicate entry for customer_id 7af6141EBcBCEda skipped.
2026-05-24 15:19:01,245 - WARNING - Duplicate entry for customer_id 4dDFBaA4e4bC29f skipped.
2026-05-24 15:19:01,245 - WARNING - Duplicate entry for customer_id ecd4a2f35fADc55 skipped.
2026-05-24 15:19:01,245 - WARNING - Duplicate entry for customer_id 36Bc0b09Fe542dC skipped.
2026-05-24 15:19:01,245 - WARNING - Duplicate entry for customer_id CeC40FA70a7CE35 skipped.
2026-05-24 15:19:01,246 - WARNING - Duplicate entry for customer_id AfBbac14dd9E5BD skipped.
2026-05-24 15:19:01,246 - WARNING - Duplicate entry for customer_id 74f512837b7F179 skipped.
2026-05-24 15:19:01,246 - WARNING - Duplicate entry for customer_id 5EbAB6F9a519dD5 skipped.
2026-05-24 15:19:01,246 - WARNING - Duplicate entry for customer_id E51a2f6ab11a5cf skipped.
2026-05-24 15:19:01,246 - WARNING - Duplicate entry for customer_id 2d6fccacB89Fc9a skipped.
2026-05-24 15:19:01,247 - WARNING - Duplicate entry for customer_id 42113293F4aEaAb skipped.
2026-05-24 15:19:01,247 - WARNING - Duplicate entry for customer_id D0db4FaD1ce14Ef skipped.
2026-05-24 15:19:01,247 - WARNING - Duplicate entry for customer_id C4d0ca467fCf58E skipped.
2026-05-24 15:19:01,247 - WARNING - Duplicate entry for customer_id Fc9d9497A53568a skipped.
2026-05-24 15:19:01,247 - WARNING - Duplicate entry for customer_id Aae9f03Bc2FC6F9 skipped.
2026-05-24 15:19:01,247 - WARNING - Duplicate entry for customer_id D5cA65aE99CF760 skipped.
2026-05-24 15:19:01,247 - WARNING - Duplicate entry for customer_id Ac021bD312b4Da8 skipped.
2026-05-24 15:19:01,248 - WARNING - Duplicate entry for customer_id 002c9A213Db0067 skipped.
2026-05-24 15:19:01,248 - WARNING - Duplicate entry for customer_id d5698dD6DD5624A skipped.
2026-05-24 15:19:01,248 - WARNING - Duplicate entry for customer_id AEECeE395D4F1B7 skipped.
2026-05-24 15:19:01,248 - WARNING - Duplicate entry for customer_id 8b6d8b16D0C3b24 skipped.
2026-05-24 15:19:01,248 - WARNING - Duplicate entry for customer_id 0Fdd59e7856db8f skipped.
2026-05-24 15:19:01,248 - WARNING - Duplicate entry for customer_id 7Cf4a2b0bdD4522 skipped.
2026-05-24 15:19:01,249 - WARNING - Duplicate entry for customer_id 52725aC4cFE8EE5 skipped.
2026-05-24 15:19:01,249 - WARNING - Duplicate entry for customer_id BE9daBEf6dCfD7C skipped.
2026-05-24 15:19:01,249 - WARNING - Duplicate entry for customer_id 84F1B290A0Fb1fc skipped.
2026-05-24 15:19:01,249 - WARNING - Duplicate entry for customer_id 1C1Dacf3d47eb8e skipped.
2026-05-24 15:19:01,249 - WARNING - Duplicate entry for customer_id a20F19CfE2aD0ca skipped.
2026-05-24 15:19:01,249 - WARNING - Duplicate entry for customer_id 7Af8fF9aF8A47C5 skipped.
2026-05-24 15:19:01,250 - WARNING - Duplicate entry for customer_id CFC6056BC2C3B0c skipped.
2026-05-24 15:19:01,250 - WARNING - Duplicate entry for customer_id Ae8C347aE0b3c5E skipped.
2026-05-24 15:19:01,250 - WARNING - Duplicate entry for customer_id 0EfcA43fbCdCDCC skipped.
2026-05-24 15:19:01,250 - WARNING - Duplicate entry for customer_id ffE8F5d071d1D48 skipped.
2026-05-24 15:19:01,250 - WARNING - Duplicate entry for customer_id 46fb14B9A0DEeeD skipped.
2026-05-24 15:19:01,250 - WARNING - Duplicate entry for customer_id 0274db23E8f20bd skipped.
2026-05-24 15:19:01,251 - WARNING - Duplicate entry for customer_id B56fCA985Bd5fC5 skipped.
2026-05-24 15:19:01,251 - WARNING - Duplicate entry for customer_id 2Cde1Ce64CeD4aF skipped.
2026-05-24 15:19:01,251 - WARNING - Duplicate entry for customer_id cB72F31ebEE5f76 skipped.
2026-05-24 15:19:01,251 - WARNING - Duplicate entry for customer_id cAEbCE6A6b23c32 skipped.
2026-05-24 15:19:01,251 - WARNING - Duplicate entry for customer_id 23d0d1CB661AE47 skipped.
2026-05-24 15:19:01,251 - WARNING - Duplicate entry for customer_id 6F3dE3F6dE0F8f0 skipped.
2026-05-24 15:19:01,252 - WARNING - Duplicate entry for customer_id e3eDEACd48Eb36A skipped.
2026-05-24 15:19:01,252 - WARNING - Duplicate entry for customer_id 0C18158818033b1 skipped.
2026-05-24 15:19:01,252 - WARNING - Duplicate entry for customer_id 6f4b0e8ef9ee1fF skipped.
2026-05-24 15:19:01,252 - WARNING - Duplicate entry for customer_id Fe7e4bb1CB8EEF9 skipped.
2026-05-24 15:19:01,252 - WARNING - Duplicate entry for customer_id d291Dd7bAC89dC1 skipped.
2026-05-24 15:19:01,252 - WARNING - Duplicate entry for customer_id 52C9b5E837d2EfE skipped.
2026-05-24 15:19:01,253 - WARNING - Duplicate entry for customer_id 20D4eB7Cf91Ff0B skipped.
2026-05-24 15:19:01,253 - WARNING - Duplicate entry for customer_id BAFdDdf03E7560e skipped.
2026-05-24 15:19:01,253 - WARNING - Duplicate entry for customer_id f0daf364d8fC752 skipped.
2026-05-24 15:19:01,253 - WARNING - Duplicate entry for customer_id A7d0eb4f6Bb890f skipped.
2026-05-24 15:19:01,253 - WARNING - Duplicate entry for customer_id Ae9Cd0e71d62d03 skipped.
2026-05-24 15:19:01,253 - WARNING - Duplicate entry for customer_id B8Fdde1a5d41fF3 skipped.
2026-05-24 15:19:01,254 - WARNING - Duplicate entry for customer_id a807843FaFA5C15 skipped.
2026-05-24 15:19:01,254 - WARNING - Duplicate entry for customer_id D39B2f3649fA9dF skipped.
2026-05-24 15:19:01,254 - WARNING - Duplicate entry for customer_id 09193dD798CFB29 skipped.
2026-05-24 15:19:01,254 - WARNING - Duplicate entry for customer_id 3bD1F8c48B36CDa skipped.
2026-05-24 15:19:01,254 - WARNING - Duplicate entry for customer_id 2420Ef1d4C72c29 skipped.
2026-05-24 15:19:01,254 - WARNING - Duplicate entry for customer_id F6F275AfDfb5eF6 skipped.
2026-05-24 15:19:01,255 - WARNING - Duplicate entry for customer_id FE61cAD2efceeAa skipped.
2026-05-24 15:19:01,255 - WARNING - Duplicate entry for customer_id eBE184BCd649Bcf skipped.
2026-05-24 15:19:01,255 - WARNING - Duplicate entry for customer_id ACf20DbBECE71D1 skipped.
2026-05-24 15:19:01,255 - WARNING - Duplicate entry for customer_id 72D47bcC2bbAA9d skipped.
2026-05-24 15:19:01,255 - WARNING - Duplicate entry for customer_id 4AD57F8c4B26e0d skipped.
2026-05-24 15:19:01,255 - WARNING - Duplicate entry for customer_id 2BfbC3b46ACf9f5 skipped.
2026-05-24 15:19:01,256 - WARNING - Duplicate entry for customer_id 66C4aAA315fEFa2 skipped.
2026-05-24 15:19:01,256 - WARNING - Duplicate entry for customer_id 9FF418832B9D63E skipped.
2026-05-24 15:19:01,256 - WARNING - Duplicate entry for customer_id a9E42BCDBa2Cd83 skipped.
2026-05-24 15:19:01,256 - WARNING - Duplicate entry for customer_id 079DE71dEE3AFFb skipped.
2026-05-24 15:19:01,256 - WARNING - Duplicate entry for customer_id CC499DaFEDdD3b8 skipped.
2026-05-24 15:19:01,256 - WARNING - Duplicate entry for customer_id abC0f3FEb576DFA skipped.
2026-05-24 15:19:01,257 - WARNING - Duplicate entry for customer_id 2b6221ca8A40B98 skipped.
2026-05-24 15:19:01,257 - WARNING - Duplicate entry for customer_id 7c5a7CeFA99bd34 skipped.
2026-05-24 15:19:01,257 - WARNING - Duplicate entry for customer_id 90F1B3e4df1a842 skipped.
2026-05-24 15:19:01,257 - WARNING - Duplicate entry for customer_id e92cB5ed6CAADf7 skipped.
2026-05-24 15:19:01,257 - WARNING - Duplicate entry for customer_id 5FDFdB02Df1a7Ca skipped.
2026-05-24 15:19:01,257 - WARNING - Duplicate entry for customer_id 4aA88FE64a6c1f6 skipped.
2026-05-24 15:19:01,258 - WARNING - Duplicate entry for customer_id 77DCBC5D6aba4CB skipped.
2026-05-24 15:19:01,258 - WARNING - Duplicate entry for customer_id F02fBDABc21Cdc3 skipped.
2026-05-24 15:19:01,258 - WARNING - Duplicate entry for customer_id e4BD1EDbA0ecBEC skipped.
2026-05-24 15:19:01,258 - WARNING - Duplicate entry for customer_id FA5eC394A3EbD31 skipped.
2026-05-24 15:19:01,258 - WARNING - Duplicate entry for customer_id 6C99B9dACFaA5D3 skipped.
2026-05-24 15:19:01,258 - WARNING - Duplicate entry for customer_id 2dF8514Ea0Cfc1D skipped.
2026-05-24 15:19:01,258 - WARNING - Duplicate entry for customer_id dc1A7c225E1Da1C skipped.
2026-05-24 15:19:01,259 - WARNING - Duplicate entry for customer_id A73AFAd83b81E73 skipped.
2026-05-24 15:19:01,259 - WARNING - Duplicate entry for customer_id cDBe5cFdbB3Ae4F skipped.
2026-05-24 15:19:01,259 - WARNING - Duplicate entry for customer_id EFAbeA7ac6B6BB3 skipped.
2026-05-24 15:19:01,259 - WARNING - Duplicate entry for customer_id 6af3BfF9eb61f80 skipped.
2026-05-24 15:19:01,259 - WARNING - Duplicate entry for customer_id E72F96eAffCfebA skipped.
2026-05-24 15:19:01,259 - WARNING - Duplicate entry for customer_id cdbf992db6BE7Ec skipped.
2026-05-24 15:19:01,260 - WARNING - Duplicate entry for customer_id A29Fd2CbDfEBdF0 skipped.
2026-05-24 15:19:01,260 - WARNING - Duplicate entry for customer_id af2D2C5b68fFb83 skipped.
2026-05-24 15:19:01,260 - WARNING - Duplicate entry for customer_id 90ddbC31FeE6Cd2 skipped.
2026-05-24 15:19:01,260 - WARNING - Duplicate entry for customer_id B480754c5Be9fD2 skipped.
2026-05-24 15:19:01,260 - WARNING - Duplicate entry for customer_id d24a6DdAD1FD742 skipped.
2026-05-24 15:19:01,260 - WARNING - Duplicate entry for customer_id 1B3ce68C7522dab skipped.
2026-05-24 15:19:01,261 - WARNING - Duplicate entry for customer_id 53d3cC4E7e029bB skipped.
2026-05-24 15:19:01,261 - WARNING - Duplicate entry for customer_id 90f5af7C2cBDe94 skipped.
2026-05-24 15:19:01,261 - WARNING - Duplicate entry for customer_id a5B335e09dFcA76 skipped.
2026-05-24 15:19:01,261 - WARNING - Duplicate entry for customer_id eB21Bf50Cee268E skipped.
2026-05-24 15:19:01,261 - WARNING - Duplicate entry for customer_id 4289fe97718be15 skipped.
2026-05-24 15:19:01,261 - WARNING - Duplicate entry for customer_id 4Bb1D5D38Fd23FD skipped.
2026-05-24 15:19:01,262 - WARNING - Duplicate entry for customer_id 11ffb40267Db802 skipped.
2026-05-24 15:19:01,262 - WARNING - Duplicate entry for customer_id BCcebE096E2329B skipped.
2026-05-24 15:19:01,262 - WARNING - Duplicate entry for customer_id bc41735a1b5cBBB skipped.
2026-05-24 15:19:01,262 - WARNING - Duplicate entry for customer_id 31FAbECce962766 skipped.
2026-05-24 15:19:01,262 - WARNING - Duplicate entry for customer_id B8B1EdbbbF08c2c skipped.
2026-05-24 15:19:01,262 - WARNING - Duplicate entry for customer_id aD0CaDFf8b23B92 skipped.
2026-05-24 15:19:01,263 - WARNING - Duplicate entry for customer_id 77eb3D79aE7FFB3 skipped.
2026-05-24 15:19:01,263 - WARNING - Duplicate entry for customer_id 1f1c661cF5Fa2cA skipped.
2026-05-24 15:19:01,263 - WARNING - Duplicate entry for customer_id 12b349ebc8c41Fa skipped.
2026-05-24 15:19:01,263 - WARNING - Duplicate entry for customer_id 8FdAcADb8bD362C skipped.
2026-05-24 15:19:01,263 - WARNING - Duplicate entry for customer_id bbb16Bf455CeC9f skipped.
2026-05-24 15:19:01,263 - WARNING - Duplicate entry for customer_id B4BEf2a9E3ff02B skipped.
2026-05-24 15:19:01,263 - WARNING - Duplicate entry for customer_id fEa0051a1EA238A skipped.
2026-05-24 15:19:01,264 - WARNING - Duplicate entry for customer_id c1803aA7dBF4fA6 skipped.
2026-05-24 15:19:01,264 - WARNING - Duplicate entry for customer_id aC2BdC8A1093b60 skipped.
2026-05-24 15:19:01,264 - WARNING - Duplicate entry for customer_id E9DDfBc16fA07b8 skipped.
2026-05-24 15:19:01,264 - WARNING - Duplicate entry for customer_id 223fD1E2b32101D skipped.
2026-05-24 15:19:01,264 - WARNING - Duplicate entry for customer_id 62aEeB2EA3CD9E9 skipped.
2026-05-24 15:19:01,264 - WARNING - Duplicate entry for customer_id fE82a9493bcA35B skipped.
2026-05-24 15:19:01,265 - WARNING - Duplicate entry for customer_id 7A671fbBAb661E6 skipped.
2026-05-24 15:19:01,265 - WARNING - Duplicate entry for customer_id 684befCF02AeFf7 skipped.
2026-05-24 15:19:01,265 - WARNING - Duplicate entry for customer_id 7CEc10576a8127e skipped.
2026-05-24 15:19:01,265 - WARNING - Duplicate entry for customer_id F2A5E6Baad44E89 skipped.
2026-05-24 15:19:01,265 - WARNING - Duplicate entry for customer_id 34aC4746EfbD7cb skipped.
2026-05-24 15:19:01,266 - WARNING - Duplicate entry for customer_id EDA3D13E1858dF5 skipped.
2026-05-24 15:19:01,266 - WARNING - Duplicate entry for customer_id dc0aC8C1d81AAaA skipped.
2026-05-24 15:19:01,266 - WARNING - Duplicate entry for customer_id 9a30Bfd62Ab7BC2 skipped.
2026-05-24 15:19:01,266 - WARNING - Duplicate entry for customer_id Dc8DF1FB64E24C8 skipped.
2026-05-24 15:19:01,266 - WARNING - Duplicate entry for customer_id C4d519Dfb0DA5c7 skipped.
2026-05-24 15:19:01,266 - WARNING - Duplicate entry for customer_id Db4B1F86Ee2fD65 skipped.
2026-05-24 15:19:01,267 - WARNING - Duplicate entry for customer_id 271dffEbDb9f816 skipped.
2026-05-24 15:19:01,267 - WARNING - Duplicate entry for customer_id FA6a1B1Fc04B8EE skipped.
2026-05-24 15:19:01,267 - WARNING - Duplicate entry for customer_id FE4C2A12696Da3F skipped.
2026-05-24 15:19:01,267 - WARNING - Duplicate entry for customer_id 3dDfaA2327886E9 skipped.
2026-05-24 15:19:01,267 - WARNING - Duplicate entry for customer_id BD1deD31a3aA0DE skipped.
2026-05-24 15:19:01,267 - WARNING - Duplicate entry for customer_id 0c51e11999e0AFd skipped.
2026-05-24 15:19:01,267 - WARNING - Duplicate entry for customer_id D587E5CF497946C skipped.
2026-05-24 15:19:01,268 - WARNING - Duplicate entry for customer_id afC5fBDC4FFFE8f skipped.
2026-05-24 15:19:01,268 - WARNING - Duplicate entry for customer_id 5fE0D8439cF1ADa skipped.
2026-05-24 15:19:01,268 - WARNING - Duplicate entry for customer_id 06e8FD29ea896Aa skipped.
2026-05-24 15:19:01,268 - WARNING - Duplicate entry for customer_id A7bdD273350e6C9 skipped.
2026-05-24 15:19:01,268 - WARNING - Duplicate entry for customer_id adAA90eC2d4D59A skipped.
2026-05-24 15:19:01,268 - WARNING - Duplicate entry for customer_id 4A231C5DceB9739 skipped.
2026-05-24 15:19:01,269 - WARNING - Duplicate entry for customer_id 1aeE81d4dD1C47d skipped.
2026-05-24 15:19:01,269 - WARNING - Duplicate entry for customer_id 10F81cEE6065efd skipped.
2026-05-24 15:19:01,269 - WARNING - Duplicate entry for customer_id 8d2Fea5a6AdC2bA skipped.
2026-05-24 15:19:01,269 - WARNING - Duplicate entry for customer_id 0c513bE2Ef3E658 skipped.
2026-05-24 15:19:01,269 - WARNING - Duplicate entry for customer_id bBEEd0afFa68EDa skipped.
2026-05-24 15:19:01,269 - WARNING - Duplicate entry for customer_id 6140fD9b8bEf5da skipped.
2026-05-24 15:19:01,270 - WARNING - Duplicate entry for customer_id 7c71384AabBEd7a skipped.
2026-05-24 15:19:01,270 - WARNING - Duplicate entry for customer_id a5cAAaeD7Bc74Ba skipped.
2026-05-24 15:19:01,270 - WARNING - Duplicate entry for customer_id Accc1dd8fafEbfA skipped.
2026-05-24 15:19:01,270 - WARNING - Duplicate entry for customer_id 78B0329Ce7DeDea skipped.
2026-05-24 15:19:01,270 - WARNING - Duplicate entry for customer_id 724a0B2081Bf67B skipped.
2026-05-24 15:19:01,270 - WARNING - Duplicate entry for customer_id 064ae539Cc1BA9C skipped.
2026-05-24 15:19:01,271 - WARNING - Duplicate entry for customer_id AD06dc859BACdBC skipped.
2026-05-24 15:19:01,271 - WARNING - Duplicate entry for customer_id 5aDDF9dF3CD1E1b skipped.
2026-05-24 15:19:01,271 - WARNING - Duplicate entry for customer_id 2ae4f6e677f1FEF skipped.
2026-05-24 15:19:01,271 - WARNING - Duplicate entry for customer_id F05cA3cFf1Ed285 skipped.
2026-05-24 15:19:01,271 - WARNING - Duplicate entry for customer_id 9a7Cbd5055ceB62 skipped.
2026-05-24 15:19:01,271 - WARNING - Duplicate entry for customer_id DcA3aBa0cEF4342 skipped.
2026-05-24 15:19:01,272 - WARNING - Duplicate entry for customer_id cEAcd7EB0dF56B7 skipped.
2026-05-24 15:19:01,272 - WARNING - Duplicate entry for customer_id Dbff2b9BD9220BC skipped.
2026-05-24 15:19:01,272 - WARNING - Duplicate entry for customer_id 89A9A525b79da34 skipped.
2026-05-24 15:19:01,272 - WARNING - Duplicate entry for customer_id 1af73b0bE86AeeF skipped.
2026-05-24 15:19:01,272 - WARNING - Duplicate entry for customer_id 8054ECF4eF1CeF2 skipped.
2026-05-24 15:19:01,272 - WARNING - Duplicate entry for customer_id 26E14acEb9c3dE4 skipped.
2026-05-24 15:19:01,273 - WARNING - Duplicate entry for customer_id D4Aa5659f26c836 skipped.
2026-05-24 15:19:01,273 - WARNING - Duplicate entry for customer_id 53a3B3aA7e63a0F skipped.
2026-05-24 15:19:01,273 - WARNING - Duplicate entry for customer_id 0ddacBAAcFA4C2f skipped.
2026-05-24 15:19:01,273 - WARNING - Duplicate entry for customer_id dfAFEdCbf5D7ce4 skipped.
2026-05-24 15:19:01,273 - WARNING - Duplicate entry for customer_id 590a7D15caCe9eD skipped.
2026-05-24 15:19:01,273 - WARNING - Duplicate entry for customer_id 8deC6E8057ABfE9 skipped.
2026-05-24 15:19:01,274 - WARNING - Duplicate entry for customer_id 4aC6cE57Dc887bE skipped.
2026-05-24 15:19:01,274 - WARNING - Duplicate entry for customer_id E9a689c736ef033 skipped.
2026-05-24 15:19:01,274 - WARNING - Duplicate entry for customer_id F82b6FDf077E8c7 skipped.
2026-05-24 15:19:01,274 - WARNING - Duplicate entry for customer_id 0BCe8B6CCbdF701 skipped.
2026-05-24 15:19:01,274 - WARNING - Duplicate entry for customer_id 3d4AEe4F87bccd1 skipped.
2026-05-24 15:19:01,274 - WARNING - Duplicate entry for customer_id 2Ba8B54fb7a9cDB skipped.
2026-05-24 15:19:01,274 - WARNING - Duplicate entry for customer_id 57D3fEC7aAeCEDc skipped.
2026-05-24 15:19:01,275 - WARNING - Duplicate entry for customer_id E0BD8d8E73348Ba skipped.
2026-05-24 15:19:01,275 - WARNING - Duplicate entry for customer_id 05CeeD0bFdFf4Ef skipped.
2026-05-24 15:19:01,275 - WARNING - Duplicate entry for customer_id Ba74a4190Ea89fD skipped.
2026-05-24 15:19:01,275 - WARNING - Duplicate entry for customer_id 1fBDc535F57Cd32 skipped.
2026-05-24 15:19:01,275 - WARNING - Duplicate entry for customer_id aAba4dc4C0AA9dc skipped.
2026-05-24 15:19:01,275 - WARNING - Duplicate entry for customer_id ab25b3a4dACFB72 skipped.
2026-05-24 15:19:01,276 - WARNING - Duplicate entry for customer_id 9dc1CBC08CD5fFc skipped.
2026-05-24 15:19:01,276 - WARNING - Duplicate entry for customer_id 9a100203128534C skipped.
2026-05-24 15:19:01,276 - WARNING - Duplicate entry for customer_id 4A1ff961e9Dc6aA skipped.
2026-05-24 15:19:01,276 - WARNING - Duplicate entry for customer_id D5E2D45D2b42BFF skipped.
2026-05-24 15:19:01,276 - WARNING - Duplicate entry for customer_id 7d4B6DA49e3D315 skipped.
2026-05-24 15:19:01,276 - WARNING - Duplicate entry for customer_id e82B74D5DD08Eda skipped.
2026-05-24 15:19:01,277 - WARNING - Duplicate entry for customer_id d0D239b1D4FFC05 skipped.
2026-05-24 15:19:01,277 - WARNING - Duplicate entry for customer_id d1335FA9C3F7deE skipped.
2026-05-24 15:19:01,277 - WARNING - Duplicate entry for customer_id CC6DEE7BAfA2b0C skipped.
2026-05-24 15:19:01,277 - WARNING - Duplicate entry for customer_id 3E5fe1dB04d9d64 skipped.
2026-05-24 15:19:01,277 - WARNING - Duplicate entry for customer_id F5F0d6B7dBEc22E skipped.
2026-05-24 15:19:01,277 - WARNING - Duplicate entry for customer_id 8afAf9c570aBeE7 skipped.
2026-05-24 15:19:01,278 - WARNING - Duplicate entry for customer_id 3Fe2CbaE30bdF77 skipped.
2026-05-24 15:19:01,278 - WARNING - Duplicate entry for customer_id 7bEBEE4079e5ABb skipped.
2026-05-24 15:19:01,278 - WARNING - Duplicate entry for customer_id fcb32CfCCaE054C skipped.
2026-05-24 15:19:01,278 - WARNING - Duplicate entry for customer_id DcEbb7E5B6CAcB6 skipped.
2026-05-24 15:19:01,278 - WARNING - Duplicate entry for customer_id 48d073fdcFBcbBE skipped.
2026-05-24 15:19:01,278 - WARNING - Duplicate entry for customer_id 806DBC6fcaF0E9D skipped.
2026-05-24 15:19:01,279 - WARNING - Duplicate entry for customer_id 5CAC1538292a55D skipped.
2026-05-24 15:19:01,279 - WARNING - Duplicate entry for customer_id 690D995dAF9f4c4 skipped.
2026-05-24 15:19:01,279 - WARNING - Duplicate entry for customer_id a90DaCCBF50263f skipped.
2026-05-24 15:19:01,279 - WARNING - Duplicate entry for customer_id FCe3d4F91F1f9cF skipped.
2026-05-24 15:19:01,279 - WARNING - Duplicate entry for customer_id fc326c8DcEC2EcD skipped.
2026-05-24 15:19:01,279 - WARNING - Duplicate entry for customer_id d268cFcCA1f1ffA skipped.
2026-05-24 15:19:01,279 - WARNING - Duplicate entry for customer_id 45e85eD91DE9cFb skipped.
2026-05-24 15:19:01,280 - WARNING - Duplicate entry for customer_id a5C40E07EBd3875 skipped.
2026-05-24 15:19:01,280 - WARNING - Duplicate entry for customer_id 40e1B08BeD056A3 skipped.
2026-05-24 15:19:01,280 - WARNING - Duplicate entry for customer_id c9c2C2AEc9caD3a skipped.
2026-05-24 15:19:01,280 - WARNING - Duplicate entry for customer_id a633a7f3C9B5Dc6 skipped.
2026-05-24 15:19:01,280 - WARNING - Duplicate entry for customer_id 5162a6aE402a0c6 skipped.
2026-05-24 15:19:01,280 - WARNING - Duplicate entry for customer_id DDbFba721AC7d3d skipped.
2026-05-24 15:19:01,281 - WARNING - Duplicate entry for customer_id 86adca7aC49faC8 skipped.
2026-05-24 15:19:01,281 - WARNING - Duplicate entry for customer_id AFfCe84Edb17adc skipped.
2026-05-24 15:19:01,281 - WARNING - Duplicate entry for customer_id e5Fd9db6dF905EF skipped.
2026-05-24 15:19:01,281 - WARNING - Duplicate entry for customer_id 8e1C3eFE6EB28A5 skipped.
2026-05-24 15:19:01,281 - WARNING - Duplicate entry for customer_id 4357eFC7FB4439C skipped.
2026-05-24 15:19:01,281 - WARNING - Duplicate entry for customer_id f9bAA2FC2A7e0eA skipped.
2026-05-24 15:19:01,282 - WARNING - Duplicate entry for customer_id d0EDae6aC12133F skipped.
2026-05-24 15:19:01,282 - WARNING - Duplicate entry for customer_id 8B4cDEf8Fc9EA89 skipped.
2026-05-24 15:19:01,282 - WARNING - Duplicate entry for customer_id 8dB73bC702FeAbc skipped.
2026-05-24 15:19:01,282 - WARNING - Duplicate entry for customer_id 418Cc64f9d2b3B6 skipped.
2026-05-24 15:19:01,282 - WARNING - Duplicate entry for customer_id 344A16A0C7feBCf skipped.
2026-05-24 15:19:01,282 - WARNING - Duplicate entry for customer_id A8c388CC47DcF22 skipped.
2026-05-24 15:19:01,283 - WARNING - Duplicate entry for customer_id DBFCf4ef29d36d3 skipped.
2026-05-24 15:19:01,283 - WARNING - Duplicate entry for customer_id b29BB98128A42eb skipped.
2026-05-24 15:19:01,283 - WARNING - Duplicate entry for customer_id 0Bb3cBf4c51Bdd6 skipped.
2026-05-24 15:19:01,283 - WARNING - Duplicate entry for customer_id 241B20c8a30746b skipped.
2026-05-24 15:19:01,283 - WARNING - Duplicate entry for customer_id aA5c0F4dedefEf2 skipped.
2026-05-24 15:19:01,283 - WARNING - Duplicate entry for customer_id d6cfDDFe3fd72CE skipped.
2026-05-24 15:19:01,284 - WARNING - Duplicate entry for customer_id D8F2ccd0f4bEceA skipped.
2026-05-24 15:19:01,284 - WARNING - Duplicate entry for customer_id 753E24365A51CAC skipped.
2026-05-24 15:19:01,284 - WARNING - Duplicate entry for customer_id F7DFD12cDbe29Ec skipped.
2026-05-24 15:19:01,284 - WARNING - Duplicate entry for customer_id eed3Be5e7A62DEF skipped.
2026-05-24 15:19:01,284 - WARNING - Duplicate entry for customer_id eBFbD846CcAE6bc skipped.
2026-05-24 15:19:01,284 - WARNING - Duplicate entry for customer_id 6e8f4DDbab9c73f skipped.
2026-05-24 15:19:01,285 - WARNING - Duplicate entry for customer_id 3ecf04b7DBFCBD6 skipped.
2026-05-24 15:19:01,285 - WARNING - Duplicate entry for customer_id a3E9d65eaB46Ac9 skipped.
2026-05-24 15:19:01,285 - WARNING - Duplicate entry for customer_id 220d9fFC0d86592 skipped.
2026-05-24 15:19:01,285 - WARNING - Duplicate entry for customer_id 53B031B713b45aC skipped.
2026-05-24 15:19:01,285 - WARNING - Duplicate entry for customer_id 6c59A2C1eF89B3B skipped.
2026-05-24 15:19:01,285 - WARNING - Duplicate entry for customer_id C5a46C5E57D2a4F skipped.
2026-05-24 15:19:01,286 - WARNING - Duplicate entry for customer_id eccfaf82F414BFb skipped.
2026-05-24 15:19:01,286 - WARNING - Duplicate entry for customer_id dBBAff2e0aCCdF9 skipped.
2026-05-24 15:19:01,286 - WARNING - Duplicate entry for customer_id cFA09AcDD9F8c33 skipped.
2026-05-24 15:19:01,286 - WARNING - Duplicate entry for customer_id E41Ac1BB8A764dC skipped.
2026-05-24 15:19:01,286 - WARNING - Duplicate entry for customer_id dEABaFeF51dc23F skipped.
2026-05-24 15:19:01,286 - WARNING - Duplicate entry for customer_id E4efFE26A13a5AB skipped.
2026-05-24 15:19:01,287 - WARNING - Duplicate entry for customer_id 13fFEAfb9f4DabD skipped.
2026-05-24 15:19:01,287 - WARNING - Duplicate entry for customer_id 4c8844EB97f0e75 skipped.
2026-05-24 15:19:01,287 - WARNING - Duplicate entry for customer_id 5EE87b91F488bEF skipped.
2026-05-24 15:19:01,287 - WARNING - Duplicate entry for customer_id 2fa651E2e475327 skipped.
2026-05-24 15:19:01,287 - WARNING - Duplicate entry for customer_id 3F268B8b63a7Ee1 skipped.
2026-05-24 15:19:01,287 - WARNING - Duplicate entry for customer_id A5e1e33Ca19a55a skipped.
2026-05-24 15:19:01,288 - WARNING - Duplicate entry for customer_id daC7B2Ba7659be3 skipped.
2026-05-24 15:19:01,288 - WARNING - Duplicate entry for customer_id F83cA67fFd871a5 skipped.
2026-05-24 15:19:01,288 - WARNING - Duplicate entry for customer_id B1BF2A6fe2fCb01 skipped.
2026-05-24 15:19:01,288 - WARNING - Duplicate entry for customer_id 1B3be3D5fB55bb6 skipped.
2026-05-24 15:19:01,288 - WARNING - Duplicate entry for customer_id a9feB7dCD2FFd4e skipped.
2026-05-24 15:19:01,288 - WARNING - Duplicate entry for customer_id 43fe2d321B8C7B0 skipped.
2026-05-24 15:19:01,289 - WARNING - Duplicate entry for customer_id bDfBAf9bbE8c03B skipped.
2026-05-24 15:19:01,289 - WARNING - Duplicate entry for customer_id cfC46fCFF88DaF9 skipped.
2026-05-24 15:19:01,289 - WARNING - Duplicate entry for customer_id 27cAAd4e0DD5598 skipped.
2026-05-24 15:19:01,289 - WARNING - Duplicate entry for customer_id 48aACDdf7EECADe skipped.
2026-05-24 15:19:01,289 - WARNING - Duplicate entry for customer_id b8ef0f40D818b8D skipped.
2026-05-24 15:19:01,289 - WARNING - Duplicate entry for customer_id dCAEa0C51c5BC79 skipped.
2026-05-24 15:19:01,289 - WARNING - Duplicate entry for customer_id dc9c71CeFaCBfc7 skipped.
2026-05-24 15:19:01,290 - WARNING - Duplicate entry for customer_id 0E73a97E694aA57 skipped.
2026-05-24 15:19:01,290 - WARNING - Duplicate entry for customer_id a59571eD1ebab1B skipped.
2026-05-24 15:19:01,290 - WARNING - Duplicate entry for customer_id B8F7cfC1d62b18a skipped.
2026-05-24 15:19:01,290 - WARNING - Duplicate entry for customer_id b24e1FB162012BE skipped.
2026-05-24 15:19:01,290 - WARNING - Duplicate entry for customer_id d5c6BC7C1dc0FAf skipped.
2026-05-24 15:19:01,290 - WARNING - Duplicate entry for customer_id 511aEB7e064eBe7 skipped.
2026-05-24 15:19:01,291 - WARNING - Duplicate entry for customer_id 6e4bf2f463Dbac6 skipped.
2026-05-24 15:19:01,291 - WARNING - Duplicate entry for customer_id abCf34aEAe47beD skipped.
2026-05-24 15:19:01,291 - WARNING - Duplicate entry for customer_id Bac32EfAEEEbbB2 skipped.
2026-05-24 15:19:01,291 - WARNING - Duplicate entry for customer_id F2DB5BF7E37e69E skipped.
2026-05-24 15:19:01,291 - WARNING - Duplicate entry for customer_id 33AfECB93C9572B skipped.
2026-05-24 15:19:01,291 - WARNING - Duplicate entry for customer_id 16D51395c3EBE0e skipped.
2026-05-24 15:19:01,292 - WARNING - Duplicate entry for customer_id F9F39Bfe4f410fB skipped.
2026-05-24 15:19:01,292 - WARNING - Duplicate entry for customer_id Ed05E52c79AD1F2 skipped.
2026-05-24 15:19:01,292 - WARNING - Duplicate entry for customer_id d2f7Eb743D22D4E skipped.
2026-05-24 15:19:01,292 - WARNING - Duplicate entry for customer_id 8Ac01DF5f9Fc86E skipped.
2026-05-24 15:19:01,292 - WARNING - Duplicate entry for customer_id B514ed4fE9823f9 skipped.
2026-05-24 15:19:01,292 - WARNING - Duplicate entry for customer_id 347Bfe8615fF804 skipped.
2026-05-24 15:19:01,293 - WARNING - Duplicate entry for customer_id 2141FBB77A7D2E6 skipped.
2026-05-24 15:19:01,293 - WARNING - Duplicate entry for customer_id 637675c8c0BA49e skipped.
2026-05-24 15:19:01,293 - WARNING - Duplicate entry for customer_id B44fd0024F9F853 skipped.
2026-05-24 15:19:01,293 - WARNING - Duplicate entry for customer_id 1dFa2Ae2BA1c6b7 skipped.
2026-05-24 15:19:01,293 - WARNING - Duplicate entry for customer_id cEb0837433A348b skipped.
2026-05-24 15:19:01,293 - WARNING - Duplicate entry for customer_id Ff2d5a11Cc04713 skipped.
2026-05-24 15:19:01,294 - WARNING - Duplicate entry for customer_id fDeEA94e308E40B skipped.
2026-05-24 15:19:01,294 - WARNING - Duplicate entry for customer_id e847e7A59d5b79C skipped.
2026-05-24 15:19:01,294 - WARNING - Duplicate entry for customer_id e9d6Dbc37c7FEca skipped.
2026-05-24 15:19:01,294 - WARNING - Duplicate entry for customer_id e4D86CB5ED2a7c6 skipped.
2026-05-24 15:19:01,294 - WARNING - Duplicate entry for customer_id bafc42A5bdEdcCB skipped.
2026-05-24 15:19:01,294 - WARNING - Duplicate entry for customer_id 10f6fe41F7f714c skipped.
2026-05-24 15:19:01,294 - WARNING - Duplicate entry for customer_id d9f860f54bF823e skipped.
2026-05-24 15:19:01,295 - WARNING - Duplicate entry for customer_id aB56cEcDBa37C34 skipped.
2026-05-24 15:19:01,295 - WARNING - Duplicate entry for customer_id b87FD93cE2b0D61 skipped.
2026-05-24 15:19:01,295 - WARNING - Duplicate entry for customer_id 0DC07FbBC85ac2C skipped.
2026-05-24 15:19:01,295 - WARNING - Duplicate entry for customer_id c9c09BdD3c9de1a skipped.
2026-05-24 15:19:01,295 - WARNING - Duplicate entry for customer_id FbcCaF483aFaFAE skipped.
2026-05-24 15:19:01,295 - WARNING - Duplicate entry for customer_id 979c4D58Ae9a9cc skipped.
2026-05-24 15:19:01,296 - WARNING - Duplicate entry for customer_id D0DcF6a4BcefCc8 skipped.
2026-05-24 15:19:01,296 - WARNING - Duplicate entry for customer_id 90EE9CbbDa374E9 skipped.
2026-05-24 15:19:01,296 - WARNING - Duplicate entry for customer_id 51732B5b2328015 skipped.
2026-05-24 15:19:01,296 - INFO - Successfully loaded 0 rows and skipped 1000 duplicate rows.
2026-05-24 15:19:01,296 - INFO - ETL job completed: 0 rows inserted, 1000 duplicate rows skipped.
2026-05-24 15:26:49,139 - INFO - ETL pipeline loading started.
2026-05-24 15:26:49,176 - WARNING - Duplicate entry for customer_id dE014d010c7ab0c skipped.
2026-05-24 15:26:49,177 - WARNING - Duplicate entry for customer_id 2B54172c8b65eC3 skipped.
2026-05-24 15:26:49,178 - WARNING - Duplicate entry for customer_id d794Dd48988d2ac skipped.
2026-05-24 15:26:49,178 - WARNING - Duplicate entry for customer_id 3b3Aa4aCc68f3Be skipped.
2026-05-24 15:26:49,179 - WARNING - Duplicate entry for customer_id D60df62ad2ae41E skipped.
2026-05-24 15:26:49,179 - WARNING - Duplicate entry for customer_id 8aaa5d0CE9ee311 skipped.
2026-05-24 15:26:49,179 - WARNING - Duplicate entry for customer_id 73B22Ac8A43DD1A skipped.
2026-05-24 15:26:49,180 - WARNING - Duplicate entry for customer_id DC94CCd993D311b skipped.
2026-05-24 15:26:49,180 - WARNING - Duplicate entry for customer_id 9Ba746Cb790FED9 skipped.
2026-05-24 15:26:49,180 - WARNING - Duplicate entry for customer_id aAa1EDfaA70DA0c skipped.
2026-05-24 15:26:49,181 - WARNING - Duplicate entry for customer_id bf104C25d0BA4E1 skipped.
2026-05-24 15:26:49,181 - WARNING - Duplicate entry for customer_id bf2fA37cbAd7dDc skipped.
2026-05-24 15:26:49,181 - WARNING - Duplicate entry for customer_id 4fa8ffcdBbf53bB skipped.
2026-05-24 15:26:49,182 - WARNING - Duplicate entry for customer_id aBd960429ecd363 skipped.
2026-05-24 15:26:49,182 - WARNING - Duplicate entry for customer_id 2a0c691Ce19C6f3 skipped.
2026-05-24 15:26:49,182 - WARNING - Duplicate entry for customer_id B58fecf82f997Dd skipped.
2026-05-24 15:26:49,183 - WARNING - Duplicate entry for customer_id 41d0201DcF028b5 skipped.
2026-05-24 15:26:49,183 - WARNING - Duplicate entry for customer_id B1A1b09CD5C3b6a skipped.
2026-05-24 15:26:49,183 - WARNING - Duplicate entry for customer_id ba5a73D210dCcE4 skipped.
2026-05-24 15:26:49,184 - WARNING - Duplicate entry for customer_id F6cD561cecdfA6d skipped.
2026-05-24 15:26:49,184 - WARNING - Duplicate entry for customer_id dEb9310eec04a8D skipped.
2026-05-24 15:26:49,184 - WARNING - Duplicate entry for customer_id ed3894D6DE7F711 skipped.
2026-05-24 15:26:49,185 - WARNING - Duplicate entry for customer_id EFeFaC727F12CDF skipped.
2026-05-24 15:26:49,185 - WARNING - Duplicate entry for customer_id c5CB6C5bFB91fdC skipped.
2026-05-24 15:26:49,186 - WARNING - Duplicate entry for customer_id C30B3E82E8D89cC skipped.
2026-05-24 15:26:49,186 - WARNING - Duplicate entry for customer_id 3d7bE19696ea8Ff skipped.
2026-05-24 15:26:49,187 - WARNING - Duplicate entry for customer_id A093aA90fa014FE skipped.
2026-05-24 15:26:49,187 - WARNING - Duplicate entry for customer_id a470984c5dBfcC4 skipped.
2026-05-24 15:26:49,188 - WARNING - Duplicate entry for customer_id b1d4abfbCb67feE skipped.
2026-05-24 15:26:49,188 - WARNING - Duplicate entry for customer_id d667bCC84Ff45Bb skipped.
2026-05-24 15:26:49,188 - WARNING - Duplicate entry for customer_id Ccb07E00AFf32bA skipped.
2026-05-24 15:26:49,189 - WARNING - Duplicate entry for customer_id bd04F2A7BD4F730 skipped.
2026-05-24 15:26:49,189 - WARNING - Duplicate entry for customer_id f1157011c5eDbEB skipped.
2026-05-24 15:26:49,189 - WARNING - Duplicate entry for customer_id 7c4c673af703a09 skipped.
2026-05-24 15:26:49,190 - WARNING - Duplicate entry for customer_id E7D7e40Cf3A03a2 skipped.
2026-05-24 15:26:49,190 - WARNING - Duplicate entry for customer_id B98BacEebC40DBb skipped.
2026-05-24 15:26:49,190 - WARNING - Duplicate entry for customer_id d1c0dFab10a8383 skipped.
2026-05-24 15:26:49,191 - WARNING - Duplicate entry for customer_id f21D2faCa0760A8 skipped.
2026-05-24 15:26:49,191 - WARNING - Duplicate entry for customer_id 11F97CBDd2C8de9 skipped.
2026-05-24 15:26:49,191 - WARNING - Duplicate entry for customer_id BEBA4fDAA6C4adC skipped.
2026-05-24 15:26:49,192 - WARNING - Duplicate entry for customer_id 0F2E0b5850404A8 skipped.
2026-05-24 15:26:49,192 - WARNING - Duplicate entry for customer_id 6fF3de1DDbeAaE9 skipped.
2026-05-24 15:26:49,193 - WARNING - Duplicate entry for customer_id bcE2C6eaAa1d53c skipped.
2026-05-24 15:26:49,193 - WARNING - Duplicate entry for customer_id fb0eaBDA955AE79 skipped.
2026-05-24 15:26:49,193 - WARNING - Duplicate entry for customer_id 1cE4BEcB6F2D2C3 skipped.
2026-05-24 15:26:49,194 - WARNING - Duplicate entry for customer_id 37a20bF88deF55D skipped.
2026-05-24 15:26:49,194 - WARNING - Duplicate entry for customer_id EE9381bAEbac1eA skipped.
2026-05-24 15:26:49,195 - WARNING - Duplicate entry for customer_id 7008F9538b6e3e4 skipped.
2026-05-24 15:26:49,195 - WARNING - Duplicate entry for customer_id e6D85CcfDE7ABEd skipped.
2026-05-24 15:26:49,195 - WARNING - Duplicate entry for customer_id 815D27672C2Ba6d skipped.
2026-05-24 15:26:49,196 - WARNING - Duplicate entry for customer_id bc9e98FC8e31fB2 skipped.
2026-05-24 15:26:49,196 - WARNING - Duplicate entry for customer_id 06c9e9caEBf539F skipped.
2026-05-24 15:26:49,197 - WARNING - Duplicate entry for customer_id D02c86e781bA06f skipped.
2026-05-24 15:26:49,197 - WARNING - Duplicate entry for customer_id 846D8B34aba64a6 skipped.
2026-05-24 15:26:49,197 - WARNING - Duplicate entry for customer_id 305B77b17f60849 skipped.
2026-05-24 15:26:49,198 - WARNING - Duplicate entry for customer_id 610e5F3baCbd25c skipped.
2026-05-24 15:26:49,198 - WARNING - Duplicate entry for customer_id 9F0EbC3b678ad6B skipped.
2026-05-24 15:26:49,198 - WARNING - Duplicate entry for customer_id 82dDB5e20CAA2Ce skipped.
2026-05-24 15:26:49,199 - WARNING - Duplicate entry for customer_id b78002FEFF5a860 skipped.
2026-05-24 15:26:49,199 - WARNING - Duplicate entry for customer_id dFe34eAb8614AC0 skipped.
2026-05-24 15:26:49,199 - WARNING - Duplicate entry for customer_id aB3351247D3fCD8 skipped.
2026-05-24 15:26:49,199 - WARNING - Duplicate entry for customer_id 56Df40b19e3c71f skipped.
2026-05-24 15:26:49,200 - WARNING - Duplicate entry for customer_id 06CF1Fcd5863dF6 skipped.
2026-05-24 15:26:49,200 - WARNING - Duplicate entry for customer_id 5DcB42c2f8fBfb5 skipped.
2026-05-24 15:26:49,200 - WARNING - Duplicate entry for customer_id E3F8a6D1033a2FE skipped.
2026-05-24 15:26:49,201 - WARNING - Duplicate entry for customer_id DA7b906C5aF71d5 skipped.
2026-05-24 15:26:49,201 - WARNING - Duplicate entry for customer_id ccD94BbaEDBBf9E skipped.
2026-05-24 15:26:49,201 - WARNING - Duplicate entry for customer_id 41C1B4D2C5b91B7 skipped.
2026-05-24 15:26:49,202 - WARNING - Duplicate entry for customer_id ee5235bbf2A66ef skipped.
2026-05-24 15:26:49,202 - WARNING - Duplicate entry for customer_id 2413aA72C4DEadF skipped.
2026-05-24 15:26:49,202 - WARNING - Duplicate entry for customer_id BA1F1A8E7fccb74 skipped.
2026-05-24 15:26:49,203 - WARNING - Duplicate entry for customer_id 43EB011d4A5af36 skipped.
2026-05-24 15:26:49,203 - WARNING - Duplicate entry for customer_id DDCCa6daDFBAFbc skipped.
2026-05-24 15:26:49,203 - WARNING - Duplicate entry for customer_id 024a3d8Df5abFE9 skipped.
2026-05-24 15:26:49,203 - WARNING - Duplicate entry for customer_id 6367E110ccF7c2B skipped.
2026-05-24 15:26:49,204 - WARNING - Duplicate entry for customer_id 6BdF3DBf9BcD353 skipped.
2026-05-24 15:26:49,204 - WARNING - Duplicate entry for customer_id 3e34e04B7F7b76d skipped.
2026-05-24 15:26:49,204 - WARNING - Duplicate entry for customer_id ec3cD83Be620f62 skipped.
2026-05-24 15:26:49,204 - WARNING - Duplicate entry for customer_id 4DD0C3a8a2f3D8e skipped.
2026-05-24 15:26:49,204 - WARNING - Duplicate entry for customer_id 0EcdF5f157A10BE skipped.
2026-05-24 15:26:49,205 - WARNING - Duplicate entry for customer_id 61AD5B1099Db9d0 skipped.
2026-05-24 15:26:49,205 - WARNING - Duplicate entry for customer_id fD7FbF8BA88Fff8 skipped.
2026-05-24 15:26:49,205 - WARNING - Duplicate entry for customer_id 2bcF27a9daa2EAA skipped.
2026-05-24 15:26:49,206 - WARNING - Duplicate entry for customer_id 12Bb4Ba2cB52B89 skipped.
2026-05-24 15:26:49,206 - WARNING - Duplicate entry for customer_id eb8Abc5DB466797 skipped.
2026-05-24 15:26:49,206 - WARNING - Duplicate entry for customer_id 8799Bb0d0eF9F7b skipped.
2026-05-24 15:26:49,206 - WARNING - Duplicate entry for customer_id 483E29cf4aC5A4D skipped.
2026-05-24 15:26:49,206 - WARNING - Duplicate entry for customer_id 37E3234CC7F8da4 skipped.
2026-05-24 15:26:49,207 - WARNING - Duplicate entry for customer_id 2D0F54Cc8D96Ad0 skipped.
2026-05-24 15:26:49,207 - WARNING - Duplicate entry for customer_id CeDC6A5ED20dA29 skipped.
2026-05-24 15:26:49,207 - WARNING - Duplicate entry for customer_id eE5F91Bf27BE6DC skipped.
2026-05-24 15:26:49,207 - WARNING - Duplicate entry for customer_id aFbCcfBCbeff540 skipped.
2026-05-24 15:26:49,207 - WARNING - Duplicate entry for customer_id 5fb7F35e6Db8e5a skipped.
2026-05-24 15:26:49,208 - WARNING - Duplicate entry for customer_id 60d62d8Dbb23C3B skipped.
2026-05-24 15:26:49,208 - WARNING - Duplicate entry for customer_id e9eFc5d60ddc3ec skipped.
2026-05-24 15:26:49,208 - WARNING - Duplicate entry for customer_id ad8F5957EdADB7e skipped.
2026-05-24 15:26:49,208 - WARNING - Duplicate entry for customer_id a3FdF7Ae5E60BaD skipped.
2026-05-24 15:26:49,208 - WARNING - Duplicate entry for customer_id eA4F6CB2ADEBF6d skipped.
2026-05-24 15:26:49,208 - WARNING - Duplicate entry for customer_id feCfE5fCc4abeEd skipped.
2026-05-24 15:26:49,209 - WARNING - Duplicate entry for customer_id 774623BCD6f9BB8 skipped.
2026-05-24 15:26:49,209 - WARNING - Duplicate entry for customer_id Db752CCa4aCfd9E skipped.
2026-05-24 15:26:49,209 - WARNING - Duplicate entry for customer_id 7a0CFf01cCBcA01 skipped.
2026-05-24 15:26:49,209 - WARNING - Duplicate entry for customer_id Be9d5701bDCd1aa skipped.
2026-05-24 15:26:49,209 - WARNING - Duplicate entry for customer_id Fd67d4aDf749FE5 skipped.
2026-05-24 15:26:49,210 - WARNING - Duplicate entry for customer_id 8b7C8Ffe256FBFb skipped.
2026-05-24 15:26:49,210 - WARNING - Duplicate entry for customer_id 983Dad40cbcBf18 skipped.
2026-05-24 15:26:49,210 - WARNING - Duplicate entry for customer_id 3eD61CdD0B672Fc skipped.
2026-05-24 15:26:49,210 - WARNING - Duplicate entry for customer_id Bd6deeDc10eD051 skipped.
2026-05-24 15:26:49,210 - WARNING - Duplicate entry for customer_id 7A0AeedaE28Ce67 skipped.
2026-05-24 15:26:49,210 - WARNING - Duplicate entry for customer_id 822aaF7B5f2CDce skipped.
2026-05-24 15:26:49,211 - WARNING - Duplicate entry for customer_id a6d9bE38B614721 skipped.
2026-05-24 15:26:49,211 - WARNING - Duplicate entry for customer_id F03BC8cDe64cFCa skipped.
2026-05-24 15:26:49,211 - WARNING - Duplicate entry for customer_id 1f239d0e0b92118 skipped.
2026-05-24 15:26:49,211 - WARNING - Duplicate entry for customer_id 39a6DeEEbbeF8E6 skipped.
2026-05-24 15:26:49,211 - WARNING - Duplicate entry for customer_id d3905aAEeB7eF7b skipped.
2026-05-24 15:26:49,212 - WARNING - Duplicate entry for customer_id FD21f4cce8C062f skipped.
2026-05-24 15:26:49,212 - WARNING - Duplicate entry for customer_id BBA47d60EAb3EAB skipped.
2026-05-24 15:26:49,212 - WARNING - Duplicate entry for customer_id C90EdA7b802D82b skipped.
2026-05-24 15:26:49,212 - WARNING - Duplicate entry for customer_id f02B9FbEb8Bebda skipped.
2026-05-24 15:26:49,212 - WARNING - Duplicate entry for customer_id 99b8c488a575a4D skipped.
2026-05-24 15:26:49,212 - WARNING - Duplicate entry for customer_id C3AFdd623C0FbDA skipped.
2026-05-24 15:26:49,213 - WARNING - Duplicate entry for customer_id 5cA80623F6C75de skipped.
2026-05-24 15:26:49,213 - WARNING - Duplicate entry for customer_id C0E2ab2e71A490E skipped.
2026-05-24 15:26:49,213 - WARNING - Duplicate entry for customer_id AAEfB9E5c86ab72 skipped.
2026-05-24 15:26:49,213 - WARNING - Duplicate entry for customer_id A4F4f2DBB7C8aBf skipped.
2026-05-24 15:26:49,213 - WARNING - Duplicate entry for customer_id 5Cc3bd1D1d6BFd8 skipped.
2026-05-24 15:26:49,214 - WARNING - Duplicate entry for customer_id F156f75eFb91b3a skipped.
2026-05-24 15:26:49,214 - WARNING - Duplicate entry for customer_id 0Cfd5DbB2cBDfc3 skipped.
2026-05-24 15:26:49,214 - WARNING - Duplicate entry for customer_id 303B081aaFc8237 skipped.
2026-05-24 15:26:49,214 - WARNING - Duplicate entry for customer_id 0c7B750FeEabe41 skipped.
2026-05-24 15:26:49,214 - WARNING - Duplicate entry for customer_id 944aAa8b8F1A180 skipped.
2026-05-24 15:26:49,214 - WARNING - Duplicate entry for customer_id ffc96A6EDB33EFf skipped.
2026-05-24 15:26:49,215 - WARNING - Duplicate entry for customer_id 82b94ddcC7B4FC8 skipped.
2026-05-24 15:26:49,215 - WARNING - Duplicate entry for customer_id A3568fE8Cb3b386 skipped.
2026-05-24 15:26:49,215 - WARNING - Duplicate entry for customer_id cef51DAE28Fe1D6 skipped.
2026-05-24 15:26:49,215 - WARNING - Duplicate entry for customer_id D2E7cfCDF4D2fB7 skipped.
2026-05-24 15:26:49,215 - WARNING - Duplicate entry for customer_id Cbcd22e7bCd74e3 skipped.
2026-05-24 15:26:49,215 - WARNING - Duplicate entry for customer_id 89c66c41c0D791d skipped.
2026-05-24 15:26:49,216 - WARNING - Duplicate entry for customer_id E31833D3D9DbCDD skipped.
2026-05-24 15:26:49,216 - WARNING - Duplicate entry for customer_id 4032A3C28aaC8c5 skipped.
2026-05-24 15:26:49,216 - WARNING - Duplicate entry for customer_id 90Ed6bc0d1e173C skipped.
2026-05-24 15:26:49,216 - WARNING - Duplicate entry for customer_id 1FbEcaef8fACcCA skipped.
2026-05-24 15:26:49,216 - WARNING - Duplicate entry for customer_id 8Cd9bf1B1AD1Edf skipped.
2026-05-24 15:26:49,217 - WARNING - Duplicate entry for customer_id fDFD6419383D4c8 skipped.
2026-05-24 15:26:49,217 - WARNING - Duplicate entry for customer_id 540b59Cc2a2aFd4 skipped.
2026-05-24 15:26:49,217 - WARNING - Duplicate entry for customer_id 2AFBB914C4fACa9 skipped.
2026-05-24 15:26:49,217 - WARNING - Duplicate entry for customer_id 85Cdd16ADD6dCa5 skipped.
2026-05-24 15:26:49,217 - WARNING - Duplicate entry for customer_id EF5858dEe5f7649 skipped.
2026-05-24 15:26:49,217 - WARNING - Duplicate entry for customer_id C1574306202Eb8e skipped.
2026-05-24 15:26:49,218 - WARNING - Duplicate entry for customer_id 4f108ceFb9b386d skipped.
2026-05-24 15:26:49,218 - WARNING - Duplicate entry for customer_id 12B5834e77F67a6 skipped.
2026-05-24 15:26:49,218 - WARNING - Duplicate entry for customer_id 9b50c8d8AA8Aeb1 skipped.
2026-05-24 15:26:49,218 - WARNING - Duplicate entry for customer_id BB6B8ebDD22eBEE skipped.
2026-05-24 15:26:49,218 - WARNING - Duplicate entry for customer_id 1D7A12b13AAd4FB skipped.
2026-05-24 15:26:49,218 - WARNING - Duplicate entry for customer_id 234891e3dAC0dF9 skipped.
2026-05-24 15:26:49,219 - WARNING - Duplicate entry for customer_id 747B4F80e0048C2 skipped.
2026-05-24 15:26:49,219 - WARNING - Duplicate entry for customer_id de81E89d4a938f0 skipped.
2026-05-24 15:26:49,219 - WARNING - Duplicate entry for customer_id E99c32a01Fd3Fd1 skipped.
2026-05-24 15:26:49,219 - WARNING - Duplicate entry for customer_id 57234838A0aD5F4 skipped.
2026-05-24 15:26:49,219 - WARNING - Duplicate entry for customer_id C45b1BE6266c8DA skipped.
2026-05-24 15:26:49,219 - WARNING - Duplicate entry for customer_id 2d1cdFa63e6F54c skipped.
2026-05-24 15:26:49,220 - WARNING - Duplicate entry for customer_id 333f3F9A9222E1a skipped.
2026-05-24 15:26:49,220 - WARNING - Duplicate entry for customer_id 846dBfEBB68Bb3E skipped.
2026-05-24 15:26:49,220 - WARNING - Duplicate entry for customer_id 25A8883aDb70dEf skipped.
2026-05-24 15:26:49,220 - WARNING - Duplicate entry for customer_id d8Cd94028074AFD skipped.
2026-05-24 15:26:49,220 - WARNING - Duplicate entry for customer_id 90fc05Eefaa4AE0 skipped.
2026-05-24 15:26:49,220 - WARNING - Duplicate entry for customer_id Fc8bdf1329ce090 skipped.
2026-05-24 15:26:49,221 - WARNING - Duplicate entry for customer_id 3a7836DbB6347AC skipped.
2026-05-24 15:26:49,221 - WARNING - Duplicate entry for customer_id 7F2ceBFc5eBE80A skipped.
2026-05-24 15:26:49,221 - WARNING - Duplicate entry for customer_id 06328dB77db6D9D skipped.
2026-05-24 15:26:49,221 - WARNING - Duplicate entry for customer_id 337649Ab3CaDFb7 skipped.
2026-05-24 15:26:49,221 - WARNING - Duplicate entry for customer_id cfC4Cf6Febff0dB skipped.
2026-05-24 15:26:49,221 - WARNING - Duplicate entry for customer_id F7d3Ce1c250cbCf skipped.
2026-05-24 15:26:49,222 - WARNING - Duplicate entry for customer_id 9D65c9EaF3d120E skipped.
2026-05-24 15:26:49,222 - WARNING - Duplicate entry for customer_id E63e09cbA7618Ad skipped.
2026-05-24 15:26:49,222 - WARNING - Duplicate entry for customer_id 84cACb9DF8CFa06 skipped.
2026-05-24 15:26:49,222 - WARNING - Duplicate entry for customer_id 5D74Db6C837AACd skipped.
2026-05-24 15:26:49,222 - WARNING - Duplicate entry for customer_id F878fF2E97BC2Ef skipped.
2026-05-24 15:26:49,223 - WARNING - Duplicate entry for customer_id bDD2ebC2Bb4EfeD skipped.
2026-05-24 15:26:49,223 - WARNING - Duplicate entry for customer_id A5Cd45CD6FEe5A2 skipped.
2026-05-24 15:26:49,223 - WARNING - Duplicate entry for customer_id 8BABDb31B26eBe3 skipped.
2026-05-24 15:26:49,223 - WARNING - Duplicate entry for customer_id 83DE9dee8ed3B72 skipped.
2026-05-24 15:26:49,223 - WARNING - Duplicate entry for customer_id d4aACF5b785daaF skipped.
2026-05-24 15:26:49,223 - WARNING - Duplicate entry for customer_id 9193A4C5a8Cd335 skipped.
2026-05-24 15:26:49,224 - WARNING - Duplicate entry for customer_id edF0eDC8D61ABBe skipped.
2026-05-24 15:26:49,224 - WARNING - Duplicate entry for customer_id F58a977a2cE01E5 skipped.
2026-05-24 15:26:49,224 - WARNING - Duplicate entry for customer_id a45Cd8423E56A7a skipped.
2026-05-24 15:26:49,224 - WARNING - Duplicate entry for customer_id 4EA2fe116fb3EB5 skipped.
2026-05-24 15:26:49,224 - WARNING - Duplicate entry for customer_id ccC3b8ae049544D skipped.
2026-05-24 15:26:49,224 - WARNING - Duplicate entry for customer_id 33bC91cd5EEB5DC skipped.
2026-05-24 15:26:49,225 - WARNING - Duplicate entry for customer_id 5A375fc846cE010 skipped.
2026-05-24 15:26:49,225 - WARNING - Duplicate entry for customer_id DC5AcF32E413E3E skipped.
2026-05-24 15:26:49,225 - WARNING - Duplicate entry for customer_id c0B71AddCF5AcE4 skipped.
2026-05-24 15:26:49,225 - WARNING - Duplicate entry for customer_id 44dC6C8Ca4f0a90 skipped.
2026-05-24 15:26:49,225 - WARNING - Duplicate entry for customer_id 657eA09240Bd02A skipped.
2026-05-24 15:26:49,225 - WARNING - Duplicate entry for customer_id 6d0d8Fbf5b2D7bC skipped.
2026-05-24 15:26:49,226 - WARNING - Duplicate entry for customer_id 53B158FcccFF74c skipped.
2026-05-24 15:26:49,226 - WARNING - Duplicate entry for customer_id a8FfE4fbd7910b9 skipped.
2026-05-24 15:26:49,226 - WARNING - Duplicate entry for customer_id 7fB6124FC680839 skipped.
2026-05-24 15:26:49,226 - WARNING - Duplicate entry for customer_id dDfcEc72F9C2EE2 skipped.
2026-05-24 15:26:49,226 - WARNING - Duplicate entry for customer_id 46da39f97fAF05f skipped.
2026-05-24 15:26:49,226 - WARNING - Duplicate entry for customer_id B557b025a4712A7 skipped.
2026-05-24 15:26:49,227 - WARNING - Duplicate entry for customer_id EAc7eFFfAB5c6F0 skipped.
2026-05-24 15:26:49,227 - WARNING - Duplicate entry for customer_id e03f14D59F512A9 skipped.
2026-05-24 15:26:49,227 - WARNING - Duplicate entry for customer_id CEa5C35aEaF44CF skipped.
2026-05-24 15:26:49,227 - WARNING - Duplicate entry for customer_id BE3c6CC4B8b58ac skipped.
2026-05-24 15:26:49,227 - WARNING - Duplicate entry for customer_id eD6bdfeF85Afe01 skipped.
2026-05-24 15:26:49,227 - WARNING - Duplicate entry for customer_id 3D60AEa0bAd4fcD skipped.
2026-05-24 15:26:49,228 - WARNING - Duplicate entry for customer_id 7E9b016a452809a skipped.
2026-05-24 15:26:49,228 - WARNING - Duplicate entry for customer_id C75d32ACd9E04f2 skipped.
2026-05-24 15:26:49,228 - WARNING - Duplicate entry for customer_id 2bf6d8FA82ff41e skipped.
2026-05-24 15:26:49,228 - WARNING - Duplicate entry for customer_id B2ec81f6e1C5AAF skipped.
2026-05-24 15:26:49,228 - WARNING - Duplicate entry for customer_id 343bfaCa1c6cf20 skipped.
2026-05-24 15:26:49,228 - WARNING - Duplicate entry for customer_id e1BbBb2ebBd4c4f skipped.
2026-05-24 15:26:49,229 - WARNING - Duplicate entry for customer_id cC0fFa66c619Ec8 skipped.
2026-05-24 15:26:49,229 - WARNING - Duplicate entry for customer_id cE7C6adCc0eA8ea skipped.
2026-05-24 15:26:49,229 - WARNING - Duplicate entry for customer_id 6d8aa560CE110Dc skipped.
2026-05-24 15:26:49,229 - WARNING - Duplicate entry for customer_id CF35dAbc52F2445 skipped.
2026-05-24 15:26:49,229 - WARNING - Duplicate entry for customer_id 12b63e4656a94BD skipped.
2026-05-24 15:26:49,229 - WARNING - Duplicate entry for customer_id 1a94Daeb8ecf5Dc skipped.
2026-05-24 15:26:49,230 - WARNING - Duplicate entry for customer_id fCCC17cffd8347b skipped.
2026-05-24 15:26:49,230 - WARNING - Duplicate entry for customer_id feF0F4a69aC9e93 skipped.
2026-05-24 15:26:49,230 - WARNING - Duplicate entry for customer_id 5fC5f9CCEF2DcA8 skipped.
2026-05-24 15:26:49,230 - WARNING - Duplicate entry for customer_id A449EaabD6a2Ffb skipped.
2026-05-24 15:26:49,230 - WARNING - Duplicate entry for customer_id 2bCCbaeaFfBe264 skipped.
2026-05-24 15:26:49,230 - WARNING - Duplicate entry for customer_id 67b2CF189EcFb5b skipped.
2026-05-24 15:26:49,231 - WARNING - Duplicate entry for customer_id f4d401cf9Ad1bea skipped.
2026-05-24 15:26:49,231 - WARNING - Duplicate entry for customer_id 4F158BB4FFB3Cdd skipped.
2026-05-24 15:26:49,231 - WARNING - Duplicate entry for customer_id A205c4fDc4AeD44 skipped.
2026-05-24 15:26:49,231 - WARNING - Duplicate entry for customer_id E51249bCaC2D3C0 skipped.
2026-05-24 15:26:49,231 - WARNING - Duplicate entry for customer_id 4ae3d1e39eBA622 skipped.
2026-05-24 15:26:49,231 - WARNING - Duplicate entry for customer_id 6f65C6ea02BDadF skipped.
2026-05-24 15:26:49,232 - WARNING - Duplicate entry for customer_id A998A4F98474F3B skipped.
2026-05-24 15:26:49,232 - WARNING - Duplicate entry for customer_id 8F7ba1BA4fbCa78 skipped.
2026-05-24 15:26:49,232 - WARNING - Duplicate entry for customer_id 6F2de1a7EdE2a53 skipped.
2026-05-24 15:26:49,232 - WARNING - Duplicate entry for customer_id eF2fec28b643Ecc skipped.
2026-05-24 15:26:49,232 - WARNING - Duplicate entry for customer_id 29C5Aa7D394F650 skipped.
2026-05-24 15:26:49,232 - WARNING - Duplicate entry for customer_id A1cFceb6Ab52BA2 skipped.
2026-05-24 15:26:49,233 - WARNING - Duplicate entry for customer_id db7D54e0ABF87C2 skipped.
2026-05-24 15:26:49,233 - WARNING - Duplicate entry for customer_id bB69ADCd6AdD5F7 skipped.
2026-05-24 15:26:49,233 - WARNING - Duplicate entry for customer_id 2b6af79868F386f skipped.
2026-05-24 15:26:49,233 - WARNING - Duplicate entry for customer_id dEc837d5F13C1ed skipped.
2026-05-24 15:26:49,233 - WARNING - Duplicate entry for customer_id 828C734a81bBf4B skipped.
2026-05-24 15:26:49,234 - WARNING - Duplicate entry for customer_id 8bB5Eed0daFEeb5 skipped.
2026-05-24 15:26:49,234 - WARNING - Duplicate entry for customer_id DDfd0EEF4B46Eb3 skipped.
2026-05-24 15:26:49,234 - WARNING - Duplicate entry for customer_id BeDABcE5dbCa239 skipped.
2026-05-24 15:26:49,234 - WARNING - Duplicate entry for customer_id 57Fb161EEb1C9Ea skipped.
2026-05-24 15:26:49,234 - WARNING - Duplicate entry for customer_id b9006D3c9cEeFef skipped.
2026-05-24 15:26:49,234 - WARNING - Duplicate entry for customer_id EF0B773aE00C2dc skipped.
2026-05-24 15:26:49,235 - WARNING - Duplicate entry for customer_id aD8Db76dA126dFB skipped.
2026-05-24 15:26:49,235 - WARNING - Duplicate entry for customer_id b8fCA4DbB790ddA skipped.
2026-05-24 15:26:49,235 - WARNING - Duplicate entry for customer_id ebDeea2d7ceA4A8 skipped.
2026-05-24 15:26:49,235 - WARNING - Duplicate entry for customer_id BdBF790f2DB42FE skipped.
2026-05-24 15:26:49,235 - WARNING - Duplicate entry for customer_id 5B789BA48f72Cd2 skipped.
2026-05-24 15:26:49,235 - WARNING - Duplicate entry for customer_id bbd714cFdfDD3DD skipped.
2026-05-24 15:26:49,236 - WARNING - Duplicate entry for customer_id cf01fCEFeABD468 skipped.
2026-05-24 15:26:49,236 - WARNING - Duplicate entry for customer_id D7BbB33Be1FC539 skipped.
2026-05-24 15:26:49,236 - WARNING - Duplicate entry for customer_id D16609fed9fEC2d skipped.
2026-05-24 15:26:49,236 - WARNING - Duplicate entry for customer_id aF03B4cFc6c05C8 skipped.
2026-05-24 15:26:49,236 - WARNING - Duplicate entry for customer_id AdaaB43FFccaB0d skipped.
2026-05-24 15:26:49,236 - WARNING - Duplicate entry for customer_id 73fAFf3C782aa7D skipped.
2026-05-24 15:26:49,237 - WARNING - Duplicate entry for customer_id f21a28E24EDfCa3 skipped.
2026-05-24 15:26:49,237 - WARNING - Duplicate entry for customer_id c7838eEacAac61E skipped.
2026-05-24 15:26:49,237 - WARNING - Duplicate entry for customer_id d3eAc0663BA3dcA skipped.
2026-05-24 15:26:49,237 - WARNING - Duplicate entry for customer_id B3b629eDc47eD22 skipped.
2026-05-24 15:26:49,237 - WARNING - Duplicate entry for customer_id Cf1C67B4bf71090 skipped.
2026-05-24 15:26:49,237 - WARNING - Duplicate entry for customer_id 7C8DA410a370aa8 skipped.
2026-05-24 15:26:49,237 - WARNING - Duplicate entry for customer_id b500ecAa2d630f2 skipped.
2026-05-24 15:26:49,238 - WARNING - Duplicate entry for customer_id df8F2Ec3cC9412e skipped.
2026-05-24 15:26:49,238 - WARNING - Duplicate entry for customer_id EC9eD68ff2Eb4f4 skipped.
2026-05-24 15:26:49,238 - WARNING - Duplicate entry for customer_id CEcCBaC64cCae6a skipped.
2026-05-24 15:26:49,238 - WARNING - Duplicate entry for customer_id e45e5fd046d6D3c skipped.
2026-05-24 15:26:49,238 - WARNING - Duplicate entry for customer_id 47097Ec9f8C15ea skipped.
2026-05-24 15:26:49,239 - WARNING - Duplicate entry for customer_id c9ea1cBBCe212c1 skipped.
2026-05-24 15:26:49,239 - WARNING - Duplicate entry for customer_id bCAd9c26D85A9F6 skipped.
2026-05-24 15:26:49,239 - WARNING - Duplicate entry for customer_id AEC4aBbF2AbEe3F skipped.
2026-05-24 15:26:49,239 - WARNING - Duplicate entry for customer_id cFac8Afa1A4D08c skipped.
2026-05-24 15:26:49,239 - WARNING - Duplicate entry for customer_id dDf25B8D5b9cC14 skipped.
2026-05-24 15:26:49,239 - WARNING - Duplicate entry for customer_id cBd7C9C9D2c09Fc skipped.
2026-05-24 15:26:49,240 - WARNING - Duplicate entry for customer_id 57b374c72b5C7F5 skipped.
2026-05-24 15:26:49,240 - WARNING - Duplicate entry for customer_id D48bd5f8cCc2339 skipped.
2026-05-24 15:26:49,240 - WARNING - Duplicate entry for customer_id e5cC6aa0B9F6b68 skipped.
2026-05-24 15:26:49,240 - WARNING - Duplicate entry for customer_id 7CdC7Bf06ABB6Bf skipped.
2026-05-24 15:26:49,240 - WARNING - Duplicate entry for customer_id 6841639B9B36D74 skipped.
2026-05-24 15:26:49,240 - WARNING - Duplicate entry for customer_id aB3D07AEe2FE75f skipped.
2026-05-24 15:26:49,241 - WARNING - Duplicate entry for customer_id edF0BCbaf41d20A skipped.
2026-05-24 15:26:49,241 - WARNING - Duplicate entry for customer_id BE210AEfc6f1105 skipped.
2026-05-24 15:26:49,241 - WARNING - Duplicate entry for customer_id 52B62a129E1515d skipped.
2026-05-24 15:26:49,241 - WARNING - Duplicate entry for customer_id 50d2e71E5Cf30DD skipped.
2026-05-24 15:26:49,241 - WARNING - Duplicate entry for customer_id 1BEC50dC5EACb1f skipped.
2026-05-24 15:26:49,241 - WARNING - Duplicate entry for customer_id BB6806cd1bED6e1 skipped.
2026-05-24 15:26:49,242 - WARNING - Duplicate entry for customer_id a476fE05DE4fe4f skipped.
2026-05-24 15:26:49,242 - WARNING - Duplicate entry for customer_id 79Ace6A23BEED5d skipped.
2026-05-24 15:26:49,242 - WARNING - Duplicate entry for customer_id bbeCA50ff989fC6 skipped.
2026-05-24 15:26:49,242 - WARNING - Duplicate entry for customer_id BDED6da71e0fF2f skipped.
2026-05-24 15:26:49,242 - WARNING - Duplicate entry for customer_id 7C87BCEf12CB8Ba skipped.
2026-05-24 15:26:49,242 - WARNING - Duplicate entry for customer_id 13ABe9a890afba0 skipped.
2026-05-24 15:26:49,243 - WARNING - Duplicate entry for customer_id F02BecbDbCCc59f skipped.
2026-05-24 15:26:49,243 - WARNING - Duplicate entry for customer_id f09df5de7A2CD82 skipped.
2026-05-24 15:26:49,243 - WARNING - Duplicate entry for customer_id 06e2CC6b2D5aD69 skipped.
2026-05-24 15:26:49,243 - WARNING - Duplicate entry for customer_id 9446Eb5Ae23062D skipped.
2026-05-24 15:26:49,243 - WARNING - Duplicate entry for customer_id bAb7b742456Bf2e skipped.
2026-05-24 15:26:49,243 - WARNING - Duplicate entry for customer_id EAB04AAd86319cF skipped.
2026-05-24 15:26:49,244 - WARNING - Duplicate entry for customer_id 4a219E8afe2F6cb skipped.
2026-05-24 15:26:49,244 - WARNING - Duplicate entry for customer_id 0eeC8874c3cfEE5 skipped.
2026-05-24 15:26:49,244 - WARNING - Duplicate entry for customer_id 09ccbfbdDD6f9c8 skipped.
2026-05-24 15:26:49,244 - WARNING - Duplicate entry for customer_id C0eA15D68D551b3 skipped.
2026-05-24 15:26:49,244 - WARNING - Duplicate entry for customer_id eCEEbab57beeecF skipped.
2026-05-24 15:26:49,244 - WARNING - Duplicate entry for customer_id Ab150a0eC9eE5Ce skipped.
2026-05-24 15:26:49,245 - WARNING - Duplicate entry for customer_id 061Dd3953AC0350 skipped.
2026-05-24 15:26:49,245 - WARNING - Duplicate entry for customer_id e72615CbCAfD23f skipped.
2026-05-24 15:26:49,245 - WARNING - Duplicate entry for customer_id dEbA4c280C2BC4c skipped.
2026-05-24 15:26:49,245 - WARNING - Duplicate entry for customer_id B49A38a0E3636dD skipped.
2026-05-24 15:26:49,245 - WARNING - Duplicate entry for customer_id aC8125126392EF6 skipped.
2026-05-24 15:26:49,245 - WARNING - Duplicate entry for customer_id 72B5a2ddE4EF5d0 skipped.
2026-05-24 15:26:49,246 - WARNING - Duplicate entry for customer_id F26EA73B2B0D680 skipped.
2026-05-24 15:26:49,246 - WARNING - Duplicate entry for customer_id F4b4dCF1DEcdB3A skipped.
2026-05-24 15:26:49,246 - WARNING - Duplicate entry for customer_id 99CFEd2a16AFA1D skipped.
2026-05-24 15:26:49,246 - WARNING - Duplicate entry for customer_id BFB7C3A44Dd1e9e skipped.
2026-05-24 15:26:49,246 - WARNING - Duplicate entry for customer_id b7C9e51d3aF5B6B skipped.
2026-05-24 15:26:49,246 - WARNING - Duplicate entry for customer_id d64895790A96b26 skipped.
2026-05-24 15:26:49,247 - WARNING - Duplicate entry for customer_id 15892ECFb9BeBd3 skipped.
2026-05-24 15:26:49,247 - WARNING - Duplicate entry for customer_id 85fE9bc7A71dCB9 skipped.
2026-05-24 15:26:49,247 - WARNING - Duplicate entry for customer_id c9Bb9740d8CEcAb skipped.
2026-05-24 15:26:49,247 - WARNING - Duplicate entry for customer_id EdaCbdd53cbCEeC skipped.
2026-05-24 15:26:49,247 - WARNING - Duplicate entry for customer_id addC6FdeBB8Cc31 skipped.
2026-05-24 15:26:49,247 - WARNING - Duplicate entry for customer_id aDd1631F795BFDB skipped.
2026-05-24 15:26:49,248 - WARNING - Duplicate entry for customer_id 77D767dbb3f1477 skipped.
2026-05-24 15:26:49,248 - WARNING - Duplicate entry for customer_id 7b7A3BaF1d132C2 skipped.
2026-05-24 15:26:49,248 - WARNING - Duplicate entry for customer_id 55182Fe83475b8A skipped.
2026-05-24 15:26:49,248 - WARNING - Duplicate entry for customer_id 31f87aAa0c99Ef1 skipped.
2026-05-24 15:26:49,248 - WARNING - Duplicate entry for customer_id 9EcEB3dfcABc16D skipped.
2026-05-24 15:26:49,249 - WARNING - Duplicate entry for customer_id d3bBF1aAF4ab92a skipped.
2026-05-24 15:26:49,249 - WARNING - Duplicate entry for customer_id 5dD77A41eEf6fCe skipped.
2026-05-24 15:26:49,249 - WARNING - Duplicate entry for customer_id c292742ce78695f skipped.
2026-05-24 15:26:49,249 - WARNING - Duplicate entry for customer_id 88efB789aF1eAE5 skipped.
2026-05-24 15:26:49,249 - WARNING - Duplicate entry for customer_id aD4Cf0BF6c3e2bb skipped.
2026-05-24 15:26:49,249 - WARNING - Duplicate entry for customer_id Ce330c8e3a46aF9 skipped.
2026-05-24 15:26:49,250 - WARNING - Duplicate entry for customer_id DB9fe0FB818Aba6 skipped.
2026-05-24 15:26:49,250 - WARNING - Duplicate entry for customer_id 8Df6A40b14badC0 skipped.
2026-05-24 15:26:49,250 - WARNING - Duplicate entry for customer_id E4C15dF29d5f9e6 skipped.
2026-05-24 15:26:49,250 - WARNING - Duplicate entry for customer_id Df6c56F8bFac68B skipped.
2026-05-24 15:26:49,250 - WARNING - Duplicate entry for customer_id fc0Af8936A663F1 skipped.
2026-05-24 15:26:49,251 - WARNING - Duplicate entry for customer_id 8CBa883abAbF420 skipped.
2026-05-24 15:26:49,251 - WARNING - Duplicate entry for customer_id DbCE25a327a0b3F skipped.
2026-05-24 15:26:49,251 - WARNING - Duplicate entry for customer_id Cbd8d5e5ff4aFAe skipped.
2026-05-24 15:26:49,251 - WARNING - Duplicate entry for customer_id cADa7b0B4A1B03c skipped.
2026-05-24 15:26:49,251 - WARNING - Duplicate entry for customer_id d6Fb4FFbee8D4A5 skipped.
2026-05-24 15:26:49,251 - WARNING - Duplicate entry for customer_id 6Adb9b8C9C1dDEe skipped.
2026-05-24 15:26:49,252 - WARNING - Duplicate entry for customer_id B67FfF99e083091 skipped.
2026-05-24 15:26:49,252 - WARNING - Duplicate entry for customer_id Bacb2ceBD5eC70d skipped.
2026-05-24 15:26:49,252 - WARNING - Duplicate entry for customer_id C3dE0b33e7fdcAd skipped.
2026-05-24 15:26:49,252 - WARNING - Duplicate entry for customer_id feFdfB76f7bFfBB skipped.
2026-05-24 15:26:49,252 - WARNING - Duplicate entry for customer_id 233b8C0F1360203 skipped.
2026-05-24 15:26:49,252 - WARNING - Duplicate entry for customer_id A853040cBF735eD skipped.
2026-05-24 15:26:49,253 - WARNING - Duplicate entry for customer_id Da75138d7ebCDE2 skipped.
2026-05-24 15:26:49,253 - WARNING - Duplicate entry for customer_id dFf6f43Aa1fC6fa skipped.
2026-05-24 15:26:49,253 - WARNING - Duplicate entry for customer_id acaa3d9fB5803b2 skipped.
2026-05-24 15:26:49,253 - WARNING - Duplicate entry for customer_id A9ed28AfDac3DBF skipped.
2026-05-24 15:26:49,253 - WARNING - Duplicate entry for customer_id Cdcbbc5DE7Da3Fb skipped.
2026-05-24 15:26:49,253 - WARNING - Duplicate entry for customer_id 91CDb04d07fdB52 skipped.
2026-05-24 15:26:49,254 - WARNING - Duplicate entry for customer_id 7cC00DeCB8Acb3D skipped.
2026-05-24 15:26:49,254 - WARNING - Duplicate entry for customer_id 7d013321BF8AE3b skipped.
2026-05-24 15:26:49,254 - WARNING - Duplicate entry for customer_id eAEFcdc3A18A6db skipped.
2026-05-24 15:26:49,254 - WARNING - Duplicate entry for customer_id D5aAb5A9fdAD42F skipped.
2026-05-24 15:26:49,254 - WARNING - Duplicate entry for customer_id C84ecBaAEF865F5 skipped.
2026-05-24 15:26:49,254 - WARNING - Duplicate entry for customer_id b38a5e1De05Bbdf skipped.
2026-05-24 15:26:49,255 - WARNING - Duplicate entry for customer_id 6f3799337d34d57 skipped.
2026-05-24 15:26:49,255 - WARNING - Duplicate entry for customer_id 86c6c79858896bD skipped.
2026-05-24 15:26:49,255 - WARNING - Duplicate entry for customer_id a7Ccf5Cc2Ccb5b3 skipped.
2026-05-24 15:26:49,255 - WARNING - Duplicate entry for customer_id c239cDD7AECcDF6 skipped.
2026-05-24 15:26:49,255 - WARNING - Duplicate entry for customer_id BCfEfbb07f9CAe6 skipped.
2026-05-24 15:26:49,256 - WARNING - Duplicate entry for customer_id 87fDFB04b140E08 skipped.
2026-05-24 15:26:49,256 - WARNING - Duplicate entry for customer_id Ba6f5aC5B3A0B7d skipped.
2026-05-24 15:26:49,256 - WARNING - Duplicate entry for customer_id F59f5AaF210DEAf skipped.
2026-05-24 15:26:49,256 - WARNING - Duplicate entry for customer_id 64f8dF266dAD25C skipped.
2026-05-24 15:26:49,256 - WARNING - Duplicate entry for customer_id 0efb09C7D23f9D0 skipped.
2026-05-24 15:26:49,257 - WARNING - Duplicate entry for customer_id 899cbDE6c10eB9A skipped.
2026-05-24 15:26:49,257 - WARNING - Duplicate entry for customer_id afd416397924e91 skipped.
2026-05-24 15:26:49,257 - WARNING - Duplicate entry for customer_id 386d8552b5Dc6a5 skipped.
2026-05-24 15:26:49,257 - WARNING - Duplicate entry for customer_id ac739239aFcF121 skipped.
2026-05-24 15:26:49,257 - WARNING - Duplicate entry for customer_id 591CE8Bb3aB2D87 skipped.
2026-05-24 15:26:49,257 - WARNING - Duplicate entry for customer_id 05Db1ADe4B4EcBE skipped.
2026-05-24 15:26:49,258 - WARNING - Duplicate entry for customer_id AaEbfA8864F0Ffe skipped.
2026-05-24 15:26:49,258 - WARNING - Duplicate entry for customer_id 89436752BeBF3Ec skipped.
2026-05-24 15:26:49,258 - WARNING - Duplicate entry for customer_id DaB00C4FE0F94C3 skipped.
2026-05-24 15:26:49,258 - WARNING - Duplicate entry for customer_id E4693ceD4cf2854 skipped.
2026-05-24 15:26:49,258 - WARNING - Duplicate entry for customer_id c4b2df692043bfE skipped.
2026-05-24 15:26:49,258 - WARNING - Duplicate entry for customer_id Fc9BbAdBCC2716F skipped.
2026-05-24 15:26:49,259 - WARNING - Duplicate entry for customer_id B13cC1De16A7b2A skipped.
2026-05-24 15:26:49,259 - WARNING - Duplicate entry for customer_id 4C07dbd609CCa2F skipped.
2026-05-24 15:26:49,259 - WARNING - Duplicate entry for customer_id 54b4C62aADAcf02 skipped.
2026-05-24 15:26:49,259 - WARNING - Duplicate entry for customer_id 49D34e92d722DF3 skipped.
2026-05-24 15:26:49,259 - WARNING - Duplicate entry for customer_id BE30f4B3Ba7Ff3f skipped.
2026-05-24 15:26:49,259 - WARNING - Duplicate entry for customer_id f5d40eD401b66CB skipped.
2026-05-24 15:26:49,260 - WARNING - Duplicate entry for customer_id FCc33a3b8ddddB1 skipped.
2026-05-24 15:26:49,260 - WARNING - Duplicate entry for customer_id 6D95f66CAC4bb0D skipped.
2026-05-24 15:26:49,260 - WARNING - Duplicate entry for customer_id cdC6bBAaC9FbFEE skipped.
2026-05-24 15:26:49,260 - WARNING - Duplicate entry for customer_id dD4217ee6E211C3 skipped.
2026-05-24 15:26:49,260 - WARNING - Duplicate entry for customer_id c86eBcC5CE23f1E skipped.
2026-05-24 15:26:49,260 - WARNING - Duplicate entry for customer_id fC88F8C5AbE44a4 skipped.
2026-05-24 15:26:49,261 - WARNING - Duplicate entry for customer_id bCdE8dF145abf51 skipped.
2026-05-24 15:26:49,261 - WARNING - Duplicate entry for customer_id C81De6a70E3abA9 skipped.
2026-05-24 15:26:49,261 - WARNING - Duplicate entry for customer_id d6242cBeEfDCB33 skipped.
2026-05-24 15:26:49,261 - WARNING - Duplicate entry for customer_id E8Af7340E4969eD skipped.
2026-05-24 15:26:49,261 - WARNING - Duplicate entry for customer_id 70dAab994Ccc3fd skipped.
2026-05-24 15:26:49,261 - WARNING - Duplicate entry for customer_id 5b9cF88058fDc5B skipped.
2026-05-24 15:26:49,262 - WARNING - Duplicate entry for customer_id 0e47E9eCDcBaA8B skipped.
2026-05-24 15:26:49,262 - WARNING - Duplicate entry for customer_id ACA39FbBBBBbfDC skipped.
2026-05-24 15:26:49,262 - WARNING - Duplicate entry for customer_id 2020A9EE84edF9f skipped.
2026-05-24 15:26:49,262 - WARNING - Duplicate entry for customer_id BD974de968Baf25 skipped.
2026-05-24 15:26:49,262 - WARNING - Duplicate entry for customer_id DF81cAd9404dcc3 skipped.
2026-05-24 15:26:49,262 - WARNING - Duplicate entry for customer_id 0B1d8005feeC0DD skipped.
2026-05-24 15:26:49,263 - WARNING - Duplicate entry for customer_id 4EA46eD9c84Ca1D skipped.
2026-05-24 15:26:49,263 - WARNING - Duplicate entry for customer_id Ebeb0ff7E3afDD3 skipped.
2026-05-24 15:26:49,263 - WARNING - Duplicate entry for customer_id b2bEF8ABCaBe83A skipped.
2026-05-24 15:26:49,263 - WARNING - Duplicate entry for customer_id 7B920F4cdC33Ac2 skipped.
2026-05-24 15:26:49,263 - WARNING - Duplicate entry for customer_id CFd665D3a72d74B skipped.
2026-05-24 15:26:49,263 - WARNING - Duplicate entry for customer_id c2ba942BF82F54d skipped.
2026-05-24 15:26:49,264 - WARNING - Duplicate entry for customer_id ec7fad7E7089Cc2 skipped.
2026-05-24 15:26:49,264 - WARNING - Duplicate entry for customer_id cBFeAd9059104d3 skipped.
2026-05-24 15:26:49,264 - WARNING - Duplicate entry for customer_id c6CAAD726614682 skipped.
2026-05-24 15:26:49,264 - WARNING - Duplicate entry for customer_id d3b6B3EfCdC3F41 skipped.
2026-05-24 15:26:49,264 - WARNING - Duplicate entry for customer_id 34f20119a4653A6 skipped.
2026-05-24 15:26:49,264 - WARNING - Duplicate entry for customer_id f6EA334f7a88F66 skipped.
2026-05-24 15:26:49,265 - WARNING - Duplicate entry for customer_id FBC23eEd22B3edb skipped.
2026-05-24 15:26:49,265 - WARNING - Duplicate entry for customer_id 1fcf7f5458afe7F skipped.
2026-05-24 15:26:49,265 - WARNING - Duplicate entry for customer_id df94B1738eaE0Ac skipped.
2026-05-24 15:26:49,265 - WARNING - Duplicate entry for customer_id 7DbcDf7aA078502 skipped.
2026-05-24 15:26:49,265 - WARNING - Duplicate entry for customer_id 6f8f3ACF87266F4 skipped.
2026-05-24 15:26:49,265 - WARNING - Duplicate entry for customer_id 7b3c3BB8302cFDe skipped.
2026-05-24 15:26:49,266 - WARNING - Duplicate entry for customer_id 666bcA5d1bC1bB4 skipped.
2026-05-24 15:26:49,266 - WARNING - Duplicate entry for customer_id 6aFF059e79908Ba skipped.
2026-05-24 15:26:49,266 - WARNING - Duplicate entry for customer_id 1C9bd2b561C6079 skipped.
2026-05-24 15:26:49,266 - WARNING - Duplicate entry for customer_id de867ED21BE7Be6 skipped.
2026-05-24 15:26:49,266 - WARNING - Duplicate entry for customer_id e0518740Bc9cfd2 skipped.
2026-05-24 15:26:49,266 - WARNING - Duplicate entry for customer_id 62C2a7EF506B793 skipped.
2026-05-24 15:26:49,267 - WARNING - Duplicate entry for customer_id B8ABA5783fE1901 skipped.
2026-05-24 15:26:49,267 - WARNING - Duplicate entry for customer_id 3405dAae1edfFC5 skipped.
2026-05-24 15:26:49,267 - WARNING - Duplicate entry for customer_id C06E5CacB0AEabC skipped.
2026-05-24 15:26:49,267 - WARNING - Duplicate entry for customer_id c987e6535c414Fb skipped.
2026-05-24 15:26:49,267 - WARNING - Duplicate entry for customer_id Eb815ff4Bdc3Db4 skipped.
2026-05-24 15:26:49,267 - WARNING - Duplicate entry for customer_id 2eA0Db58d06eBBe skipped.
2026-05-24 15:26:49,268 - WARNING - Duplicate entry for customer_id Bbc62BCaa7EEc1C skipped.
2026-05-24 15:26:49,268 - WARNING - Duplicate entry for customer_id Db223E916D7AB44 skipped.
2026-05-24 15:26:49,268 - WARNING - Duplicate entry for customer_id CA6Cc405b96dB2f skipped.
2026-05-24 15:26:49,268 - WARNING - Duplicate entry for customer_id E83CA6652fFCf36 skipped.
2026-05-24 15:26:49,268 - WARNING - Duplicate entry for customer_id 7DbAC1a567CaFbc skipped.
2026-05-24 15:26:49,268 - WARNING - Duplicate entry for customer_id CA2C493E84e823D skipped.
2026-05-24 15:26:49,269 - WARNING - Duplicate entry for customer_id 3Ab9edfFce89FBb skipped.
2026-05-24 15:26:49,269 - WARNING - Duplicate entry for customer_id 1fD261D086f6C1D skipped.
2026-05-24 15:26:49,269 - WARNING - Duplicate entry for customer_id D25508749F84F16 skipped.
2026-05-24 15:26:49,269 - WARNING - Duplicate entry for customer_id ff3aB296eC3CbfF skipped.
2026-05-24 15:26:49,269 - WARNING - Duplicate entry for customer_id 9B2bEE619B99C5d skipped.
2026-05-24 15:26:49,269 - WARNING - Duplicate entry for customer_id CaC56Fa7fdB3cBB skipped.
2026-05-24 15:26:49,270 - WARNING - Duplicate entry for customer_id 7d719f1bCcaA3Ac skipped.
2026-05-24 15:26:49,270 - WARNING - Duplicate entry for customer_id fe4b7DfcdE855b3 skipped.
2026-05-24 15:26:49,270 - WARNING - Duplicate entry for customer_id 2FdF7253F607D57 skipped.
2026-05-24 15:26:49,270 - WARNING - Duplicate entry for customer_id b8bcEF027CaB352 skipped.
2026-05-24 15:26:49,270 - WARNING - Duplicate entry for customer_id DdCF0e6Bdfd9abC skipped.
2026-05-24 15:26:49,270 - WARNING - Duplicate entry for customer_id d8c5E1952bd52aA skipped.
2026-05-24 15:26:49,271 - WARNING - Duplicate entry for customer_id fEDfBd9AefCEE86 skipped.
2026-05-24 15:26:49,271 - WARNING - Duplicate entry for customer_id 01AEbCbD0cB7cCd skipped.
2026-05-24 15:26:49,271 - WARNING - Duplicate entry for customer_id 2B700A47d0a7258 skipped.
2026-05-24 15:26:49,271 - WARNING - Duplicate entry for customer_id F0DC08bBe5C8d84 skipped.
2026-05-24 15:26:49,271 - WARNING - Duplicate entry for customer_id 1DdAAb3C139CD4C skipped.
2026-05-24 15:26:49,271 - WARNING - Duplicate entry for customer_id 7A0dA6ead4EdAb2 skipped.
2026-05-24 15:26:49,272 - WARNING - Duplicate entry for customer_id 6614c31711BB58e skipped.
2026-05-24 15:26:49,272 - WARNING - Duplicate entry for customer_id Af7F1daF5fFc3aa skipped.
2026-05-24 15:26:49,272 - WARNING - Duplicate entry for customer_id D91DbdaF9AbE2C5 skipped.
2026-05-24 15:26:49,272 - WARNING - Duplicate entry for customer_id 8aaA7b93ecb0a6a skipped.
2026-05-24 15:26:49,272 - WARNING - Duplicate entry for customer_id 9572F1AbCFCF09b skipped.
2026-05-24 15:26:49,272 - WARNING - Duplicate entry for customer_id 69285d4cD0bE6ad skipped.
2026-05-24 15:26:49,273 - WARNING - Duplicate entry for customer_id 9E2eb00EF367Fa2 skipped.
2026-05-24 15:26:49,273 - WARNING - Duplicate entry for customer_id F69a0ecCD997c2C skipped.
2026-05-24 15:26:49,273 - WARNING - Duplicate entry for customer_id 05f1D7bA2Bd4764 skipped.
2026-05-24 15:26:49,273 - WARNING - Duplicate entry for customer_id AdBE0cFb4dF1233 skipped.
2026-05-24 15:26:49,273 - WARNING - Duplicate entry for customer_id C2Cb929eB37D1c6 skipped.
2026-05-24 15:26:49,273 - WARNING - Duplicate entry for customer_id 196cd1bEBf9BE88 skipped.
2026-05-24 15:26:49,274 - WARNING - Duplicate entry for customer_id e140badD88486b0 skipped.
2026-05-24 15:26:49,274 - WARNING - Duplicate entry for customer_id 14ec4E6B5a11fAa skipped.
2026-05-24 15:26:49,274 - WARNING - Duplicate entry for customer_id 2aA82CEc2Da615d skipped.
2026-05-24 15:26:49,274 - WARNING - Duplicate entry for customer_id 6AAe1afbFdAeAFf skipped.
2026-05-24 15:26:49,274 - WARNING - Duplicate entry for customer_id bBfce6c3cCaB04e skipped.
2026-05-24 15:26:49,274 - WARNING - Duplicate entry for customer_id EC8627a6230b960 skipped.
2026-05-24 15:26:49,274 - WARNING - Duplicate entry for customer_id 06Fe765659a7ace skipped.
2026-05-24 15:26:49,275 - WARNING - Duplicate entry for customer_id 2eF88CDC6ad286b skipped.
2026-05-24 15:26:49,275 - WARNING - Duplicate entry for customer_id 7Ee692dCD8CAD8F skipped.
2026-05-24 15:26:49,275 - WARNING - Duplicate entry for customer_id 1C6Dfa0EfEd96A3 skipped.
2026-05-24 15:26:49,275 - WARNING - Duplicate entry for customer_id 6a46bcD3CdC56d2 skipped.
2026-05-24 15:26:49,275 - WARNING - Duplicate entry for customer_id 0AcD9d0bA01EBB4 skipped.
2026-05-24 15:26:49,275 - WARNING - Duplicate entry for customer_id acf26D1e0A5Facc skipped.
2026-05-24 15:26:49,276 - WARNING - Duplicate entry for customer_id 4EfBeB41A29fA5e skipped.
2026-05-24 15:26:49,276 - WARNING - Duplicate entry for customer_id 0115aEF33Ff7afC skipped.
2026-05-24 15:26:49,276 - WARNING - Duplicate entry for customer_id 7c30B97c1CB579e skipped.
2026-05-24 15:26:49,276 - WARNING - Duplicate entry for customer_id dfAFD00fa9374d0 skipped.
2026-05-24 15:26:49,276 - WARNING - Duplicate entry for customer_id 2EC8778AB8bdABa skipped.
2026-05-24 15:26:49,276 - WARNING - Duplicate entry for customer_id E040edB499A6132 skipped.
2026-05-24 15:26:49,277 - WARNING - Duplicate entry for customer_id aB9FF85332Bfb2a skipped.
2026-05-24 15:26:49,277 - WARNING - Duplicate entry for customer_id 390f4Fefe8CD44d skipped.
2026-05-24 15:26:49,277 - WARNING - Duplicate entry for customer_id BedC4Fbf851fED8 skipped.
2026-05-24 15:26:49,277 - WARNING - Duplicate entry for customer_id 8bDC7FCd0bDD1A3 skipped.
2026-05-24 15:26:49,277 - WARNING - Duplicate entry for customer_id fcaF0A4f9eE28F0 skipped.
2026-05-24 15:26:49,277 - WARNING - Duplicate entry for customer_id 8f7B9864aF6B829 skipped.
2026-05-24 15:26:49,278 - WARNING - Duplicate entry for customer_id D2b1feDDA3BEBDF skipped.
2026-05-24 15:26:49,278 - WARNING - Duplicate entry for customer_id 2AC8cD1Bdc5AAe5 skipped.
2026-05-24 15:26:49,278 - WARNING - Duplicate entry for customer_id f5319CE131F7b18 skipped.
2026-05-24 15:26:49,278 - WARNING - Duplicate entry for customer_id 35DefAbbBaD45a7 skipped.
2026-05-24 15:26:49,278 - WARNING - Duplicate entry for customer_id c99EcB1cB9CBCab skipped.
2026-05-24 15:26:49,278 - WARNING - Duplicate entry for customer_id 5c6ACAAA8dFE4b1 skipped.
2026-05-24 15:26:49,279 - WARNING - Duplicate entry for customer_id 214a9fEFFc6F0eF skipped.
2026-05-24 15:26:49,279 - WARNING - Duplicate entry for customer_id 3EBf95cB4fBa76F skipped.
2026-05-24 15:26:49,279 - WARNING - Duplicate entry for customer_id 7E044bcbEedBB85 skipped.
2026-05-24 15:26:49,279 - WARNING - Duplicate entry for customer_id fdC0B083Cae9B4e skipped.
2026-05-24 15:26:49,279 - WARNING - Duplicate entry for customer_id 6f2BBDD4A57e8DB skipped.
2026-05-24 15:26:49,279 - WARNING - Duplicate entry for customer_id b68E5a53fBb0C4A skipped.
2026-05-24 15:26:49,280 - WARNING - Duplicate entry for customer_id CE4824D6Efb613b skipped.
2026-05-24 15:26:49,280 - WARNING - Duplicate entry for customer_id Ca864FdF34fFceB skipped.
2026-05-24 15:26:49,280 - WARNING - Duplicate entry for customer_id C9bc697e05CA8e7 skipped.
2026-05-24 15:26:49,280 - WARNING - Duplicate entry for customer_id F93CdDD9A6aC9a1 skipped.
2026-05-24 15:26:49,280 - WARNING - Duplicate entry for customer_id d07a675F0A632F5 skipped.
2026-05-24 15:26:49,280 - WARNING - Duplicate entry for customer_id 666bAC9090ca824 skipped.
2026-05-24 15:26:49,281 - WARNING - Duplicate entry for customer_id 2B73dfDF8fBFc90 skipped.
2026-05-24 15:26:49,281 - WARNING - Duplicate entry for customer_id 3ba5E3fAE68d927 skipped.
2026-05-24 15:26:49,281 - WARNING - Duplicate entry for customer_id e17e36c40fA6dFD skipped.
2026-05-24 15:26:49,281 - WARNING - Duplicate entry for customer_id D50d9BfDd00D08d skipped.
2026-05-24 15:26:49,281 - WARNING - Duplicate entry for customer_id 580D7BbFef6D2A9 skipped.
2026-05-24 15:26:49,281 - WARNING - Duplicate entry for customer_id 9ffeC6Dd1ADdeA5 skipped.
2026-05-24 15:26:49,282 - WARNING - Duplicate entry for customer_id DBa86561f0eb9EE skipped.
2026-05-24 15:26:49,282 - WARNING - Duplicate entry for customer_id 3B596CDe02dE7C1 skipped.
2026-05-24 15:26:49,282 - WARNING - Duplicate entry for customer_id 7B9dcC1B6F12d4c skipped.
2026-05-24 15:26:49,282 - WARNING - Duplicate entry for customer_id 4Ec632DE79B28EB skipped.
2026-05-24 15:26:49,282 - WARNING - Duplicate entry for customer_id 4dBDe7b4c50Acad skipped.
2026-05-24 15:26:49,282 - WARNING - Duplicate entry for customer_id 6ab786F1B0eEb62 skipped.
2026-05-24 15:26:49,283 - WARNING - Duplicate entry for customer_id b83Baa3FB8bD6d9 skipped.
2026-05-24 15:26:49,283 - WARNING - Duplicate entry for customer_id 8f2fcb5fF2bb8F3 skipped.
2026-05-24 15:26:49,283 - WARNING - Duplicate entry for customer_id 6E0e975BFDCE575 skipped.
2026-05-24 15:26:49,283 - WARNING - Duplicate entry for customer_id a0Ac0205DA5CC61 skipped.
2026-05-24 15:26:49,283 - WARNING - Duplicate entry for customer_id ef1947B9fcf1f73 skipped.
2026-05-24 15:26:49,283 - WARNING - Duplicate entry for customer_id 1F435Bcf1e6F9e4 skipped.
2026-05-24 15:26:49,284 - WARNING - Duplicate entry for customer_id 58c352c869a7441 skipped.
2026-05-24 15:26:49,284 - WARNING - Duplicate entry for customer_id 276ec18f5546bd1 skipped.
2026-05-24 15:26:49,284 - WARNING - Duplicate entry for customer_id 20bE2068b3dF6fC skipped.
2026-05-24 15:26:49,284 - WARNING - Duplicate entry for customer_id 531EC46d609AFeA skipped.
2026-05-24 15:26:49,284 - WARNING - Duplicate entry for customer_id dfB30AeFafbf803 skipped.
2026-05-24 15:26:49,284 - WARNING - Duplicate entry for customer_id 9Dc9cD4BeB07bfb skipped.
2026-05-24 15:26:49,285 - WARNING - Duplicate entry for customer_id dD82a433b8fbBFe skipped.
2026-05-24 15:26:49,285 - WARNING - Duplicate entry for customer_id 0001fA39dA6D349 skipped.
2026-05-24 15:26:49,285 - WARNING - Duplicate entry for customer_id 4fC75A4a7d9Cd2E skipped.
2026-05-24 15:26:49,285 - WARNING - Duplicate entry for customer_id 3C0fC61afA3B2Ec skipped.
2026-05-24 15:26:49,285 - WARNING - Duplicate entry for customer_id 4Ee0B5C383a4f3d skipped.
2026-05-24 15:26:49,285 - WARNING - Duplicate entry for customer_id d58EDBdF7d212E0 skipped.
2026-05-24 15:26:49,286 - WARNING - Duplicate entry for customer_id 197f76Faea8e47C skipped.
2026-05-24 15:26:49,286 - WARNING - Duplicate entry for customer_id cc5D6c37d36FdDd skipped.
2026-05-24 15:26:49,286 - WARNING - Duplicate entry for customer_id a4Af4C89e95B721 skipped.
2026-05-24 15:26:49,286 - WARNING - Duplicate entry for customer_id f1eaacc6D98BAba skipped.
2026-05-24 15:26:49,286 - WARNING - Duplicate entry for customer_id fe4DAb8ead6b6a9 skipped.
2026-05-24 15:26:49,286 - WARNING - Duplicate entry for customer_id A8497fe0cce772F skipped.
2026-05-24 15:26:49,287 - WARNING - Duplicate entry for customer_id 05b6ed3aEACDaa3 skipped.
2026-05-24 15:26:49,287 - WARNING - Duplicate entry for customer_id BE9fae1Ac10B5b4 skipped.
2026-05-24 15:26:49,287 - WARNING - Duplicate entry for customer_id fE90dD920AAA4bC skipped.
2026-05-24 15:26:49,287 - WARNING - Duplicate entry for customer_id 5D86bBC0dd02d40 skipped.
2026-05-24 15:26:49,287 - WARNING - Duplicate entry for customer_id E8DC64C4e67fDA3 skipped.
2026-05-24 15:26:49,287 - WARNING - Duplicate entry for customer_id b8003a3D4b8107c skipped.
2026-05-24 15:26:49,287 - WARNING - Duplicate entry for customer_id b57CabD45Be54e4 skipped.
2026-05-24 15:26:49,288 - WARNING - Duplicate entry for customer_id Fb0e378Af6Ee37e skipped.
2026-05-24 15:26:49,288 - WARNING - Duplicate entry for customer_id Ff5aB5C9b6f2Da7 skipped.
2026-05-24 15:26:49,288 - WARNING - Duplicate entry for customer_id 5B7CEEAeFBD3710 skipped.
2026-05-24 15:26:49,288 - WARNING - Duplicate entry for customer_id 8F952d03DDC9EDa skipped.
2026-05-24 15:26:49,288 - WARNING - Duplicate entry for customer_id 6ea6dfAEe57f29E skipped.
2026-05-24 15:26:49,288 - WARNING - Duplicate entry for customer_id dE4a58E2dd040dC skipped.
2026-05-24 15:26:49,289 - WARNING - Duplicate entry for customer_id 82CE976694CDE15 skipped.
2026-05-24 15:26:49,289 - WARNING - Duplicate entry for customer_id 0E3b1a3f39221Ea skipped.
2026-05-24 15:26:49,289 - WARNING - Duplicate entry for customer_id 393d4147E61d8F7 skipped.
2026-05-24 15:26:49,289 - WARNING - Duplicate entry for customer_id FAcBc1dd26EeAfD skipped.
2026-05-24 15:26:49,289 - WARNING - Duplicate entry for customer_id 4caAC4F5175aBeF skipped.
2026-05-24 15:26:49,289 - WARNING - Duplicate entry for customer_id c8C434b1A3dF31f skipped.
2026-05-24 15:26:49,290 - WARNING - Duplicate entry for customer_id aF4fA3aCA4bD5eC skipped.
2026-05-24 15:26:49,290 - WARNING - Duplicate entry for customer_id 895c3d6c2B7f017 skipped.
2026-05-24 15:26:49,290 - WARNING - Duplicate entry for customer_id fEceCCA3A41c4b9 skipped.
2026-05-24 15:26:49,290 - WARNING - Duplicate entry for customer_id 9277977d7ff97fD skipped.
2026-05-24 15:26:49,290 - WARNING - Duplicate entry for customer_id 0dCeC4a8cAeefc2 skipped.
2026-05-24 15:26:49,290 - WARNING - Duplicate entry for customer_id 1Ca8b16dAd6F75E skipped.
2026-05-24 15:26:49,291 - WARNING - Duplicate entry for customer_id 1d9E6c096AfD0bb skipped.
2026-05-24 15:26:49,291 - WARNING - Duplicate entry for customer_id D85Baf7dAe6aba1 skipped.
2026-05-24 15:26:49,291 - WARNING - Duplicate entry for customer_id 05a3385fc5a8cc1 skipped.
2026-05-24 15:26:49,291 - WARNING - Duplicate entry for customer_id 6f3fa641ccba5EB skipped.
2026-05-24 15:26:49,291 - WARNING - Duplicate entry for customer_id cc4CFf3Cae8Fa5C skipped.
2026-05-24 15:26:49,291 - WARNING - Duplicate entry for customer_id cfa4f67fF42bCa2 skipped.
2026-05-24 15:26:49,292 - WARNING - Duplicate entry for customer_id aA04De37fe1EFcE skipped.
2026-05-24 15:26:49,292 - WARNING - Duplicate entry for customer_id d3944d30ECa7a7A skipped.
2026-05-24 15:26:49,292 - WARNING - Duplicate entry for customer_id BAcC813eAe0B26e skipped.
2026-05-24 15:26:49,292 - WARNING - Duplicate entry for customer_id D48fdcDF9d7A214 skipped.
2026-05-24 15:26:49,292 - WARNING - Duplicate entry for customer_id 66bf59d65365BBB skipped.
2026-05-24 15:26:49,292 - WARNING - Duplicate entry for customer_id 43eD93bE0Dc7F95 skipped.
2026-05-24 15:26:49,293 - WARNING - Duplicate entry for customer_id 9eEdEaf8F8e087c skipped.
2026-05-24 15:26:49,293 - WARNING - Duplicate entry for customer_id e35daaaE8442628 skipped.
2026-05-24 15:26:49,293 - WARNING - Duplicate entry for customer_id 9dd1f1f82b87DaE skipped.
2026-05-24 15:26:49,293 - WARNING - Duplicate entry for customer_id DF017FED418CdCb skipped.
2026-05-24 15:26:49,293 - WARNING - Duplicate entry for customer_id cdadAFc0c4CA025 skipped.
2026-05-24 15:26:49,293 - WARNING - Duplicate entry for customer_id 1C8dBF1415ba679 skipped.
2026-05-24 15:26:49,293 - WARNING - Duplicate entry for customer_id 8f0a3ba91c1Eb43 skipped.
2026-05-24 15:26:49,294 - WARNING - Duplicate entry for customer_id bB93cEc8d4FeaAC skipped.
2026-05-24 15:26:49,294 - WARNING - Duplicate entry for customer_id 2e5a2200bD6C818 skipped.
2026-05-24 15:26:49,294 - WARNING - Duplicate entry for customer_id 3BaB4b80DDAeDB7 skipped.
2026-05-24 15:26:49,294 - WARNING - Duplicate entry for customer_id 698Df6Cf9f97ddF skipped.
2026-05-24 15:26:49,294 - WARNING - Duplicate entry for customer_id AbcaB8cF43b0C1d skipped.
2026-05-24 15:26:49,294 - WARNING - Duplicate entry for customer_id 42b9A4e192da5C6 skipped.
2026-05-24 15:26:49,295 - WARNING - Duplicate entry for customer_id d8F1245a7Bac36c skipped.
2026-05-24 15:26:49,295 - WARNING - Duplicate entry for customer_id DeBD13fe82A9E5f skipped.
2026-05-24 15:26:49,295 - WARNING - Duplicate entry for customer_id Dcc46b0FcAfB2C9 skipped.
2026-05-24 15:26:49,295 - WARNING - Duplicate entry for customer_id 2F83b82be96bc01 skipped.
2026-05-24 15:26:49,295 - WARNING - Duplicate entry for customer_id 4a52741EB5a7Ed1 skipped.
2026-05-24 15:26:49,295 - WARNING - Duplicate entry for customer_id 05c1eCeEfE7DDE9 skipped.
2026-05-24 15:26:49,296 - WARNING - Duplicate entry for customer_id 6d4bAbB01c22E0F skipped.
2026-05-24 15:26:49,296 - WARNING - Duplicate entry for customer_id 8ce2a9f6BB02b0d skipped.
2026-05-24 15:26:49,296 - WARNING - Duplicate entry for customer_id F9AEc2F51C5EDaE skipped.
2026-05-24 15:26:49,296 - WARNING - Duplicate entry for customer_id 9385f009fFFA723 skipped.
2026-05-24 15:26:49,296 - WARNING - Duplicate entry for customer_id E8a23B90899B6d7 skipped.
2026-05-24 15:26:49,296 - WARNING - Duplicate entry for customer_id 10E34ADcd62bB92 skipped.
2026-05-24 15:26:49,297 - WARNING - Duplicate entry for customer_id 33a3Afa322E1033 skipped.
2026-05-24 15:26:49,297 - WARNING - Duplicate entry for customer_id 1BE3BBe52EccE45 skipped.
2026-05-24 15:26:49,297 - WARNING - Duplicate entry for customer_id D270EFAd9D76A76 skipped.
2026-05-24 15:26:49,297 - WARNING - Duplicate entry for customer_id 9eE3e7AdfbD7Da4 skipped.
2026-05-24 15:26:49,297 - WARNING - Duplicate entry for customer_id d6ECEA63A80bBFf skipped.
2026-05-24 15:26:49,297 - WARNING - Duplicate entry for customer_id 014A372AC33c4F4 skipped.
2026-05-24 15:26:49,298 - WARNING - Duplicate entry for customer_id 41eAa5e67049D75 skipped.
2026-05-24 15:26:49,298 - WARNING - Duplicate entry for customer_id FF8fd2c75FeadBE skipped.
2026-05-24 15:26:49,298 - WARNING - Duplicate entry for customer_id ACd6d2856c3e9c6 skipped.
2026-05-24 15:26:49,298 - WARNING - Duplicate entry for customer_id 4213a532367a4BA skipped.
2026-05-24 15:26:49,298 - WARNING - Duplicate entry for customer_id 5eB3Ce3ee5dAeDF skipped.
2026-05-24 15:26:49,298 - WARNING - Duplicate entry for customer_id EeEdaba9dDb8B0c skipped.
2026-05-24 15:26:49,299 - WARNING - Duplicate entry for customer_id 9fb8Ad13C8a1d31 skipped.
2026-05-24 15:26:49,299 - WARNING - Duplicate entry for customer_id 166Cfb97832F81d skipped.
2026-05-24 15:26:49,299 - WARNING - Duplicate entry for customer_id adfaD758ea6760B skipped.
2026-05-24 15:26:49,299 - WARNING - Duplicate entry for customer_id aA88C4FD77e8d4E skipped.
2026-05-24 15:26:49,299 - WARNING - Duplicate entry for customer_id 3b480808b1Db3d8 skipped.
2026-05-24 15:26:49,299 - WARNING - Duplicate entry for customer_id 9a17fFf3FF40B63 skipped.
2026-05-24 15:26:49,299 - WARNING - Duplicate entry for customer_id D3a6bBFDEaff3c7 skipped.
2026-05-24 15:26:49,300 - WARNING - Duplicate entry for customer_id 12e7C8A38a58Af5 skipped.
2026-05-24 15:26:49,300 - WARNING - Duplicate entry for customer_id eE3aabEcf63fb74 skipped.
2026-05-24 15:26:49,300 - WARNING - Duplicate entry for customer_id d4B4312AE1B0B64 skipped.
2026-05-24 15:26:49,300 - WARNING - Duplicate entry for customer_id aA2Cbda7aF7CF6c skipped.
2026-05-24 15:26:49,300 - WARNING - Duplicate entry for customer_id 0913aD6BB949c79 skipped.
2026-05-24 15:26:49,301 - WARNING - Duplicate entry for customer_id 429cEAc4e675cfc skipped.
2026-05-24 15:26:49,301 - WARNING - Duplicate entry for customer_id f200f629aE89Cf9 skipped.
2026-05-24 15:26:49,301 - WARNING - Duplicate entry for customer_id f573f7Daf3f97E6 skipped.
2026-05-24 15:26:49,301 - WARNING - Duplicate entry for customer_id 3b03eFcCB873a8F skipped.
2026-05-24 15:26:49,301 - WARNING - Duplicate entry for customer_id c21Ce78AfddBcE3 skipped.
2026-05-24 15:26:49,301 - WARNING - Duplicate entry for customer_id 13daEd070a6Db0e skipped.
2026-05-24 15:26:49,302 - WARNING - Duplicate entry for customer_id 7a060190AD8B1F3 skipped.
2026-05-24 15:26:49,302 - WARNING - Duplicate entry for customer_id 7e1DEE74450dFDE skipped.
2026-05-24 15:26:49,302 - WARNING - Duplicate entry for customer_id 38e7CFf07892bD4 skipped.
2026-05-24 15:26:49,302 - WARNING - Duplicate entry for customer_id EF82a88b39ca3a8 skipped.
2026-05-24 15:26:49,302 - WARNING - Duplicate entry for customer_id 612FeF4eF2faD8A skipped.
2026-05-24 15:26:49,302 - WARNING - Duplicate entry for customer_id Fe5dDa1b7B3c7EB skipped.
2026-05-24 15:26:49,303 - WARNING - Duplicate entry for customer_id bb94A4cdAD16B0E skipped.
2026-05-24 15:26:49,303 - WARNING - Duplicate entry for customer_id 4E100fFA492E3fC skipped.
2026-05-24 15:26:49,303 - WARNING - Duplicate entry for customer_id f3D6d3A26eBFFAb skipped.
2026-05-24 15:26:49,303 - WARNING - Duplicate entry for customer_id 1C6C7B3e2617b55 skipped.
2026-05-24 15:26:49,303 - WARNING - Duplicate entry for customer_id 95F882c8ebf0cc3 skipped.
2026-05-24 15:26:49,303 - WARNING - Duplicate entry for customer_id 0DBfcB30c0D3EdC skipped.
2026-05-24 15:26:49,304 - WARNING - Duplicate entry for customer_id DbeFFa6cBE0f44a skipped.
2026-05-24 15:26:49,304 - WARNING - Duplicate entry for customer_id DEA5834A1ba5E7D skipped.
2026-05-24 15:26:49,304 - WARNING - Duplicate entry for customer_id 4b19DFf62a7Be0d skipped.
2026-05-24 15:26:49,304 - WARNING - Duplicate entry for customer_id B6FCA2Bf61a19CF skipped.
2026-05-24 15:26:49,304 - WARNING - Duplicate entry for customer_id 0b142ce72bf8AF8 skipped.
2026-05-24 15:26:49,304 - WARNING - Duplicate entry for customer_id A1Dd925888dCbEd skipped.
2026-05-24 15:26:49,305 - WARNING - Duplicate entry for customer_id 37778daaFD41EC4 skipped.
2026-05-24 15:26:49,305 - WARNING - Duplicate entry for customer_id 81FA5D97d96Fc6c skipped.
2026-05-24 15:26:49,305 - WARNING - Duplicate entry for customer_id B64Cde5cCE8f8D3 skipped.
2026-05-24 15:26:49,305 - WARNING - Duplicate entry for customer_id f0cd5Ad2B149F82 skipped.
2026-05-24 15:26:49,305 - WARNING - Duplicate entry for customer_id 8bd2A3b426e5851 skipped.
2026-05-24 15:26:49,305 - WARNING - Duplicate entry for customer_id 573F08aC80974Ce skipped.
2026-05-24 15:26:49,306 - WARNING - Duplicate entry for customer_id 71628DEb7dEBEF3 skipped.
2026-05-24 15:26:49,306 - WARNING - Duplicate entry for customer_id f232E2E9af95a1d skipped.
2026-05-24 15:26:49,306 - WARNING - Duplicate entry for customer_id 765daaEEECC07F4 skipped.
2026-05-24 15:26:49,306 - WARNING - Duplicate entry for customer_id 08a3cA5AcB14199 skipped.
2026-05-24 15:26:49,306 - WARNING - Duplicate entry for customer_id 7fEdb9Ec7af2d70 skipped.
2026-05-24 15:26:49,306 - WARNING - Duplicate entry for customer_id F4a4EC017A08De6 skipped.
2026-05-24 15:26:49,307 - WARNING - Duplicate entry for customer_id 7dafD51fecbF1f8 skipped.
2026-05-24 15:26:49,307 - WARNING - Duplicate entry for customer_id eDFfcd9AB07A33F skipped.
2026-05-24 15:26:49,307 - WARNING - Duplicate entry for customer_id 18E97f29B7B2df2 skipped.
2026-05-24 15:26:49,307 - WARNING - Duplicate entry for customer_id Ef37Ecb15BaC5D9 skipped.
2026-05-24 15:26:49,307 - WARNING - Duplicate entry for customer_id bD5A6B2EBdeEF95 skipped.
2026-05-24 15:26:49,307 - WARNING - Duplicate entry for customer_id db0d18D1374dBaC skipped.
2026-05-24 15:26:49,308 - WARNING - Duplicate entry for customer_id 7af6141EBcBCEda skipped.
2026-05-24 15:26:49,308 - WARNING - Duplicate entry for customer_id 4dDFBaA4e4bC29f skipped.
2026-05-24 15:26:49,308 - WARNING - Duplicate entry for customer_id ecd4a2f35fADc55 skipped.
2026-05-24 15:26:49,308 - WARNING - Duplicate entry for customer_id 36Bc0b09Fe542dC skipped.
2026-05-24 15:26:49,308 - WARNING - Duplicate entry for customer_id CeC40FA70a7CE35 skipped.
2026-05-24 15:26:49,308 - WARNING - Duplicate entry for customer_id AfBbac14dd9E5BD skipped.
2026-05-24 15:26:49,308 - WARNING - Duplicate entry for customer_id 74f512837b7F179 skipped.
2026-05-24 15:26:49,309 - WARNING - Duplicate entry for customer_id 5EbAB6F9a519dD5 skipped.
2026-05-24 15:26:49,309 - WARNING - Duplicate entry for customer_id E51a2f6ab11a5cf skipped.
2026-05-24 15:26:49,309 - WARNING - Duplicate entry for customer_id 2d6fccacB89Fc9a skipped.
2026-05-24 15:26:49,309 - WARNING - Duplicate entry for customer_id 42113293F4aEaAb skipped.
2026-05-24 15:26:49,309 - WARNING - Duplicate entry for customer_id D0db4FaD1ce14Ef skipped.
2026-05-24 15:26:49,309 - WARNING - Duplicate entry for customer_id C4d0ca467fCf58E skipped.
2026-05-24 15:26:49,310 - WARNING - Duplicate entry for customer_id Fc9d9497A53568a skipped.
2026-05-24 15:26:49,310 - WARNING - Duplicate entry for customer_id Aae9f03Bc2FC6F9 skipped.
2026-05-24 15:26:49,310 - WARNING - Duplicate entry for customer_id D5cA65aE99CF760 skipped.
2026-05-24 15:26:49,310 - WARNING - Duplicate entry for customer_id Ac021bD312b4Da8 skipped.
2026-05-24 15:26:49,310 - WARNING - Duplicate entry for customer_id 002c9A213Db0067 skipped.
2026-05-24 15:26:49,310 - WARNING - Duplicate entry for customer_id d5698dD6DD5624A skipped.
2026-05-24 15:26:49,311 - WARNING - Duplicate entry for customer_id AEECeE395D4F1B7 skipped.
2026-05-24 15:26:49,311 - WARNING - Duplicate entry for customer_id 8b6d8b16D0C3b24 skipped.
2026-05-24 15:26:49,311 - WARNING - Duplicate entry for customer_id 0Fdd59e7856db8f skipped.
2026-05-24 15:26:49,311 - WARNING - Duplicate entry for customer_id 7Cf4a2b0bdD4522 skipped.
2026-05-24 15:26:49,311 - WARNING - Duplicate entry for customer_id 52725aC4cFE8EE5 skipped.
2026-05-24 15:26:49,311 - WARNING - Duplicate entry for customer_id BE9daBEf6dCfD7C skipped.
2026-05-24 15:26:49,312 - WARNING - Duplicate entry for customer_id 84F1B290A0Fb1fc skipped.
2026-05-24 15:26:49,312 - WARNING - Duplicate entry for customer_id 1C1Dacf3d47eb8e skipped.
2026-05-24 15:26:49,312 - WARNING - Duplicate entry for customer_id a20F19CfE2aD0ca skipped.
2026-05-24 15:26:49,312 - WARNING - Duplicate entry for customer_id 7Af8fF9aF8A47C5 skipped.
2026-05-24 15:26:49,312 - WARNING - Duplicate entry for customer_id CFC6056BC2C3B0c skipped.
2026-05-24 15:26:49,312 - WARNING - Duplicate entry for customer_id Ae8C347aE0b3c5E skipped.
2026-05-24 15:26:49,313 - WARNING - Duplicate entry for customer_id 0EfcA43fbCdCDCC skipped.
2026-05-24 15:26:49,313 - WARNING - Duplicate entry for customer_id ffE8F5d071d1D48 skipped.
2026-05-24 15:26:49,313 - WARNING - Duplicate entry for customer_id 46fb14B9A0DEeeD skipped.
2026-05-24 15:26:49,313 - WARNING - Duplicate entry for customer_id 0274db23E8f20bd skipped.
2026-05-24 15:26:49,313 - WARNING - Duplicate entry for customer_id B56fCA985Bd5fC5 skipped.
2026-05-24 15:26:49,313 - WARNING - Duplicate entry for customer_id 2Cde1Ce64CeD4aF skipped.
2026-05-24 15:26:49,314 - WARNING - Duplicate entry for customer_id cB72F31ebEE5f76 skipped.
2026-05-24 15:26:49,314 - WARNING - Duplicate entry for customer_id cAEbCE6A6b23c32 skipped.
2026-05-24 15:26:49,314 - WARNING - Duplicate entry for customer_id 23d0d1CB661AE47 skipped.
2026-05-24 15:26:49,314 - WARNING - Duplicate entry for customer_id 6F3dE3F6dE0F8f0 skipped.
2026-05-24 15:26:49,314 - WARNING - Duplicate entry for customer_id e3eDEACd48Eb36A skipped.
2026-05-24 15:26:49,314 - WARNING - Duplicate entry for customer_id 0C18158818033b1 skipped.
2026-05-24 15:26:49,315 - WARNING - Duplicate entry for customer_id 6f4b0e8ef9ee1fF skipped.
2026-05-24 15:26:49,315 - WARNING - Duplicate entry for customer_id Fe7e4bb1CB8EEF9 skipped.
2026-05-24 15:26:49,315 - WARNING - Duplicate entry for customer_id d291Dd7bAC89dC1 skipped.
2026-05-24 15:26:49,315 - WARNING - Duplicate entry for customer_id 52C9b5E837d2EfE skipped.
2026-05-24 15:26:49,315 - WARNING - Duplicate entry for customer_id 20D4eB7Cf91Ff0B skipped.
2026-05-24 15:26:49,315 - WARNING - Duplicate entry for customer_id BAFdDdf03E7560e skipped.
2026-05-24 15:26:49,315 - WARNING - Duplicate entry for customer_id f0daf364d8fC752 skipped.
2026-05-24 15:26:49,316 - WARNING - Duplicate entry for customer_id A7d0eb4f6Bb890f skipped.
2026-05-24 15:26:49,316 - WARNING - Duplicate entry for customer_id Ae9Cd0e71d62d03 skipped.
2026-05-24 15:26:49,316 - WARNING - Duplicate entry for customer_id B8Fdde1a5d41fF3 skipped.
2026-05-24 15:26:49,316 - WARNING - Duplicate entry for customer_id a807843FaFA5C15 skipped.
2026-05-24 15:26:49,316 - WARNING - Duplicate entry for customer_id D39B2f3649fA9dF skipped.
2026-05-24 15:26:49,316 - WARNING - Duplicate entry for customer_id 09193dD798CFB29 skipped.
2026-05-24 15:26:49,317 - WARNING - Duplicate entry for customer_id 3bD1F8c48B36CDa skipped.
2026-05-24 15:26:49,317 - WARNING - Duplicate entry for customer_id 2420Ef1d4C72c29 skipped.
2026-05-24 15:26:49,317 - WARNING - Duplicate entry for customer_id F6F275AfDfb5eF6 skipped.
2026-05-24 15:26:49,317 - WARNING - Duplicate entry for customer_id FE61cAD2efceeAa skipped.
2026-05-24 15:26:49,317 - WARNING - Duplicate entry for customer_id eBE184BCd649Bcf skipped.
2026-05-24 15:26:49,317 - WARNING - Duplicate entry for customer_id ACf20DbBECE71D1 skipped.
2026-05-24 15:26:49,318 - WARNING - Duplicate entry for customer_id 72D47bcC2bbAA9d skipped.
2026-05-24 15:26:49,318 - WARNING - Duplicate entry for customer_id 4AD57F8c4B26e0d skipped.
2026-05-24 15:26:49,318 - WARNING - Duplicate entry for customer_id 2BfbC3b46ACf9f5 skipped.
2026-05-24 15:26:49,318 - WARNING - Duplicate entry for customer_id 66C4aAA315fEFa2 skipped.
2026-05-24 15:26:49,318 - WARNING - Duplicate entry for customer_id 9FF418832B9D63E skipped.
2026-05-24 15:26:49,318 - WARNING - Duplicate entry for customer_id a9E42BCDBa2Cd83 skipped.
2026-05-24 15:26:49,319 - WARNING - Duplicate entry for customer_id 079DE71dEE3AFFb skipped.
2026-05-24 15:26:49,319 - WARNING - Duplicate entry for customer_id CC499DaFEDdD3b8 skipped.
2026-05-24 15:26:49,319 - WARNING - Duplicate entry for customer_id abC0f3FEb576DFA skipped.
2026-05-24 15:26:49,319 - WARNING - Duplicate entry for customer_id 2b6221ca8A40B98 skipped.
2026-05-24 15:26:49,319 - WARNING - Duplicate entry for customer_id 7c5a7CeFA99bd34 skipped.
2026-05-24 15:26:49,319 - WARNING - Duplicate entry for customer_id 90F1B3e4df1a842 skipped.
2026-05-24 15:26:49,320 - WARNING - Duplicate entry for customer_id e92cB5ed6CAADf7 skipped.
2026-05-24 15:26:49,320 - WARNING - Duplicate entry for customer_id 5FDFdB02Df1a7Ca skipped.
2026-05-24 15:26:49,320 - WARNING - Duplicate entry for customer_id 4aA88FE64a6c1f6 skipped.
2026-05-24 15:26:49,320 - WARNING - Duplicate entry for customer_id 77DCBC5D6aba4CB skipped.
2026-05-24 15:26:49,320 - WARNING - Duplicate entry for customer_id F02fBDABc21Cdc3 skipped.
2026-05-24 15:26:49,320 - WARNING - Duplicate entry for customer_id e4BD1EDbA0ecBEC skipped.
2026-05-24 15:26:49,321 - WARNING - Duplicate entry for customer_id FA5eC394A3EbD31 skipped.
2026-05-24 15:26:49,321 - WARNING - Duplicate entry for customer_id 6C99B9dACFaA5D3 skipped.
2026-05-24 15:26:49,321 - WARNING - Duplicate entry for customer_id 2dF8514Ea0Cfc1D skipped.
2026-05-24 15:26:49,321 - WARNING - Duplicate entry for customer_id dc1A7c225E1Da1C skipped.
2026-05-24 15:26:49,321 - WARNING - Duplicate entry for customer_id A73AFAd83b81E73 skipped.
2026-05-24 15:26:49,321 - WARNING - Duplicate entry for customer_id cDBe5cFdbB3Ae4F skipped.
2026-05-24 15:26:49,322 - WARNING - Duplicate entry for customer_id EFAbeA7ac6B6BB3 skipped.
2026-05-24 15:26:49,322 - WARNING - Duplicate entry for customer_id 6af3BfF9eb61f80 skipped.
2026-05-24 15:26:49,322 - WARNING - Duplicate entry for customer_id E72F96eAffCfebA skipped.
2026-05-24 15:26:49,322 - WARNING - Duplicate entry for customer_id cdbf992db6BE7Ec skipped.
2026-05-24 15:26:49,322 - WARNING - Duplicate entry for customer_id A29Fd2CbDfEBdF0 skipped.
2026-05-24 15:26:49,322 - WARNING - Duplicate entry for customer_id af2D2C5b68fFb83 skipped.
2026-05-24 15:26:49,323 - WARNING - Duplicate entry for customer_id 90ddbC31FeE6Cd2 skipped.
2026-05-24 15:26:49,323 - WARNING - Duplicate entry for customer_id B480754c5Be9fD2 skipped.
2026-05-24 15:26:49,323 - WARNING - Duplicate entry for customer_id d24a6DdAD1FD742 skipped.
2026-05-24 15:26:49,323 - WARNING - Duplicate entry for customer_id 1B3ce68C7522dab skipped.
2026-05-24 15:26:49,323 - WARNING - Duplicate entry for customer_id 53d3cC4E7e029bB skipped.
2026-05-24 15:26:49,323 - WARNING - Duplicate entry for customer_id 90f5af7C2cBDe94 skipped.
2026-05-24 15:26:49,324 - WARNING - Duplicate entry for customer_id a5B335e09dFcA76 skipped.
2026-05-24 15:26:49,324 - WARNING - Duplicate entry for customer_id eB21Bf50Cee268E skipped.
2026-05-24 15:26:49,324 - WARNING - Duplicate entry for customer_id 4289fe97718be15 skipped.
2026-05-24 15:26:49,324 - WARNING - Duplicate entry for customer_id 4Bb1D5D38Fd23FD skipped.
2026-05-24 15:26:49,324 - WARNING - Duplicate entry for customer_id 11ffb40267Db802 skipped.
2026-05-24 15:26:49,324 - WARNING - Duplicate entry for customer_id BCcebE096E2329B skipped.
2026-05-24 15:26:49,324 - WARNING - Duplicate entry for customer_id bc41735a1b5cBBB skipped.
2026-05-24 15:26:49,325 - WARNING - Duplicate entry for customer_id 31FAbECce962766 skipped.
2026-05-24 15:26:49,325 - WARNING - Duplicate entry for customer_id B8B1EdbbbF08c2c skipped.
2026-05-24 15:26:49,325 - WARNING - Duplicate entry for customer_id aD0CaDFf8b23B92 skipped.
2026-05-24 15:26:49,325 - WARNING - Duplicate entry for customer_id 77eb3D79aE7FFB3 skipped.
2026-05-24 15:26:49,325 - WARNING - Duplicate entry for customer_id 1f1c661cF5Fa2cA skipped.
2026-05-24 15:26:49,325 - WARNING - Duplicate entry for customer_id 12b349ebc8c41Fa skipped.
2026-05-24 15:26:49,326 - WARNING - Duplicate entry for customer_id 8FdAcADb8bD362C skipped.
2026-05-24 15:26:49,326 - WARNING - Duplicate entry for customer_id bbb16Bf455CeC9f skipped.
2026-05-24 15:26:49,326 - WARNING - Duplicate entry for customer_id B4BEf2a9E3ff02B skipped.
2026-05-24 15:26:49,326 - WARNING - Duplicate entry for customer_id fEa0051a1EA238A skipped.
2026-05-24 15:26:49,326 - WARNING - Duplicate entry for customer_id c1803aA7dBF4fA6 skipped.
2026-05-24 15:26:49,326 - WARNING - Duplicate entry for customer_id aC2BdC8A1093b60 skipped.
2026-05-24 15:26:49,327 - WARNING - Duplicate entry for customer_id E9DDfBc16fA07b8 skipped.
2026-05-24 15:26:49,327 - WARNING - Duplicate entry for customer_id 223fD1E2b32101D skipped.
2026-05-24 15:26:49,327 - WARNING - Duplicate entry for customer_id 62aEeB2EA3CD9E9 skipped.
2026-05-24 15:26:49,327 - WARNING - Duplicate entry for customer_id fE82a9493bcA35B skipped.
2026-05-24 15:26:49,327 - WARNING - Duplicate entry for customer_id 7A671fbBAb661E6 skipped.
2026-05-24 15:26:49,327 - WARNING - Duplicate entry for customer_id 684befCF02AeFf7 skipped.
2026-05-24 15:26:49,328 - WARNING - Duplicate entry for customer_id 7CEc10576a8127e skipped.
2026-05-24 15:26:49,328 - WARNING - Duplicate entry for customer_id F2A5E6Baad44E89 skipped.
2026-05-24 15:26:49,328 - WARNING - Duplicate entry for customer_id 34aC4746EfbD7cb skipped.
2026-05-24 15:26:49,328 - WARNING - Duplicate entry for customer_id EDA3D13E1858dF5 skipped.
2026-05-24 15:26:49,328 - WARNING - Duplicate entry for customer_id dc0aC8C1d81AAaA skipped.
2026-05-24 15:26:49,328 - WARNING - Duplicate entry for customer_id 9a30Bfd62Ab7BC2 skipped.
2026-05-24 15:26:49,329 - WARNING - Duplicate entry for customer_id Dc8DF1FB64E24C8 skipped.
2026-05-24 15:26:49,329 - WARNING - Duplicate entry for customer_id C4d519Dfb0DA5c7 skipped.
2026-05-24 15:26:49,329 - WARNING - Duplicate entry for customer_id Db4B1F86Ee2fD65 skipped.
2026-05-24 15:26:49,329 - WARNING - Duplicate entry for customer_id 271dffEbDb9f816 skipped.
2026-05-24 15:26:49,329 - WARNING - Duplicate entry for customer_id FA6a1B1Fc04B8EE skipped.
2026-05-24 15:26:49,329 - WARNING - Duplicate entry for customer_id FE4C2A12696Da3F skipped.
2026-05-24 15:26:49,330 - WARNING - Duplicate entry for customer_id 3dDfaA2327886E9 skipped.
2026-05-24 15:26:49,330 - WARNING - Duplicate entry for customer_id BD1deD31a3aA0DE skipped.
2026-05-24 15:26:49,330 - WARNING - Duplicate entry for customer_id 0c51e11999e0AFd skipped.
2026-05-24 15:26:49,330 - WARNING - Duplicate entry for customer_id D587E5CF497946C skipped.
2026-05-24 15:26:49,330 - WARNING - Duplicate entry for customer_id afC5fBDC4FFFE8f skipped.
2026-05-24 15:26:49,330 - WARNING - Duplicate entry for customer_id 5fE0D8439cF1ADa skipped.
2026-05-24 15:26:49,331 - WARNING - Duplicate entry for customer_id 06e8FD29ea896Aa skipped.
2026-05-24 15:26:49,331 - WARNING - Duplicate entry for customer_id A7bdD273350e6C9 skipped.
2026-05-24 15:26:49,331 - WARNING - Duplicate entry for customer_id adAA90eC2d4D59A skipped.
2026-05-24 15:26:49,331 - WARNING - Duplicate entry for customer_id 4A231C5DceB9739 skipped.
2026-05-24 15:26:49,331 - WARNING - Duplicate entry for customer_id 1aeE81d4dD1C47d skipped.
2026-05-24 15:26:49,331 - WARNING - Duplicate entry for customer_id 10F81cEE6065efd skipped.
2026-05-24 15:26:49,332 - WARNING - Duplicate entry for customer_id 8d2Fea5a6AdC2bA skipped.
2026-05-24 15:26:49,332 - WARNING - Duplicate entry for customer_id 0c513bE2Ef3E658 skipped.
2026-05-24 15:26:49,332 - WARNING - Duplicate entry for customer_id bBEEd0afFa68EDa skipped.
2026-05-24 15:26:49,332 - WARNING - Duplicate entry for customer_id 6140fD9b8bEf5da skipped.
2026-05-24 15:26:49,332 - WARNING - Duplicate entry for customer_id 7c71384AabBEd7a skipped.
2026-05-24 15:26:49,332 - WARNING - Duplicate entry for customer_id a5cAAaeD7Bc74Ba skipped.
2026-05-24 15:26:49,333 - WARNING - Duplicate entry for customer_id Accc1dd8fafEbfA skipped.
2026-05-24 15:26:49,333 - WARNING - Duplicate entry for customer_id 78B0329Ce7DeDea skipped.
2026-05-24 15:26:49,333 - WARNING - Duplicate entry for customer_id 724a0B2081Bf67B skipped.
2026-05-24 15:26:49,333 - WARNING - Duplicate entry for customer_id 064ae539Cc1BA9C skipped.
2026-05-24 15:26:49,333 - WARNING - Duplicate entry for customer_id AD06dc859BACdBC skipped.
2026-05-24 15:26:49,333 - WARNING - Duplicate entry for customer_id 5aDDF9dF3CD1E1b skipped.
2026-05-24 15:26:49,334 - WARNING - Duplicate entry for customer_id 2ae4f6e677f1FEF skipped.
2026-05-24 15:26:49,334 - WARNING - Duplicate entry for customer_id F05cA3cFf1Ed285 skipped.
2026-05-24 15:26:49,334 - WARNING - Duplicate entry for customer_id 9a7Cbd5055ceB62 skipped.
2026-05-24 15:26:49,334 - WARNING - Duplicate entry for customer_id DcA3aBa0cEF4342 skipped.
2026-05-24 15:26:49,334 - WARNING - Duplicate entry for customer_id cEAcd7EB0dF56B7 skipped.
2026-05-24 15:26:49,334 - WARNING - Duplicate entry for customer_id Dbff2b9BD9220BC skipped.
2026-05-24 15:26:49,335 - WARNING - Duplicate entry for customer_id 89A9A525b79da34 skipped.
2026-05-24 15:26:49,335 - WARNING - Duplicate entry for customer_id 1af73b0bE86AeeF skipped.
2026-05-24 15:26:49,335 - WARNING - Duplicate entry for customer_id 8054ECF4eF1CeF2 skipped.
2026-05-24 15:26:49,335 - WARNING - Duplicate entry for customer_id 26E14acEb9c3dE4 skipped.
2026-05-24 15:26:49,335 - WARNING - Duplicate entry for customer_id D4Aa5659f26c836 skipped.
2026-05-24 15:26:49,335 - WARNING - Duplicate entry for customer_id 53a3B3aA7e63a0F skipped.
2026-05-24 15:26:49,336 - WARNING - Duplicate entry for customer_id 0ddacBAAcFA4C2f skipped.
2026-05-24 15:26:49,336 - WARNING - Duplicate entry for customer_id dfAFEdCbf5D7ce4 skipped.
2026-05-24 15:26:49,336 - WARNING - Duplicate entry for customer_id 590a7D15caCe9eD skipped.
2026-05-24 15:26:49,336 - WARNING - Duplicate entry for customer_id 8deC6E8057ABfE9 skipped.
2026-05-24 15:26:49,336 - WARNING - Duplicate entry for customer_id 4aC6cE57Dc887bE skipped.
2026-05-24 15:26:49,336 - WARNING - Duplicate entry for customer_id E9a689c736ef033 skipped.
2026-05-24 15:26:49,337 - WARNING - Duplicate entry for customer_id F82b6FDf077E8c7 skipped.
2026-05-24 15:26:49,337 - WARNING - Duplicate entry for customer_id 0BCe8B6CCbdF701 skipped.
2026-05-24 15:26:49,337 - WARNING - Duplicate entry for customer_id 3d4AEe4F87bccd1 skipped.
2026-05-24 15:26:49,337 - WARNING - Duplicate entry for customer_id 2Ba8B54fb7a9cDB skipped.
2026-05-24 15:26:49,337 - WARNING - Duplicate entry for customer_id 57D3fEC7aAeCEDc skipped.
2026-05-24 15:26:49,337 - WARNING - Duplicate entry for customer_id E0BD8d8E73348Ba skipped.
2026-05-24 15:26:49,338 - WARNING - Duplicate entry for customer_id 05CeeD0bFdFf4Ef skipped.
2026-05-24 15:26:49,338 - WARNING - Duplicate entry for customer_id Ba74a4190Ea89fD skipped.
2026-05-24 15:26:49,338 - WARNING - Duplicate entry for customer_id 1fBDc535F57Cd32 skipped.
2026-05-24 15:26:49,338 - WARNING - Duplicate entry for customer_id aAba4dc4C0AA9dc skipped.
2026-05-24 15:26:49,338 - WARNING - Duplicate entry for customer_id ab25b3a4dACFB72 skipped.
2026-05-24 15:26:49,338 - WARNING - Duplicate entry for customer_id 9dc1CBC08CD5fFc skipped.
2026-05-24 15:26:49,339 - WARNING - Duplicate entry for customer_id 9a100203128534C skipped.
2026-05-24 15:26:49,339 - WARNING - Duplicate entry for customer_id 4A1ff961e9Dc6aA skipped.
2026-05-24 15:26:49,339 - WARNING - Duplicate entry for customer_id D5E2D45D2b42BFF skipped.
2026-05-24 15:26:49,339 - WARNING - Duplicate entry for customer_id 7d4B6DA49e3D315 skipped.
2026-05-24 15:26:49,339 - WARNING - Duplicate entry for customer_id e82B74D5DD08Eda skipped.
2026-05-24 15:26:49,339 - WARNING - Duplicate entry for customer_id d0D239b1D4FFC05 skipped.
2026-05-24 15:26:49,339 - WARNING - Duplicate entry for customer_id d1335FA9C3F7deE skipped.
2026-05-24 15:26:49,340 - WARNING - Duplicate entry for customer_id CC6DEE7BAfA2b0C skipped.
2026-05-24 15:26:49,340 - WARNING - Duplicate entry for customer_id 3E5fe1dB04d9d64 skipped.
2026-05-24 15:26:49,340 - WARNING - Duplicate entry for customer_id F5F0d6B7dBEc22E skipped.
2026-05-24 15:26:49,340 - WARNING - Duplicate entry for customer_id 8afAf9c570aBeE7 skipped.
2026-05-24 15:26:49,340 - WARNING - Duplicate entry for customer_id 3Fe2CbaE30bdF77 skipped.
2026-05-24 15:26:49,340 - WARNING - Duplicate entry for customer_id 7bEBEE4079e5ABb skipped.
2026-05-24 15:26:49,341 - WARNING - Duplicate entry for customer_id fcb32CfCCaE054C skipped.
2026-05-24 15:26:49,341 - WARNING - Duplicate entry for customer_id DcEbb7E5B6CAcB6 skipped.
2026-05-24 15:26:49,341 - WARNING - Duplicate entry for customer_id 48d073fdcFBcbBE skipped.
2026-05-24 15:26:49,341 - WARNING - Duplicate entry for customer_id 806DBC6fcaF0E9D skipped.
2026-05-24 15:26:49,341 - WARNING - Duplicate entry for customer_id 5CAC1538292a55D skipped.
2026-05-24 15:26:49,341 - WARNING - Duplicate entry for customer_id 690D995dAF9f4c4 skipped.
2026-05-24 15:26:49,342 - WARNING - Duplicate entry for customer_id a90DaCCBF50263f skipped.
2026-05-24 15:26:49,342 - WARNING - Duplicate entry for customer_id FCe3d4F91F1f9cF skipped.
2026-05-24 15:26:49,342 - WARNING - Duplicate entry for customer_id fc326c8DcEC2EcD skipped.
2026-05-24 15:26:49,342 - WARNING - Duplicate entry for customer_id d268cFcCA1f1ffA skipped.
2026-05-24 15:26:49,342 - WARNING - Duplicate entry for customer_id 45e85eD91DE9cFb skipped.
2026-05-24 15:26:49,342 - WARNING - Duplicate entry for customer_id a5C40E07EBd3875 skipped.
2026-05-24 15:26:49,343 - WARNING - Duplicate entry for customer_id 40e1B08BeD056A3 skipped.
2026-05-24 15:26:49,343 - WARNING - Duplicate entry for customer_id c9c2C2AEc9caD3a skipped.
2026-05-24 15:26:49,343 - WARNING - Duplicate entry for customer_id a633a7f3C9B5Dc6 skipped.
2026-05-24 15:26:49,343 - WARNING - Duplicate entry for customer_id 5162a6aE402a0c6 skipped.
2026-05-24 15:26:49,343 - WARNING - Duplicate entry for customer_id DDbFba721AC7d3d skipped.
2026-05-24 15:26:49,343 - WARNING - Duplicate entry for customer_id 86adca7aC49faC8 skipped.
2026-05-24 15:26:49,344 - WARNING - Duplicate entry for customer_id AFfCe84Edb17adc skipped.
2026-05-24 15:26:49,344 - WARNING - Duplicate entry for customer_id e5Fd9db6dF905EF skipped.
2026-05-24 15:26:49,344 - WARNING - Duplicate entry for customer_id 8e1C3eFE6EB28A5 skipped.
2026-05-24 15:26:49,344 - WARNING - Duplicate entry for customer_id 4357eFC7FB4439C skipped.
2026-05-24 15:26:49,344 - WARNING - Duplicate entry for customer_id f9bAA2FC2A7e0eA skipped.
2026-05-24 15:26:49,344 - WARNING - Duplicate entry for customer_id d0EDae6aC12133F skipped.
2026-05-24 15:26:49,344 - WARNING - Duplicate entry for customer_id 8B4cDEf8Fc9EA89 skipped.
2026-05-24 15:26:49,345 - WARNING - Duplicate entry for customer_id 8dB73bC702FeAbc skipped.
2026-05-24 15:26:49,345 - WARNING - Duplicate entry for customer_id 418Cc64f9d2b3B6 skipped.
2026-05-24 15:26:49,345 - WARNING - Duplicate entry for customer_id 344A16A0C7feBCf skipped.
2026-05-24 15:26:49,345 - WARNING - Duplicate entry for customer_id A8c388CC47DcF22 skipped.
2026-05-24 15:26:49,345 - WARNING - Duplicate entry for customer_id DBFCf4ef29d36d3 skipped.
2026-05-24 15:26:49,345 - WARNING - Duplicate entry for customer_id b29BB98128A42eb skipped.
2026-05-24 15:26:49,346 - WARNING - Duplicate entry for customer_id 0Bb3cBf4c51Bdd6 skipped.
2026-05-24 15:26:49,346 - WARNING - Duplicate entry for customer_id 241B20c8a30746b skipped.
2026-05-24 15:26:49,346 - WARNING - Duplicate entry for customer_id aA5c0F4dedefEf2 skipped.
2026-05-24 15:26:49,346 - WARNING - Duplicate entry for customer_id d6cfDDFe3fd72CE skipped.
2026-05-24 15:26:49,346 - WARNING - Duplicate entry for customer_id D8F2ccd0f4bEceA skipped.
2026-05-24 15:26:49,346 - WARNING - Duplicate entry for customer_id 753E24365A51CAC skipped.
2026-05-24 15:26:49,347 - WARNING - Duplicate entry for customer_id F7DFD12cDbe29Ec skipped.
2026-05-24 15:26:49,347 - WARNING - Duplicate entry for customer_id eed3Be5e7A62DEF skipped.
2026-05-24 15:26:49,347 - WARNING - Duplicate entry for customer_id eBFbD846CcAE6bc skipped.
2026-05-24 15:26:49,347 - WARNING - Duplicate entry for customer_id 6e8f4DDbab9c73f skipped.
2026-05-24 15:26:49,347 - WARNING - Duplicate entry for customer_id 3ecf04b7DBFCBD6 skipped.
2026-05-24 15:26:49,347 - WARNING - Duplicate entry for customer_id a3E9d65eaB46Ac9 skipped.
2026-05-24 15:26:49,348 - WARNING - Duplicate entry for customer_id 220d9fFC0d86592 skipped.
2026-05-24 15:26:49,348 - WARNING - Duplicate entry for customer_id 53B031B713b45aC skipped.
2026-05-24 15:26:49,348 - WARNING - Duplicate entry for customer_id 6c59A2C1eF89B3B skipped.
2026-05-24 15:26:49,348 - WARNING - Duplicate entry for customer_id C5a46C5E57D2a4F skipped.
2026-05-24 15:26:49,348 - WARNING - Duplicate entry for customer_id eccfaf82F414BFb skipped.
2026-05-24 15:26:49,348 - WARNING - Duplicate entry for customer_id dBBAff2e0aCCdF9 skipped.
2026-05-24 15:26:49,348 - WARNING - Duplicate entry for customer_id cFA09AcDD9F8c33 skipped.
2026-05-24 15:26:49,349 - WARNING - Duplicate entry for customer_id E41Ac1BB8A764dC skipped.
2026-05-24 15:26:49,349 - WARNING - Duplicate entry for customer_id dEABaFeF51dc23F skipped.
2026-05-24 15:26:49,349 - WARNING - Duplicate entry for customer_id E4efFE26A13a5AB skipped.
2026-05-24 15:26:49,349 - WARNING - Duplicate entry for customer_id 13fFEAfb9f4DabD skipped.
2026-05-24 15:26:49,349 - WARNING - Duplicate entry for customer_id 4c8844EB97f0e75 skipped.
2026-05-24 15:26:49,349 - WARNING - Duplicate entry for customer_id 5EE87b91F488bEF skipped.
2026-05-24 15:26:49,350 - WARNING - Duplicate entry for customer_id 2fa651E2e475327 skipped.
2026-05-24 15:26:49,350 - WARNING - Duplicate entry for customer_id 3F268B8b63a7Ee1 skipped.
2026-05-24 15:26:49,350 - WARNING - Duplicate entry for customer_id A5e1e33Ca19a55a skipped.
2026-05-24 15:26:49,350 - WARNING - Duplicate entry for customer_id daC7B2Ba7659be3 skipped.
2026-05-24 15:26:49,350 - WARNING - Duplicate entry for customer_id F83cA67fFd871a5 skipped.
2026-05-24 15:26:49,350 - WARNING - Duplicate entry for customer_id B1BF2A6fe2fCb01 skipped.
2026-05-24 15:26:49,351 - WARNING - Duplicate entry for customer_id 1B3be3D5fB55bb6 skipped.
2026-05-24 15:26:49,351 - WARNING - Duplicate entry for customer_id a9feB7dCD2FFd4e skipped.
2026-05-24 15:26:49,351 - WARNING - Duplicate entry for customer_id 43fe2d321B8C7B0 skipped.
2026-05-24 15:26:49,351 - WARNING - Duplicate entry for customer_id bDfBAf9bbE8c03B skipped.
2026-05-24 15:26:49,351 - WARNING - Duplicate entry for customer_id cfC46fCFF88DaF9 skipped.
2026-05-24 15:26:49,351 - WARNING - Duplicate entry for customer_id 27cAAd4e0DD5598 skipped.
2026-05-24 15:26:49,352 - WARNING - Duplicate entry for customer_id 48aACDdf7EECADe skipped.
2026-05-24 15:26:49,352 - WARNING - Duplicate entry for customer_id b8ef0f40D818b8D skipped.
2026-05-24 15:26:49,352 - WARNING - Duplicate entry for customer_id dCAEa0C51c5BC79 skipped.
2026-05-24 15:26:49,352 - WARNING - Duplicate entry for customer_id dc9c71CeFaCBfc7 skipped.
2026-05-24 15:26:49,352 - WARNING - Duplicate entry for customer_id 0E73a97E694aA57 skipped.
2026-05-24 15:26:49,352 - WARNING - Duplicate entry for customer_id a59571eD1ebab1B skipped.
2026-05-24 15:26:49,353 - WARNING - Duplicate entry for customer_id B8F7cfC1d62b18a skipped.
2026-05-24 15:26:49,353 - WARNING - Duplicate entry for customer_id b24e1FB162012BE skipped.
2026-05-24 15:26:49,353 - WARNING - Duplicate entry for customer_id d5c6BC7C1dc0FAf skipped.
2026-05-24 15:26:49,353 - WARNING - Duplicate entry for customer_id 511aEB7e064eBe7 skipped.
2026-05-24 15:26:49,353 - WARNING - Duplicate entry for customer_id 6e4bf2f463Dbac6 skipped.
2026-05-24 15:26:49,353 - WARNING - Duplicate entry for customer_id abCf34aEAe47beD skipped.
2026-05-24 15:26:49,354 - WARNING - Duplicate entry for customer_id Bac32EfAEEEbbB2 skipped.
2026-05-24 15:26:49,354 - WARNING - Duplicate entry for customer_id F2DB5BF7E37e69E skipped.
2026-05-24 15:26:49,354 - WARNING - Duplicate entry for customer_id 33AfECB93C9572B skipped.
2026-05-24 15:26:49,354 - WARNING - Duplicate entry for customer_id 16D51395c3EBE0e skipped.
2026-05-24 15:26:49,354 - WARNING - Duplicate entry for customer_id F9F39Bfe4f410fB skipped.
2026-05-24 15:26:49,354 - WARNING - Duplicate entry for customer_id Ed05E52c79AD1F2 skipped.
2026-05-24 15:26:49,355 - WARNING - Duplicate entry for customer_id d2f7Eb743D22D4E skipped.
2026-05-24 15:26:49,355 - WARNING - Duplicate entry for customer_id 8Ac01DF5f9Fc86E skipped.
2026-05-24 15:26:49,355 - WARNING - Duplicate entry for customer_id B514ed4fE9823f9 skipped.
2026-05-24 15:26:49,355 - WARNING - Duplicate entry for customer_id 347Bfe8615fF804 skipped.
2026-05-24 15:26:49,355 - WARNING - Duplicate entry for customer_id 2141FBB77A7D2E6 skipped.
2026-05-24 15:26:49,355 - WARNING - Duplicate entry for customer_id 637675c8c0BA49e skipped.
2026-05-24 15:26:49,356 - WARNING - Duplicate entry for customer_id B44fd0024F9F853 skipped.
2026-05-24 15:26:49,356 - WARNING - Duplicate entry for customer_id 1dFa2Ae2BA1c6b7 skipped.
2026-05-24 15:26:49,356 - WARNING - Duplicate entry for customer_id cEb0837433A348b skipped.
2026-05-24 15:26:49,356 - WARNING - Duplicate entry for customer_id Ff2d5a11Cc04713 skipped.
2026-05-24 15:26:49,356 - WARNING - Duplicate entry for customer_id fDeEA94e308E40B skipped.
2026-05-24 15:26:49,357 - WARNING - Duplicate entry for customer_id e847e7A59d5b79C skipped.
2026-05-24 15:26:49,357 - WARNING - Duplicate entry for customer_id e9d6Dbc37c7FEca skipped.
2026-05-24 15:26:49,357 - WARNING - Duplicate entry for customer_id e4D86CB5ED2a7c6 skipped.
2026-05-24 15:26:49,357 - WARNING - Duplicate entry for customer_id bafc42A5bdEdcCB skipped.
2026-05-24 15:26:49,357 - WARNING - Duplicate entry for customer_id 10f6fe41F7f714c skipped.
2026-05-24 15:26:49,357 - WARNING - Duplicate entry for customer_id d9f860f54bF823e skipped.
2026-05-24 15:26:49,358 - WARNING - Duplicate entry for customer_id aB56cEcDBa37C34 skipped.
2026-05-24 15:26:49,358 - WARNING - Duplicate entry for customer_id b87FD93cE2b0D61 skipped.
2026-05-24 15:26:49,358 - WARNING - Duplicate entry for customer_id 0DC07FbBC85ac2C skipped.
2026-05-24 15:26:49,358 - WARNING - Duplicate entry for customer_id c9c09BdD3c9de1a skipped.
2026-05-24 15:26:49,358 - WARNING - Duplicate entry for customer_id FbcCaF483aFaFAE skipped.
2026-05-24 15:26:49,358 - WARNING - Duplicate entry for customer_id 979c4D58Ae9a9cc skipped.
2026-05-24 15:26:49,359 - WARNING - Duplicate entry for customer_id D0DcF6a4BcefCc8 skipped.
2026-05-24 15:26:49,359 - WARNING - Duplicate entry for customer_id 90EE9CbbDa374E9 skipped.
2026-05-24 15:26:49,359 - WARNING - Duplicate entry for customer_id 51732B5b2328015 skipped.
2026-05-24 15:26:49,359 - INFO - Successfully loaded 0 rows and skipped 1000 duplicate rows.
2026-05-24 15:26:49,359 - INFO - ETL job completed: 0 rows inserted, 1000 duplicate rows skipped.
2026-05-24 15:26:55,573 - INFO - ETL pipeline loading started.
2026-05-24 15:26:55,605 - WARNING - Duplicate entry for customer_id dE014d010c7ab0c skipped.
2026-05-24 15:26:55,606 - WARNING - Duplicate entry for customer_id 2B54172c8b65eC3 skipped.
2026-05-24 15:26:55,606 - WARNING - Duplicate entry for customer_id d794Dd48988d2ac skipped.
2026-05-24 15:26:55,607 - WARNING - Duplicate entry for customer_id 3b3Aa4aCc68f3Be skipped.
2026-05-24 15:26:55,607 - WARNING - Duplicate entry for customer_id D60df62ad2ae41E skipped.
2026-05-24 15:26:55,607 - WARNING - Duplicate entry for customer_id 8aaa5d0CE9ee311 skipped.
2026-05-24 15:26:55,608 - WARNING - Duplicate entry for customer_id 73B22Ac8A43DD1A skipped.
2026-05-24 15:26:55,609 - WARNING - Duplicate entry for customer_id DC94CCd993D311b skipped.
2026-05-24 15:26:55,609 - WARNING - Duplicate entry for customer_id 9Ba746Cb790FED9 skipped.
2026-05-24 15:26:55,610 - WARNING - Duplicate entry for customer_id aAa1EDfaA70DA0c skipped.
2026-05-24 15:26:55,610 - WARNING - Duplicate entry for customer_id bf104C25d0BA4E1 skipped.
2026-05-24 15:26:55,611 - WARNING - Duplicate entry for customer_id bf2fA37cbAd7dDc skipped.
2026-05-24 15:26:55,611 - WARNING - Duplicate entry for customer_id 4fa8ffcdBbf53bB skipped.
2026-05-24 15:26:55,612 - WARNING - Duplicate entry for customer_id aBd960429ecd363 skipped.
2026-05-24 15:26:55,612 - WARNING - Duplicate entry for customer_id 2a0c691Ce19C6f3 skipped.
2026-05-24 15:26:55,613 - WARNING - Duplicate entry for customer_id B58fecf82f997Dd skipped.
2026-05-24 15:26:55,613 - WARNING - Duplicate entry for customer_id 41d0201DcF028b5 skipped.
2026-05-24 15:26:55,613 - WARNING - Duplicate entry for customer_id B1A1b09CD5C3b6a skipped.
2026-05-24 15:26:55,614 - WARNING - Duplicate entry for customer_id ba5a73D210dCcE4 skipped.
2026-05-24 15:26:55,614 - WARNING - Duplicate entry for customer_id F6cD561cecdfA6d skipped.
2026-05-24 15:26:55,615 - WARNING - Duplicate entry for customer_id dEb9310eec04a8D skipped.
2026-05-24 15:26:55,615 - WARNING - Duplicate entry for customer_id ed3894D6DE7F711 skipped.
2026-05-24 15:26:55,615 - WARNING - Duplicate entry for customer_id EFeFaC727F12CDF skipped.
2026-05-24 15:26:55,616 - WARNING - Duplicate entry for customer_id c5CB6C5bFB91fdC skipped.
2026-05-24 15:26:55,616 - WARNING - Duplicate entry for customer_id C30B3E82E8D89cC skipped.
2026-05-24 15:26:55,617 - WARNING - Duplicate entry for customer_id 3d7bE19696ea8Ff skipped.
2026-05-24 15:26:55,617 - WARNING - Duplicate entry for customer_id A093aA90fa014FE skipped.
2026-05-24 15:26:55,617 - WARNING - Duplicate entry for customer_id a470984c5dBfcC4 skipped.
2026-05-24 15:26:55,618 - WARNING - Duplicate entry for customer_id b1d4abfbCb67feE skipped.
2026-05-24 15:26:55,618 - WARNING - Duplicate entry for customer_id d667bCC84Ff45Bb skipped.
2026-05-24 15:26:55,619 - WARNING - Duplicate entry for customer_id Ccb07E00AFf32bA skipped.
2026-05-24 15:26:55,619 - WARNING - Duplicate entry for customer_id bd04F2A7BD4F730 skipped.
2026-05-24 15:26:55,620 - WARNING - Duplicate entry for customer_id f1157011c5eDbEB skipped.
2026-05-24 15:26:55,620 - WARNING - Duplicate entry for customer_id 7c4c673af703a09 skipped.
2026-05-24 15:26:55,620 - WARNING - Duplicate entry for customer_id E7D7e40Cf3A03a2 skipped.
2026-05-24 15:26:55,621 - WARNING - Duplicate entry for customer_id B98BacEebC40DBb skipped.
2026-05-24 15:26:55,621 - WARNING - Duplicate entry for customer_id d1c0dFab10a8383 skipped.
2026-05-24 15:26:55,621 - WARNING - Duplicate entry for customer_id f21D2faCa0760A8 skipped.
2026-05-24 15:26:55,622 - WARNING - Duplicate entry for customer_id 11F97CBDd2C8de9 skipped.
2026-05-24 15:26:55,622 - WARNING - Duplicate entry for customer_id BEBA4fDAA6C4adC skipped.
2026-05-24 15:26:55,622 - WARNING - Duplicate entry for customer_id 0F2E0b5850404A8 skipped.
2026-05-24 15:26:55,623 - WARNING - Duplicate entry for customer_id 6fF3de1DDbeAaE9 skipped.
2026-05-24 15:26:55,623 - WARNING - Duplicate entry for customer_id bcE2C6eaAa1d53c skipped.
2026-05-24 15:26:55,623 - WARNING - Duplicate entry for customer_id fb0eaBDA955AE79 skipped.
2026-05-24 15:26:55,623 - WARNING - Duplicate entry for customer_id 1cE4BEcB6F2D2C3 skipped.
2026-05-24 15:26:55,624 - WARNING - Duplicate entry for customer_id 37a20bF88deF55D skipped.
2026-05-24 15:26:55,624 - WARNING - Duplicate entry for customer_id EE9381bAEbac1eA skipped.
2026-05-24 15:26:55,624 - WARNING - Duplicate entry for customer_id 7008F9538b6e3e4 skipped.
2026-05-24 15:26:55,625 - WARNING - Duplicate entry for customer_id e6D85CcfDE7ABEd skipped.
2026-05-24 15:26:55,625 - WARNING - Duplicate entry for customer_id 815D27672C2Ba6d skipped.
2026-05-24 15:26:55,625 - WARNING - Duplicate entry for customer_id bc9e98FC8e31fB2 skipped.
2026-05-24 15:26:55,626 - WARNING - Duplicate entry for customer_id 06c9e9caEBf539F skipped.
2026-05-24 15:26:55,626 - WARNING - Duplicate entry for customer_id D02c86e781bA06f skipped.
2026-05-24 15:26:55,626 - WARNING - Duplicate entry for customer_id 846D8B34aba64a6 skipped.
2026-05-24 15:26:55,626 - WARNING - Duplicate entry for customer_id 305B77b17f60849 skipped.
2026-05-24 15:26:55,627 - WARNING - Duplicate entry for customer_id 610e5F3baCbd25c skipped.
2026-05-24 15:26:55,627 - WARNING - Duplicate entry for customer_id 9F0EbC3b678ad6B skipped.
2026-05-24 15:26:55,627 - WARNING - Duplicate entry for customer_id 82dDB5e20CAA2Ce skipped.
2026-05-24 15:26:55,628 - WARNING - Duplicate entry for customer_id b78002FEFF5a860 skipped.
2026-05-24 15:26:55,628 - WARNING - Duplicate entry for customer_id dFe34eAb8614AC0 skipped.
2026-05-24 15:26:55,628 - WARNING - Duplicate entry for customer_id aB3351247D3fCD8 skipped.
2026-05-24 15:26:55,628 - WARNING - Duplicate entry for customer_id 56Df40b19e3c71f skipped.
2026-05-24 15:26:55,629 - WARNING - Duplicate entry for customer_id 06CF1Fcd5863dF6 skipped.
2026-05-24 15:26:55,629 - WARNING - Duplicate entry for customer_id 5DcB42c2f8fBfb5 skipped.
2026-05-24 15:26:55,629 - WARNING - Duplicate entry for customer_id E3F8a6D1033a2FE skipped.
2026-05-24 15:26:55,629 - WARNING - Duplicate entry for customer_id DA7b906C5aF71d5 skipped.
2026-05-24 15:26:55,630 - WARNING - Duplicate entry for customer_id ccD94BbaEDBBf9E skipped.
2026-05-24 15:26:55,630 - WARNING - Duplicate entry for customer_id 41C1B4D2C5b91B7 skipped.
2026-05-24 15:26:55,630 - WARNING - Duplicate entry for customer_id ee5235bbf2A66ef skipped.
2026-05-24 15:26:55,630 - WARNING - Duplicate entry for customer_id 2413aA72C4DEadF skipped.
2026-05-24 15:26:55,631 - WARNING - Duplicate entry for customer_id BA1F1A8E7fccb74 skipped.
2026-05-24 15:26:55,631 - WARNING - Duplicate entry for customer_id 43EB011d4A5af36 skipped.
2026-05-24 15:26:55,631 - WARNING - Duplicate entry for customer_id DDCCa6daDFBAFbc skipped.
2026-05-24 15:26:55,631 - WARNING - Duplicate entry for customer_id 024a3d8Df5abFE9 skipped.
2026-05-24 15:26:55,632 - WARNING - Duplicate entry for customer_id 6367E110ccF7c2B skipped.
2026-05-24 15:26:55,632 - WARNING - Duplicate entry for customer_id 6BdF3DBf9BcD353 skipped.
2026-05-24 15:26:55,632 - WARNING - Duplicate entry for customer_id 3e34e04B7F7b76d skipped.
2026-05-24 15:26:55,632 - WARNING - Duplicate entry for customer_id ec3cD83Be620f62 skipped.
2026-05-24 15:26:55,633 - WARNING - Duplicate entry for customer_id 4DD0C3a8a2f3D8e skipped.
2026-05-24 15:26:55,633 - WARNING - Duplicate entry for customer_id 0EcdF5f157A10BE skipped.
2026-05-24 15:26:55,633 - WARNING - Duplicate entry for customer_id 61AD5B1099Db9d0 skipped.
2026-05-24 15:26:55,633 - WARNING - Duplicate entry for customer_id fD7FbF8BA88Fff8 skipped.
2026-05-24 15:26:55,633 - WARNING - Duplicate entry for customer_id 2bcF27a9daa2EAA skipped.
2026-05-24 15:26:55,634 - WARNING - Duplicate entry for customer_id 12Bb4Ba2cB52B89 skipped.
2026-05-24 15:26:55,634 - WARNING - Duplicate entry for customer_id eb8Abc5DB466797 skipped.
2026-05-24 15:26:55,634 - WARNING - Duplicate entry for customer_id 8799Bb0d0eF9F7b skipped.
2026-05-24 15:26:55,634 - WARNING - Duplicate entry for customer_id 483E29cf4aC5A4D skipped.
2026-05-24 15:26:55,635 - WARNING - Duplicate entry for customer_id 37E3234CC7F8da4 skipped.
2026-05-24 15:26:55,635 - WARNING - Duplicate entry for customer_id 2D0F54Cc8D96Ad0 skipped.
2026-05-24 15:26:55,635 - WARNING - Duplicate entry for customer_id CeDC6A5ED20dA29 skipped.
2026-05-24 15:26:55,635 - WARNING - Duplicate entry for customer_id eE5F91Bf27BE6DC skipped.
2026-05-24 15:26:55,636 - WARNING - Duplicate entry for customer_id aFbCcfBCbeff540 skipped.
2026-05-24 15:26:55,636 - WARNING - Duplicate entry for customer_id 5fb7F35e6Db8e5a skipped.
2026-05-24 15:26:55,636 - WARNING - Duplicate entry for customer_id 60d62d8Dbb23C3B skipped.
2026-05-24 15:26:55,636 - WARNING - Duplicate entry for customer_id e9eFc5d60ddc3ec skipped.
2026-05-24 15:26:55,636 - WARNING - Duplicate entry for customer_id ad8F5957EdADB7e skipped.
2026-05-24 15:26:55,637 - WARNING - Duplicate entry for customer_id a3FdF7Ae5E60BaD skipped.
2026-05-24 15:26:55,637 - WARNING - Duplicate entry for customer_id eA4F6CB2ADEBF6d skipped.
2026-05-24 15:26:55,637 - WARNING - Duplicate entry for customer_id feCfE5fCc4abeEd skipped.
2026-05-24 15:26:55,637 - WARNING - Duplicate entry for customer_id 774623BCD6f9BB8 skipped.
2026-05-24 15:26:55,637 - WARNING - Duplicate entry for customer_id Db752CCa4aCfd9E skipped.
2026-05-24 15:26:55,638 - WARNING - Duplicate entry for customer_id 7a0CFf01cCBcA01 skipped.
2026-05-24 15:26:55,638 - WARNING - Duplicate entry for customer_id Be9d5701bDCd1aa skipped.
2026-05-24 15:26:55,638 - WARNING - Duplicate entry for customer_id Fd67d4aDf749FE5 skipped.
2026-05-24 15:26:55,638 - WARNING - Duplicate entry for customer_id 8b7C8Ffe256FBFb skipped.
2026-05-24 15:26:55,638 - WARNING - Duplicate entry for customer_id 983Dad40cbcBf18 skipped.
2026-05-24 15:26:55,639 - WARNING - Duplicate entry for customer_id 3eD61CdD0B672Fc skipped.
2026-05-24 15:26:55,639 - WARNING - Duplicate entry for customer_id Bd6deeDc10eD051 skipped.
2026-05-24 15:26:55,639 - WARNING - Duplicate entry for customer_id 7A0AeedaE28Ce67 skipped.
2026-05-24 15:26:55,639 - WARNING - Duplicate entry for customer_id 822aaF7B5f2CDce skipped.
2026-05-24 15:26:55,639 - WARNING - Duplicate entry for customer_id a6d9bE38B614721 skipped.
2026-05-24 15:26:55,639 - WARNING - Duplicate entry for customer_id F03BC8cDe64cFCa skipped.
2026-05-24 15:26:55,640 - WARNING - Duplicate entry for customer_id 1f239d0e0b92118 skipped.
2026-05-24 15:26:55,640 - WARNING - Duplicate entry for customer_id 39a6DeEEbbeF8E6 skipped.
2026-05-24 15:26:55,640 - WARNING - Duplicate entry for customer_id d3905aAEeB7eF7b skipped.
2026-05-24 15:26:55,640 - WARNING - Duplicate entry for customer_id FD21f4cce8C062f skipped.
2026-05-24 15:26:55,640 - WARNING - Duplicate entry for customer_id BBA47d60EAb3EAB skipped.
2026-05-24 15:26:55,640 - WARNING - Duplicate entry for customer_id C90EdA7b802D82b skipped.
2026-05-24 15:26:55,641 - WARNING - Duplicate entry for customer_id f02B9FbEb8Bebda skipped.
2026-05-24 15:26:55,641 - WARNING - Duplicate entry for customer_id 99b8c488a575a4D skipped.
2026-05-24 15:26:55,641 - WARNING - Duplicate entry for customer_id C3AFdd623C0FbDA skipped.
2026-05-24 15:26:55,641 - WARNING - Duplicate entry for customer_id 5cA80623F6C75de skipped.
2026-05-24 15:26:55,641 - WARNING - Duplicate entry for customer_id C0E2ab2e71A490E skipped.
2026-05-24 15:26:55,641 - WARNING - Duplicate entry for customer_id AAEfB9E5c86ab72 skipped.
2026-05-24 15:26:55,642 - WARNING - Duplicate entry for customer_id A4F4f2DBB7C8aBf skipped.
2026-05-24 15:26:55,642 - WARNING - Duplicate entry for customer_id 5Cc3bd1D1d6BFd8 skipped.
2026-05-24 15:26:55,642 - WARNING - Duplicate entry for customer_id F156f75eFb91b3a skipped.
2026-05-24 15:26:55,642 - WARNING - Duplicate entry for customer_id 0Cfd5DbB2cBDfc3 skipped.
2026-05-24 15:26:55,642 - WARNING - Duplicate entry for customer_id 303B081aaFc8237 skipped.
2026-05-24 15:26:55,643 - WARNING - Duplicate entry for customer_id 0c7B750FeEabe41 skipped.
2026-05-24 15:26:55,643 - WARNING - Duplicate entry for customer_id 944aAa8b8F1A180 skipped.
2026-05-24 15:26:55,643 - WARNING - Duplicate entry for customer_id ffc96A6EDB33EFf skipped.
2026-05-24 15:26:55,643 - WARNING - Duplicate entry for customer_id 82b94ddcC7B4FC8 skipped.
2026-05-24 15:26:55,643 - WARNING - Duplicate entry for customer_id A3568fE8Cb3b386 skipped.
2026-05-24 15:26:55,643 - WARNING - Duplicate entry for customer_id cef51DAE28Fe1D6 skipped.
2026-05-24 15:26:55,644 - WARNING - Duplicate entry for customer_id D2E7cfCDF4D2fB7 skipped.
2026-05-24 15:26:55,644 - WARNING - Duplicate entry for customer_id Cbcd22e7bCd74e3 skipped.
2026-05-24 15:26:55,644 - WARNING - Duplicate entry for customer_id 89c66c41c0D791d skipped.
2026-05-24 15:26:55,644 - WARNING - Duplicate entry for customer_id E31833D3D9DbCDD skipped.
2026-05-24 15:26:55,644 - WARNING - Duplicate entry for customer_id 4032A3C28aaC8c5 skipped.
2026-05-24 15:26:55,644 - WARNING - Duplicate entry for customer_id 90Ed6bc0d1e173C skipped.
2026-05-24 15:26:55,645 - WARNING - Duplicate entry for customer_id 1FbEcaef8fACcCA skipped.
2026-05-24 15:26:55,645 - WARNING - Duplicate entry for customer_id 8Cd9bf1B1AD1Edf skipped.
2026-05-24 15:26:55,645 - WARNING - Duplicate entry for customer_id fDFD6419383D4c8 skipped.
2026-05-24 15:26:55,645 - WARNING - Duplicate entry for customer_id 540b59Cc2a2aFd4 skipped.
2026-05-24 15:26:55,645 - WARNING - Duplicate entry for customer_id 2AFBB914C4fACa9 skipped.
2026-05-24 15:26:55,645 - WARNING - Duplicate entry for customer_id 85Cdd16ADD6dCa5 skipped.
2026-05-24 15:26:55,646 - WARNING - Duplicate entry for customer_id EF5858dEe5f7649 skipped.
2026-05-24 15:26:55,646 - WARNING - Duplicate entry for customer_id C1574306202Eb8e skipped.
2026-05-24 15:26:55,646 - WARNING - Duplicate entry for customer_id 4f108ceFb9b386d skipped.
2026-05-24 15:26:55,646 - WARNING - Duplicate entry for customer_id 12B5834e77F67a6 skipped.
2026-05-24 15:26:55,646 - WARNING - Duplicate entry for customer_id 9b50c8d8AA8Aeb1 skipped.
2026-05-24 15:26:55,646 - WARNING - Duplicate entry for customer_id BB6B8ebDD22eBEE skipped.
2026-05-24 15:26:55,647 - WARNING - Duplicate entry for customer_id 1D7A12b13AAd4FB skipped.
2026-05-24 15:26:55,647 - WARNING - Duplicate entry for customer_id 234891e3dAC0dF9 skipped.
2026-05-24 15:26:55,647 - WARNING - Duplicate entry for customer_id 747B4F80e0048C2 skipped.
2026-05-24 15:26:55,647 - WARNING - Duplicate entry for customer_id de81E89d4a938f0 skipped.
2026-05-24 15:26:55,647 - WARNING - Duplicate entry for customer_id E99c32a01Fd3Fd1 skipped.
2026-05-24 15:26:55,648 - WARNING - Duplicate entry for customer_id 57234838A0aD5F4 skipped.
2026-05-24 15:26:55,648 - WARNING - Duplicate entry for customer_id C45b1BE6266c8DA skipped.
2026-05-24 15:26:55,648 - WARNING - Duplicate entry for customer_id 2d1cdFa63e6F54c skipped.
2026-05-24 15:26:55,648 - WARNING - Duplicate entry for customer_id 333f3F9A9222E1a skipped.
2026-05-24 15:26:55,648 - WARNING - Duplicate entry for customer_id 846dBfEBB68Bb3E skipped.
2026-05-24 15:26:55,648 - WARNING - Duplicate entry for customer_id 25A8883aDb70dEf skipped.
2026-05-24 15:26:55,649 - WARNING - Duplicate entry for customer_id d8Cd94028074AFD skipped.
2026-05-24 15:26:55,649 - WARNING - Duplicate entry for customer_id 90fc05Eefaa4AE0 skipped.
2026-05-24 15:26:55,649 - WARNING - Duplicate entry for customer_id Fc8bdf1329ce090 skipped.
2026-05-24 15:26:55,649 - WARNING - Duplicate entry for customer_id 3a7836DbB6347AC skipped.
2026-05-24 15:26:55,649 - WARNING - Duplicate entry for customer_id 7F2ceBFc5eBE80A skipped.
2026-05-24 15:26:55,649 - WARNING - Duplicate entry for customer_id 06328dB77db6D9D skipped.
2026-05-24 15:26:55,650 - WARNING - Duplicate entry for customer_id 337649Ab3CaDFb7 skipped.
2026-05-24 15:26:55,650 - WARNING - Duplicate entry for customer_id cfC4Cf6Febff0dB skipped.
2026-05-24 15:26:55,650 - WARNING - Duplicate entry for customer_id F7d3Ce1c250cbCf skipped.
2026-05-24 15:26:55,650 - WARNING - Duplicate entry for customer_id 9D65c9EaF3d120E skipped.
2026-05-24 15:26:55,650 - WARNING - Duplicate entry for customer_id E63e09cbA7618Ad skipped.
2026-05-24 15:26:55,650 - WARNING - Duplicate entry for customer_id 84cACb9DF8CFa06 skipped.
2026-05-24 15:26:55,651 - WARNING - Duplicate entry for customer_id 5D74Db6C837AACd skipped.
2026-05-24 15:26:55,651 - WARNING - Duplicate entry for customer_id F878fF2E97BC2Ef skipped.
2026-05-24 15:26:55,651 - WARNING - Duplicate entry for customer_id bDD2ebC2Bb4EfeD skipped.
2026-05-24 15:26:55,651 - WARNING - Duplicate entry for customer_id A5Cd45CD6FEe5A2 skipped.
2026-05-24 15:26:55,651 - WARNING - Duplicate entry for customer_id 8BABDb31B26eBe3 skipped.
2026-05-24 15:26:55,651 - WARNING - Duplicate entry for customer_id 83DE9dee8ed3B72 skipped.
2026-05-24 15:26:55,652 - WARNING - Duplicate entry for customer_id d4aACF5b785daaF skipped.
2026-05-24 15:26:55,652 - WARNING - Duplicate entry for customer_id 9193A4C5a8Cd335 skipped.
2026-05-24 15:26:55,652 - WARNING - Duplicate entry for customer_id edF0eDC8D61ABBe skipped.
2026-05-24 15:26:55,652 - WARNING - Duplicate entry for customer_id F58a977a2cE01E5 skipped.
2026-05-24 15:26:55,652 - WARNING - Duplicate entry for customer_id a45Cd8423E56A7a skipped.
2026-05-24 15:26:55,652 - WARNING - Duplicate entry for customer_id 4EA2fe116fb3EB5 skipped.
2026-05-24 15:26:55,653 - WARNING - Duplicate entry for customer_id ccC3b8ae049544D skipped.
2026-05-24 15:26:55,653 - WARNING - Duplicate entry for customer_id 33bC91cd5EEB5DC skipped.
2026-05-24 15:26:55,653 - WARNING - Duplicate entry for customer_id 5A375fc846cE010 skipped.
2026-05-24 15:26:55,653 - WARNING - Duplicate entry for customer_id DC5AcF32E413E3E skipped.
2026-05-24 15:26:55,653 - WARNING - Duplicate entry for customer_id c0B71AddCF5AcE4 skipped.
2026-05-24 15:26:55,653 - WARNING - Duplicate entry for customer_id 44dC6C8Ca4f0a90 skipped.
2026-05-24 15:26:55,654 - WARNING - Duplicate entry for customer_id 657eA09240Bd02A skipped.
2026-05-24 15:26:55,654 - WARNING - Duplicate entry for customer_id 6d0d8Fbf5b2D7bC skipped.
2026-05-24 15:26:55,654 - WARNING - Duplicate entry for customer_id 53B158FcccFF74c skipped.
2026-05-24 15:26:55,654 - WARNING - Duplicate entry for customer_id a8FfE4fbd7910b9 skipped.
2026-05-24 15:26:55,654 - WARNING - Duplicate entry for customer_id 7fB6124FC680839 skipped.
2026-05-24 15:26:55,654 - WARNING - Duplicate entry for customer_id dDfcEc72F9C2EE2 skipped.
2026-05-24 15:26:55,655 - WARNING - Duplicate entry for customer_id 46da39f97fAF05f skipped.
2026-05-24 15:26:55,655 - WARNING - Duplicate entry for customer_id B557b025a4712A7 skipped.
2026-05-24 15:26:55,655 - WARNING - Duplicate entry for customer_id EAc7eFFfAB5c6F0 skipped.
2026-05-24 15:26:55,655 - WARNING - Duplicate entry for customer_id e03f14D59F512A9 skipped.
2026-05-24 15:26:55,655 - WARNING - Duplicate entry for customer_id CEa5C35aEaF44CF skipped.
2026-05-24 15:26:55,655 - WARNING - Duplicate entry for customer_id BE3c6CC4B8b58ac skipped.
2026-05-24 15:26:55,656 - WARNING - Duplicate entry for customer_id eD6bdfeF85Afe01 skipped.
2026-05-24 15:26:55,656 - WARNING - Duplicate entry for customer_id 3D60AEa0bAd4fcD skipped.
2026-05-24 15:26:55,656 - WARNING - Duplicate entry for customer_id 7E9b016a452809a skipped.
2026-05-24 15:26:55,656 - WARNING - Duplicate entry for customer_id C75d32ACd9E04f2 skipped.
2026-05-24 15:26:55,656 - WARNING - Duplicate entry for customer_id 2bf6d8FA82ff41e skipped.
2026-05-24 15:26:55,656 - WARNING - Duplicate entry for customer_id B2ec81f6e1C5AAF skipped.
2026-05-24 15:26:55,657 - WARNING - Duplicate entry for customer_id 343bfaCa1c6cf20 skipped.
2026-05-24 15:26:55,657 - WARNING - Duplicate entry for customer_id e1BbBb2ebBd4c4f skipped.
2026-05-24 15:26:55,657 - WARNING - Duplicate entry for customer_id cC0fFa66c619Ec8 skipped.
2026-05-24 15:26:55,657 - WARNING - Duplicate entry for customer_id cE7C6adCc0eA8ea skipped.
2026-05-24 15:26:55,657 - WARNING - Duplicate entry for customer_id 6d8aa560CE110Dc skipped.
2026-05-24 15:26:55,657 - WARNING - Duplicate entry for customer_id CF35dAbc52F2445 skipped.
2026-05-24 15:26:55,658 - WARNING - Duplicate entry for customer_id 12b63e4656a94BD skipped.
2026-05-24 15:26:55,658 - WARNING - Duplicate entry for customer_id 1a94Daeb8ecf5Dc skipped.
2026-05-24 15:26:55,658 - WARNING - Duplicate entry for customer_id fCCC17cffd8347b skipped.
2026-05-24 15:26:55,658 - WARNING - Duplicate entry for customer_id feF0F4a69aC9e93 skipped.
2026-05-24 15:26:55,658 - WARNING - Duplicate entry for customer_id 5fC5f9CCEF2DcA8 skipped.
2026-05-24 15:26:55,658 - WARNING - Duplicate entry for customer_id A449EaabD6a2Ffb skipped.
2026-05-24 15:26:55,659 - WARNING - Duplicate entry for customer_id 2bCCbaeaFfBe264 skipped.
2026-05-24 15:26:55,659 - WARNING - Duplicate entry for customer_id 67b2CF189EcFb5b skipped.
2026-05-24 15:26:55,659 - WARNING - Duplicate entry for customer_id f4d401cf9Ad1bea skipped.
2026-05-24 15:26:55,659 - WARNING - Duplicate entry for customer_id 4F158BB4FFB3Cdd skipped.
2026-05-24 15:26:55,659 - WARNING - Duplicate entry for customer_id A205c4fDc4AeD44 skipped.
2026-05-24 15:26:55,659 - WARNING - Duplicate entry for customer_id E51249bCaC2D3C0 skipped.
2026-05-24 15:26:55,660 - WARNING - Duplicate entry for customer_id 4ae3d1e39eBA622 skipped.
2026-05-24 15:26:55,660 - WARNING - Duplicate entry for customer_id 6f65C6ea02BDadF skipped.
2026-05-24 15:26:55,660 - WARNING - Duplicate entry for customer_id A998A4F98474F3B skipped.
2026-05-24 15:26:55,660 - WARNING - Duplicate entry for customer_id 8F7ba1BA4fbCa78 skipped.
2026-05-24 15:26:55,660 - WARNING - Duplicate entry for customer_id 6F2de1a7EdE2a53 skipped.
2026-05-24 15:26:55,660 - WARNING - Duplicate entry for customer_id eF2fec28b643Ecc skipped.
2026-05-24 15:26:55,660 - WARNING - Duplicate entry for customer_id 29C5Aa7D394F650 skipped.
2026-05-24 15:26:55,661 - WARNING - Duplicate entry for customer_id A1cFceb6Ab52BA2 skipped.
2026-05-24 15:26:55,661 - WARNING - Duplicate entry for customer_id db7D54e0ABF87C2 skipped.
2026-05-24 15:26:55,661 - WARNING - Duplicate entry for customer_id bB69ADCd6AdD5F7 skipped.
2026-05-24 15:26:55,661 - WARNING - Duplicate entry for customer_id 2b6af79868F386f skipped.
2026-05-24 15:26:55,661 - WARNING - Duplicate entry for customer_id dEc837d5F13C1ed skipped.
2026-05-24 15:26:55,662 - WARNING - Duplicate entry for customer_id 828C734a81bBf4B skipped.
2026-05-24 15:26:55,662 - WARNING - Duplicate entry for customer_id 8bB5Eed0daFEeb5 skipped.
2026-05-24 15:26:55,662 - WARNING - Duplicate entry for customer_id DDfd0EEF4B46Eb3 skipped.
2026-05-24 15:26:55,662 - WARNING - Duplicate entry for customer_id BeDABcE5dbCa239 skipped.
2026-05-24 15:26:55,662 - WARNING - Duplicate entry for customer_id 57Fb161EEb1C9Ea skipped.
2026-05-24 15:26:55,662 - WARNING - Duplicate entry for customer_id b9006D3c9cEeFef skipped.
2026-05-24 15:26:55,663 - WARNING - Duplicate entry for customer_id EF0B773aE00C2dc skipped.
2026-05-24 15:26:55,663 - WARNING - Duplicate entry for customer_id aD8Db76dA126dFB skipped.
2026-05-24 15:26:55,663 - WARNING - Duplicate entry for customer_id b8fCA4DbB790ddA skipped.
2026-05-24 15:26:55,663 - WARNING - Duplicate entry for customer_id ebDeea2d7ceA4A8 skipped.
2026-05-24 15:26:55,663 - WARNING - Duplicate entry for customer_id BdBF790f2DB42FE skipped.
2026-05-24 15:26:55,664 - WARNING - Duplicate entry for customer_id 5B789BA48f72Cd2 skipped.
2026-05-24 15:26:55,664 - WARNING - Duplicate entry for customer_id bbd714cFdfDD3DD skipped.
2026-05-24 15:26:55,664 - WARNING - Duplicate entry for customer_id cf01fCEFeABD468 skipped.
2026-05-24 15:26:55,664 - WARNING - Duplicate entry for customer_id D7BbB33Be1FC539 skipped.
2026-05-24 15:26:55,664 - WARNING - Duplicate entry for customer_id D16609fed9fEC2d skipped.
2026-05-24 15:26:55,664 - WARNING - Duplicate entry for customer_id aF03B4cFc6c05C8 skipped.
2026-05-24 15:26:55,665 - WARNING - Duplicate entry for customer_id AdaaB43FFccaB0d skipped.
2026-05-24 15:26:55,665 - WARNING - Duplicate entry for customer_id 73fAFf3C782aa7D skipped.
2026-05-24 15:26:55,665 - WARNING - Duplicate entry for customer_id f21a28E24EDfCa3 skipped.
2026-05-24 15:26:55,665 - WARNING - Duplicate entry for customer_id c7838eEacAac61E skipped.
2026-05-24 15:26:55,665 - WARNING - Duplicate entry for customer_id d3eAc0663BA3dcA skipped.
2026-05-24 15:26:55,665 - WARNING - Duplicate entry for customer_id B3b629eDc47eD22 skipped.
2026-05-24 15:26:55,666 - WARNING - Duplicate entry for customer_id Cf1C67B4bf71090 skipped.
2026-05-24 15:26:55,666 - WARNING - Duplicate entry for customer_id 7C8DA410a370aa8 skipped.
2026-05-24 15:26:55,666 - WARNING - Duplicate entry for customer_id b500ecAa2d630f2 skipped.
2026-05-24 15:26:55,666 - WARNING - Duplicate entry for customer_id df8F2Ec3cC9412e skipped.
2026-05-24 15:26:55,666 - WARNING - Duplicate entry for customer_id EC9eD68ff2Eb4f4 skipped.
2026-05-24 15:26:55,667 - WARNING - Duplicate entry for customer_id CEcCBaC64cCae6a skipped.
2026-05-24 15:26:55,667 - WARNING - Duplicate entry for customer_id e45e5fd046d6D3c skipped.
2026-05-24 15:26:55,667 - WARNING - Duplicate entry for customer_id 47097Ec9f8C15ea skipped.
2026-05-24 15:26:55,667 - WARNING - Duplicate entry for customer_id c9ea1cBBCe212c1 skipped.
2026-05-24 15:26:55,667 - WARNING - Duplicate entry for customer_id bCAd9c26D85A9F6 skipped.
2026-05-24 15:26:55,667 - WARNING - Duplicate entry for customer_id AEC4aBbF2AbEe3F skipped.
2026-05-24 15:26:55,668 - WARNING - Duplicate entry for customer_id cFac8Afa1A4D08c skipped.
2026-05-24 15:26:55,668 - WARNING - Duplicate entry for customer_id dDf25B8D5b9cC14 skipped.
2026-05-24 15:26:55,668 - WARNING - Duplicate entry for customer_id cBd7C9C9D2c09Fc skipped.
2026-05-24 15:26:55,668 - WARNING - Duplicate entry for customer_id 57b374c72b5C7F5 skipped.
2026-05-24 15:26:55,668 - WARNING - Duplicate entry for customer_id D48bd5f8cCc2339 skipped.
2026-05-24 15:26:55,668 - WARNING - Duplicate entry for customer_id e5cC6aa0B9F6b68 skipped.
2026-05-24 15:26:55,669 - WARNING - Duplicate entry for customer_id 7CdC7Bf06ABB6Bf skipped.
2026-05-24 15:26:55,669 - WARNING - Duplicate entry for customer_id 6841639B9B36D74 skipped.
2026-05-24 15:26:55,669 - WARNING - Duplicate entry for customer_id aB3D07AEe2FE75f skipped.
2026-05-24 15:26:55,669 - WARNING - Duplicate entry for customer_id edF0BCbaf41d20A skipped.
2026-05-24 15:26:55,669 - WARNING - Duplicate entry for customer_id BE210AEfc6f1105 skipped.
2026-05-24 15:26:55,669 - WARNING - Duplicate entry for customer_id 52B62a129E1515d skipped.
2026-05-24 15:26:55,670 - WARNING - Duplicate entry for customer_id 50d2e71E5Cf30DD skipped.
2026-05-24 15:26:55,670 - WARNING - Duplicate entry for customer_id 1BEC50dC5EACb1f skipped.
2026-05-24 15:26:55,670 - WARNING - Duplicate entry for customer_id BB6806cd1bED6e1 skipped.
2026-05-24 15:26:55,670 - WARNING - Duplicate entry for customer_id a476fE05DE4fe4f skipped.
2026-05-24 15:26:55,670 - WARNING - Duplicate entry for customer_id 79Ace6A23BEED5d skipped.
2026-05-24 15:26:55,670 - WARNING - Duplicate entry for customer_id bbeCA50ff989fC6 skipped.
2026-05-24 15:26:55,671 - WARNING - Duplicate entry for customer_id BDED6da71e0fF2f skipped.
2026-05-24 15:26:55,671 - WARNING - Duplicate entry for customer_id 7C87BCEf12CB8Ba skipped.
2026-05-24 15:26:55,671 - WARNING - Duplicate entry for customer_id 13ABe9a890afba0 skipped.
2026-05-24 15:26:55,671 - WARNING - Duplicate entry for customer_id F02BecbDbCCc59f skipped.
2026-05-24 15:26:55,671 - WARNING - Duplicate entry for customer_id f09df5de7A2CD82 skipped.
2026-05-24 15:26:55,671 - WARNING - Duplicate entry for customer_id 06e2CC6b2D5aD69 skipped.
2026-05-24 15:26:55,672 - WARNING - Duplicate entry for customer_id 9446Eb5Ae23062D skipped.
2026-05-24 15:26:55,672 - WARNING - Duplicate entry for customer_id bAb7b742456Bf2e skipped.
2026-05-24 15:26:55,672 - WARNING - Duplicate entry for customer_id EAB04AAd86319cF skipped.
2026-05-24 15:26:55,672 - WARNING - Duplicate entry for customer_id 4a219E8afe2F6cb skipped.
2026-05-24 15:26:55,672 - WARNING - Duplicate entry for customer_id 0eeC8874c3cfEE5 skipped.
2026-05-24 15:26:55,672 - WARNING - Duplicate entry for customer_id 09ccbfbdDD6f9c8 skipped.
2026-05-24 15:26:55,673 - WARNING - Duplicate entry for customer_id C0eA15D68D551b3 skipped.
2026-05-24 15:26:55,673 - WARNING - Duplicate entry for customer_id eCEEbab57beeecF skipped.
2026-05-24 15:26:55,673 - WARNING - Duplicate entry for customer_id Ab150a0eC9eE5Ce skipped.
2026-05-24 15:26:55,673 - WARNING - Duplicate entry for customer_id 061Dd3953AC0350 skipped.
2026-05-24 15:26:55,673 - WARNING - Duplicate entry for customer_id e72615CbCAfD23f skipped.
2026-05-24 15:26:55,673 - WARNING - Duplicate entry for customer_id dEbA4c280C2BC4c skipped.
2026-05-24 15:26:55,674 - WARNING - Duplicate entry for customer_id B49A38a0E3636dD skipped.
2026-05-24 15:26:55,674 - WARNING - Duplicate entry for customer_id aC8125126392EF6 skipped.
2026-05-24 15:26:55,674 - WARNING - Duplicate entry for customer_id 72B5a2ddE4EF5d0 skipped.
2026-05-24 15:26:55,674 - WARNING - Duplicate entry for customer_id F26EA73B2B0D680 skipped.
2026-05-24 15:26:55,674 - WARNING - Duplicate entry for customer_id F4b4dCF1DEcdB3A skipped.
2026-05-24 15:26:55,674 - WARNING - Duplicate entry for customer_id 99CFEd2a16AFA1D skipped.
2026-05-24 15:26:55,675 - WARNING - Duplicate entry for customer_id BFB7C3A44Dd1e9e skipped.
2026-05-24 15:26:55,675 - WARNING - Duplicate entry for customer_id b7C9e51d3aF5B6B skipped.
2026-05-24 15:26:55,675 - WARNING - Duplicate entry for customer_id d64895790A96b26 skipped.
2026-05-24 15:26:55,675 - WARNING - Duplicate entry for customer_id 15892ECFb9BeBd3 skipped.
2026-05-24 15:26:55,675 - WARNING - Duplicate entry for customer_id 85fE9bc7A71dCB9 skipped.
2026-05-24 15:26:55,675 - WARNING - Duplicate entry for customer_id c9Bb9740d8CEcAb skipped.
2026-05-24 15:26:55,676 - WARNING - Duplicate entry for customer_id EdaCbdd53cbCEeC skipped.
2026-05-24 15:26:55,676 - WARNING - Duplicate entry for customer_id addC6FdeBB8Cc31 skipped.
2026-05-24 15:26:55,676 - WARNING - Duplicate entry for customer_id aDd1631F795BFDB skipped.
2026-05-24 15:26:55,676 - WARNING - Duplicate entry for customer_id 77D767dbb3f1477 skipped.
2026-05-24 15:26:55,676 - WARNING - Duplicate entry for customer_id 7b7A3BaF1d132C2 skipped.
2026-05-24 15:26:55,676 - WARNING - Duplicate entry for customer_id 55182Fe83475b8A skipped.
2026-05-24 15:26:55,677 - WARNING - Duplicate entry for customer_id 31f87aAa0c99Ef1 skipped.
2026-05-24 15:26:55,677 - WARNING - Duplicate entry for customer_id 9EcEB3dfcABc16D skipped.
2026-05-24 15:26:55,677 - WARNING - Duplicate entry for customer_id d3bBF1aAF4ab92a skipped.
2026-05-24 15:26:55,677 - WARNING - Duplicate entry for customer_id 5dD77A41eEf6fCe skipped.
2026-05-24 15:26:55,677 - WARNING - Duplicate entry for customer_id c292742ce78695f skipped.
2026-05-24 15:26:55,677 - WARNING - Duplicate entry for customer_id 88efB789aF1eAE5 skipped.
2026-05-24 15:26:55,678 - WARNING - Duplicate entry for customer_id aD4Cf0BF6c3e2bb skipped.
2026-05-24 15:26:55,678 - WARNING - Duplicate entry for customer_id Ce330c8e3a46aF9 skipped.
2026-05-24 15:26:55,678 - WARNING - Duplicate entry for customer_id DB9fe0FB818Aba6 skipped.
2026-05-24 15:26:55,678 - WARNING - Duplicate entry for customer_id 8Df6A40b14badC0 skipped.
2026-05-24 15:26:55,678 - WARNING - Duplicate entry for customer_id E4C15dF29d5f9e6 skipped.
2026-05-24 15:26:55,678 - WARNING - Duplicate entry for customer_id Df6c56F8bFac68B skipped.
2026-05-24 15:26:55,679 - WARNING - Duplicate entry for customer_id fc0Af8936A663F1 skipped.
2026-05-24 15:26:55,679 - WARNING - Duplicate entry for customer_id 8CBa883abAbF420 skipped.
2026-05-24 15:26:55,679 - WARNING - Duplicate entry for customer_id DbCE25a327a0b3F skipped.
2026-05-24 15:26:55,679 - WARNING - Duplicate entry for customer_id Cbd8d5e5ff4aFAe skipped.
2026-05-24 15:26:55,679 - WARNING - Duplicate entry for customer_id cADa7b0B4A1B03c skipped.
2026-05-24 15:26:55,679 - WARNING - Duplicate entry for customer_id d6Fb4FFbee8D4A5 skipped.
2026-05-24 15:26:55,680 - WARNING - Duplicate entry for customer_id 6Adb9b8C9C1dDEe skipped.
2026-05-24 15:26:55,680 - WARNING - Duplicate entry for customer_id B67FfF99e083091 skipped.
2026-05-24 15:26:55,680 - WARNING - Duplicate entry for customer_id Bacb2ceBD5eC70d skipped.
2026-05-24 15:26:55,680 - WARNING - Duplicate entry for customer_id C3dE0b33e7fdcAd skipped.
2026-05-24 15:26:55,680 - WARNING - Duplicate entry for customer_id feFdfB76f7bFfBB skipped.
2026-05-24 15:26:55,680 - WARNING - Duplicate entry for customer_id 233b8C0F1360203 skipped.
2026-05-24 15:26:55,680 - WARNING - Duplicate entry for customer_id A853040cBF735eD skipped.
2026-05-24 15:26:55,681 - WARNING - Duplicate entry for customer_id Da75138d7ebCDE2 skipped.
2026-05-24 15:26:55,681 - WARNING - Duplicate entry for customer_id dFf6f43Aa1fC6fa skipped.
2026-05-24 15:26:55,681 - WARNING - Duplicate entry for customer_id acaa3d9fB5803b2 skipped.
2026-05-24 15:26:55,681 - WARNING - Duplicate entry for customer_id A9ed28AfDac3DBF skipped.
2026-05-24 15:26:55,681 - WARNING - Duplicate entry for customer_id Cdcbbc5DE7Da3Fb skipped.
2026-05-24 15:26:55,681 - WARNING - Duplicate entry for customer_id 91CDb04d07fdB52 skipped.
2026-05-24 15:26:55,682 - WARNING - Duplicate entry for customer_id 7cC00DeCB8Acb3D skipped.
2026-05-24 15:26:55,682 - WARNING - Duplicate entry for customer_id 7d013321BF8AE3b skipped.
2026-05-24 15:26:55,682 - WARNING - Duplicate entry for customer_id eAEFcdc3A18A6db skipped.
2026-05-24 15:26:55,682 - WARNING - Duplicate entry for customer_id D5aAb5A9fdAD42F skipped.
2026-05-24 15:26:55,682 - WARNING - Duplicate entry for customer_id C84ecBaAEF865F5 skipped.
2026-05-24 15:26:55,682 - WARNING - Duplicate entry for customer_id b38a5e1De05Bbdf skipped.
2026-05-24 15:26:55,683 - WARNING - Duplicate entry for customer_id 6f3799337d34d57 skipped.
2026-05-24 15:26:55,683 - WARNING - Duplicate entry for customer_id 86c6c79858896bD skipped.
2026-05-24 15:26:55,683 - WARNING - Duplicate entry for customer_id a7Ccf5Cc2Ccb5b3 skipped.
2026-05-24 15:26:55,683 - WARNING - Duplicate entry for customer_id c239cDD7AECcDF6 skipped.
2026-05-24 15:26:55,683 - WARNING - Duplicate entry for customer_id BCfEfbb07f9CAe6 skipped.
2026-05-24 15:26:55,684 - WARNING - Duplicate entry for customer_id 87fDFB04b140E08 skipped.
2026-05-24 15:26:55,684 - WARNING - Duplicate entry for customer_id Ba6f5aC5B3A0B7d skipped.
2026-05-24 15:26:55,684 - WARNING - Duplicate entry for customer_id F59f5AaF210DEAf skipped.
2026-05-24 15:26:55,684 - WARNING - Duplicate entry for customer_id 64f8dF266dAD25C skipped.
2026-05-24 15:26:55,684 - WARNING - Duplicate entry for customer_id 0efb09C7D23f9D0 skipped.
2026-05-24 15:26:55,684 - WARNING - Duplicate entry for customer_id 899cbDE6c10eB9A skipped.
2026-05-24 15:26:55,685 - WARNING - Duplicate entry for customer_id afd416397924e91 skipped.
2026-05-24 15:26:55,685 - WARNING - Duplicate entry for customer_id 386d8552b5Dc6a5 skipped.
2026-05-24 15:26:55,685 - WARNING - Duplicate entry for customer_id ac739239aFcF121 skipped.
2026-05-24 15:26:55,685 - WARNING - Duplicate entry for customer_id 591CE8Bb3aB2D87 skipped.
2026-05-24 15:26:55,685 - WARNING - Duplicate entry for customer_id 05Db1ADe4B4EcBE skipped.
2026-05-24 15:26:55,685 - WARNING - Duplicate entry for customer_id AaEbfA8864F0Ffe skipped.
2026-05-24 15:26:55,685 - WARNING - Duplicate entry for customer_id 89436752BeBF3Ec skipped.
2026-05-24 15:26:55,686 - WARNING - Duplicate entry for customer_id DaB00C4FE0F94C3 skipped.
2026-05-24 15:26:55,686 - WARNING - Duplicate entry for customer_id E4693ceD4cf2854 skipped.
2026-05-24 15:26:55,686 - WARNING - Duplicate entry for customer_id c4b2df692043bfE skipped.
2026-05-24 15:26:55,686 - WARNING - Duplicate entry for customer_id Fc9BbAdBCC2716F skipped.
2026-05-24 15:26:55,686 - WARNING - Duplicate entry for customer_id B13cC1De16A7b2A skipped.
2026-05-24 15:26:55,686 - WARNING - Duplicate entry for customer_id 4C07dbd609CCa2F skipped.
2026-05-24 15:26:55,687 - WARNING - Duplicate entry for customer_id 54b4C62aADAcf02 skipped.
2026-05-24 15:26:55,687 - WARNING - Duplicate entry for customer_id 49D34e92d722DF3 skipped.
2026-05-24 15:26:55,687 - WARNING - Duplicate entry for customer_id BE30f4B3Ba7Ff3f skipped.
2026-05-24 15:26:55,687 - WARNING - Duplicate entry for customer_id f5d40eD401b66CB skipped.
2026-05-24 15:26:55,687 - WARNING - Duplicate entry for customer_id FCc33a3b8ddddB1 skipped.
2026-05-24 15:26:55,687 - WARNING - Duplicate entry for customer_id 6D95f66CAC4bb0D skipped.
2026-05-24 15:26:55,688 - WARNING - Duplicate entry for customer_id cdC6bBAaC9FbFEE skipped.
2026-05-24 15:26:55,688 - WARNING - Duplicate entry for customer_id dD4217ee6E211C3 skipped.
2026-05-24 15:26:55,688 - WARNING - Duplicate entry for customer_id c86eBcC5CE23f1E skipped.
2026-05-24 15:26:55,688 - WARNING - Duplicate entry for customer_id fC88F8C5AbE44a4 skipped.
2026-05-24 15:26:55,688 - WARNING - Duplicate entry for customer_id bCdE8dF145abf51 skipped.
2026-05-24 15:26:55,688 - WARNING - Duplicate entry for customer_id C81De6a70E3abA9 skipped.
2026-05-24 15:26:55,689 - WARNING - Duplicate entry for customer_id d6242cBeEfDCB33 skipped.
2026-05-24 15:26:55,689 - WARNING - Duplicate entry for customer_id E8Af7340E4969eD skipped.
2026-05-24 15:26:55,689 - WARNING - Duplicate entry for customer_id 70dAab994Ccc3fd skipped.
2026-05-24 15:26:55,689 - WARNING - Duplicate entry for customer_id 5b9cF88058fDc5B skipped.
2026-05-24 15:26:55,689 - WARNING - Duplicate entry for customer_id 0e47E9eCDcBaA8B skipped.
2026-05-24 15:26:55,689 - WARNING - Duplicate entry for customer_id ACA39FbBBBBbfDC skipped.
2026-05-24 15:26:55,690 - WARNING - Duplicate entry for customer_id 2020A9EE84edF9f skipped.
2026-05-24 15:26:55,690 - WARNING - Duplicate entry for customer_id BD974de968Baf25 skipped.
2026-05-24 15:26:55,690 - WARNING - Duplicate entry for customer_id DF81cAd9404dcc3 skipped.
2026-05-24 15:26:55,690 - WARNING - Duplicate entry for customer_id 0B1d8005feeC0DD skipped.
2026-05-24 15:26:55,690 - WARNING - Duplicate entry for customer_id 4EA46eD9c84Ca1D skipped.
2026-05-24 15:26:55,690 - WARNING - Duplicate entry for customer_id Ebeb0ff7E3afDD3 skipped.
2026-05-24 15:26:55,691 - WARNING - Duplicate entry for customer_id b2bEF8ABCaBe83A skipped.
2026-05-24 15:26:55,691 - WARNING - Duplicate entry for customer_id 7B920F4cdC33Ac2 skipped.
2026-05-24 15:26:55,691 - WARNING - Duplicate entry for customer_id CFd665D3a72d74B skipped.
2026-05-24 15:26:55,691 - WARNING - Duplicate entry for customer_id c2ba942BF82F54d skipped.
2026-05-24 15:26:55,691 - WARNING - Duplicate entry for customer_id ec7fad7E7089Cc2 skipped.
2026-05-24 15:26:55,691 - WARNING - Duplicate entry for customer_id cBFeAd9059104d3 skipped.
2026-05-24 15:26:55,692 - WARNING - Duplicate entry for customer_id c6CAAD726614682 skipped.
2026-05-24 15:26:55,692 - WARNING - Duplicate entry for customer_id d3b6B3EfCdC3F41 skipped.
2026-05-24 15:26:55,692 - WARNING - Duplicate entry for customer_id 34f20119a4653A6 skipped.
2026-05-24 15:26:55,692 - WARNING - Duplicate entry for customer_id f6EA334f7a88F66 skipped.
2026-05-24 15:26:55,692 - WARNING - Duplicate entry for customer_id FBC23eEd22B3edb skipped.
2026-05-24 15:26:55,692 - WARNING - Duplicate entry for customer_id 1fcf7f5458afe7F skipped.
2026-05-24 15:26:55,693 - WARNING - Duplicate entry for customer_id df94B1738eaE0Ac skipped.
2026-05-24 15:26:55,693 - WARNING - Duplicate entry for customer_id 7DbcDf7aA078502 skipped.
2026-05-24 15:26:55,693 - WARNING - Duplicate entry for customer_id 6f8f3ACF87266F4 skipped.
2026-05-24 15:26:55,693 - WARNING - Duplicate entry for customer_id 7b3c3BB8302cFDe skipped.
2026-05-24 15:26:55,693 - WARNING - Duplicate entry for customer_id 666bcA5d1bC1bB4 skipped.
2026-05-24 15:26:55,693 - WARNING - Duplicate entry for customer_id 6aFF059e79908Ba skipped.
2026-05-24 15:26:55,694 - WARNING - Duplicate entry for customer_id 1C9bd2b561C6079 skipped.
2026-05-24 15:26:55,694 - WARNING - Duplicate entry for customer_id de867ED21BE7Be6 skipped.
2026-05-24 15:26:55,694 - WARNING - Duplicate entry for customer_id e0518740Bc9cfd2 skipped.
2026-05-24 15:26:55,694 - WARNING - Duplicate entry for customer_id 62C2a7EF506B793 skipped.
2026-05-24 15:26:55,694 - WARNING - Duplicate entry for customer_id B8ABA5783fE1901 skipped.
2026-05-24 15:26:55,694 - WARNING - Duplicate entry for customer_id 3405dAae1edfFC5 skipped.
2026-05-24 15:26:55,695 - WARNING - Duplicate entry for customer_id C06E5CacB0AEabC skipped.
2026-05-24 15:26:55,695 - WARNING - Duplicate entry for customer_id c987e6535c414Fb skipped.
2026-05-24 15:26:55,695 - WARNING - Duplicate entry for customer_id Eb815ff4Bdc3Db4 skipped.
2026-05-24 15:26:55,695 - WARNING - Duplicate entry for customer_id 2eA0Db58d06eBBe skipped.
2026-05-24 15:26:55,695 - WARNING - Duplicate entry for customer_id Bbc62BCaa7EEc1C skipped.
2026-05-24 15:26:55,695 - WARNING - Duplicate entry for customer_id Db223E916D7AB44 skipped.
2026-05-24 15:26:55,696 - WARNING - Duplicate entry for customer_id CA6Cc405b96dB2f skipped.
2026-05-24 15:26:55,696 - WARNING - Duplicate entry for customer_id E83CA6652fFCf36 skipped.
2026-05-24 15:26:55,696 - WARNING - Duplicate entry for customer_id 7DbAC1a567CaFbc skipped.
2026-05-24 15:26:55,696 - WARNING - Duplicate entry for customer_id CA2C493E84e823D skipped.
2026-05-24 15:26:55,696 - WARNING - Duplicate entry for customer_id 3Ab9edfFce89FBb skipped.
2026-05-24 15:26:55,696 - WARNING - Duplicate entry for customer_id 1fD261D086f6C1D skipped.
2026-05-24 15:26:55,697 - WARNING - Duplicate entry for customer_id D25508749F84F16 skipped.
2026-05-24 15:26:55,697 - WARNING - Duplicate entry for customer_id ff3aB296eC3CbfF skipped.
2026-05-24 15:26:55,697 - WARNING - Duplicate entry for customer_id 9B2bEE619B99C5d skipped.
2026-05-24 15:26:55,697 - WARNING - Duplicate entry for customer_id CaC56Fa7fdB3cBB skipped.
2026-05-24 15:26:55,697 - WARNING - Duplicate entry for customer_id 7d719f1bCcaA3Ac skipped.
2026-05-24 15:26:55,697 - WARNING - Duplicate entry for customer_id fe4b7DfcdE855b3 skipped.
2026-05-24 15:26:55,698 - WARNING - Duplicate entry for customer_id 2FdF7253F607D57 skipped.
2026-05-24 15:26:55,698 - WARNING - Duplicate entry for customer_id b8bcEF027CaB352 skipped.
2026-05-24 15:26:55,698 - WARNING - Duplicate entry for customer_id DdCF0e6Bdfd9abC skipped.
2026-05-24 15:26:55,698 - WARNING - Duplicate entry for customer_id d8c5E1952bd52aA skipped.
2026-05-24 15:26:55,698 - WARNING - Duplicate entry for customer_id fEDfBd9AefCEE86 skipped.
2026-05-24 15:26:55,698 - WARNING - Duplicate entry for customer_id 01AEbCbD0cB7cCd skipped.
2026-05-24 15:26:55,698 - WARNING - Duplicate entry for customer_id 2B700A47d0a7258 skipped.
2026-05-24 15:26:55,699 - WARNING - Duplicate entry for customer_id F0DC08bBe5C8d84 skipped.
2026-05-24 15:26:55,699 - WARNING - Duplicate entry for customer_id 1DdAAb3C139CD4C skipped.
2026-05-24 15:26:55,699 - WARNING - Duplicate entry for customer_id 7A0dA6ead4EdAb2 skipped.
2026-05-24 15:26:55,699 - WARNING - Duplicate entry for customer_id 6614c31711BB58e skipped.
2026-05-24 15:26:55,699 - WARNING - Duplicate entry for customer_id Af7F1daF5fFc3aa skipped.
2026-05-24 15:26:55,699 - WARNING - Duplicate entry for customer_id D91DbdaF9AbE2C5 skipped.
2026-05-24 15:26:55,700 - WARNING - Duplicate entry for customer_id 8aaA7b93ecb0a6a skipped.
2026-05-24 15:26:55,700 - WARNING - Duplicate entry for customer_id 9572F1AbCFCF09b skipped.
2026-05-24 15:26:55,700 - WARNING - Duplicate entry for customer_id 69285d4cD0bE6ad skipped.
2026-05-24 15:26:55,700 - WARNING - Duplicate entry for customer_id 9E2eb00EF367Fa2 skipped.
2026-05-24 15:26:55,700 - WARNING - Duplicate entry for customer_id F69a0ecCD997c2C skipped.
2026-05-24 15:26:55,701 - WARNING - Duplicate entry for customer_id 05f1D7bA2Bd4764 skipped.
2026-05-24 15:26:55,701 - WARNING - Duplicate entry for customer_id AdBE0cFb4dF1233 skipped.
2026-05-24 15:26:55,701 - WARNING - Duplicate entry for customer_id C2Cb929eB37D1c6 skipped.
2026-05-24 15:26:55,701 - WARNING - Duplicate entry for customer_id 196cd1bEBf9BE88 skipped.
2026-05-24 15:26:55,701 - WARNING - Duplicate entry for customer_id e140badD88486b0 skipped.
2026-05-24 15:26:55,701 - WARNING - Duplicate entry for customer_id 14ec4E6B5a11fAa skipped.
2026-05-24 15:26:55,702 - WARNING - Duplicate entry for customer_id 2aA82CEc2Da615d skipped.
2026-05-24 15:26:55,702 - WARNING - Duplicate entry for customer_id 6AAe1afbFdAeAFf skipped.
2026-05-24 15:26:55,702 - WARNING - Duplicate entry for customer_id bBfce6c3cCaB04e skipped.
2026-05-24 15:26:55,702 - WARNING - Duplicate entry for customer_id EC8627a6230b960 skipped.
2026-05-24 15:26:55,702 - WARNING - Duplicate entry for customer_id 06Fe765659a7ace skipped.
2026-05-24 15:26:55,702 - WARNING - Duplicate entry for customer_id 2eF88CDC6ad286b skipped.
2026-05-24 15:26:55,703 - WARNING - Duplicate entry for customer_id 7Ee692dCD8CAD8F skipped.
2026-05-24 15:26:55,703 - WARNING - Duplicate entry for customer_id 1C6Dfa0EfEd96A3 skipped.
2026-05-24 15:26:55,703 - WARNING - Duplicate entry for customer_id 6a46bcD3CdC56d2 skipped.
2026-05-24 15:26:55,703 - WARNING - Duplicate entry for customer_id 0AcD9d0bA01EBB4 skipped.
2026-05-24 15:26:55,703 - WARNING - Duplicate entry for customer_id acf26D1e0A5Facc skipped.
2026-05-24 15:26:55,703 - WARNING - Duplicate entry for customer_id 4EfBeB41A29fA5e skipped.
2026-05-24 15:26:55,704 - WARNING - Duplicate entry for customer_id 0115aEF33Ff7afC skipped.
2026-05-24 15:26:55,704 - WARNING - Duplicate entry for customer_id 7c30B97c1CB579e skipped.
2026-05-24 15:26:55,704 - WARNING - Duplicate entry for customer_id dfAFD00fa9374d0 skipped.
2026-05-24 15:26:55,704 - WARNING - Duplicate entry for customer_id 2EC8778AB8bdABa skipped.
2026-05-24 15:26:55,704 - WARNING - Duplicate entry for customer_id E040edB499A6132 skipped.
2026-05-24 15:26:55,704 - WARNING - Duplicate entry for customer_id aB9FF85332Bfb2a skipped.
2026-05-24 15:26:55,705 - WARNING - Duplicate entry for customer_id 390f4Fefe8CD44d skipped.
2026-05-24 15:26:55,705 - WARNING - Duplicate entry for customer_id BedC4Fbf851fED8 skipped.
2026-05-24 15:26:55,705 - WARNING - Duplicate entry for customer_id 8bDC7FCd0bDD1A3 skipped.
2026-05-24 15:26:55,705 - WARNING - Duplicate entry for customer_id fcaF0A4f9eE28F0 skipped.
2026-05-24 15:26:55,705 - WARNING - Duplicate entry for customer_id 8f7B9864aF6B829 skipped.
2026-05-24 15:26:55,705 - WARNING - Duplicate entry for customer_id D2b1feDDA3BEBDF skipped.
2026-05-24 15:26:55,706 - WARNING - Duplicate entry for customer_id 2AC8cD1Bdc5AAe5 skipped.
2026-05-24 15:26:55,706 - WARNING - Duplicate entry for customer_id f5319CE131F7b18 skipped.
2026-05-24 15:26:55,706 - WARNING - Duplicate entry for customer_id 35DefAbbBaD45a7 skipped.
2026-05-24 15:26:55,706 - WARNING - Duplicate entry for customer_id c99EcB1cB9CBCab skipped.
2026-05-24 15:26:55,706 - WARNING - Duplicate entry for customer_id 5c6ACAAA8dFE4b1 skipped.
2026-05-24 15:26:55,706 - WARNING - Duplicate entry for customer_id 214a9fEFFc6F0eF skipped.
2026-05-24 15:26:55,707 - WARNING - Duplicate entry for customer_id 3EBf95cB4fBa76F skipped.
2026-05-24 15:26:55,707 - WARNING - Duplicate entry for customer_id 7E044bcbEedBB85 skipped.
2026-05-24 15:26:55,707 - WARNING - Duplicate entry for customer_id fdC0B083Cae9B4e skipped.
2026-05-24 15:26:55,707 - WARNING - Duplicate entry for customer_id 6f2BBDD4A57e8DB skipped.
2026-05-24 15:26:55,707 - WARNING - Duplicate entry for customer_id b68E5a53fBb0C4A skipped.
2026-05-24 15:26:55,707 - WARNING - Duplicate entry for customer_id CE4824D6Efb613b skipped.
2026-05-24 15:26:55,708 - WARNING - Duplicate entry for customer_id Ca864FdF34fFceB skipped.
2026-05-24 15:26:55,708 - WARNING - Duplicate entry for customer_id C9bc697e05CA8e7 skipped.
2026-05-24 15:26:55,708 - WARNING - Duplicate entry for customer_id F93CdDD9A6aC9a1 skipped.
2026-05-24 15:26:55,708 - WARNING - Duplicate entry for customer_id d07a675F0A632F5 skipped.
2026-05-24 15:26:55,708 - WARNING - Duplicate entry for customer_id 666bAC9090ca824 skipped.
2026-05-24 15:26:55,708 - WARNING - Duplicate entry for customer_id 2B73dfDF8fBFc90 skipped.
2026-05-24 15:26:55,709 - WARNING - Duplicate entry for customer_id 3ba5E3fAE68d927 skipped.
2026-05-24 15:26:55,709 - WARNING - Duplicate entry for customer_id e17e36c40fA6dFD skipped.
2026-05-24 15:26:55,709 - WARNING - Duplicate entry for customer_id D50d9BfDd00D08d skipped.
2026-05-24 15:26:55,709 - WARNING - Duplicate entry for customer_id 580D7BbFef6D2A9 skipped.
2026-05-24 15:26:55,709 - WARNING - Duplicate entry for customer_id 9ffeC6Dd1ADdeA5 skipped.
2026-05-24 15:26:55,709 - WARNING - Duplicate entry for customer_id DBa86561f0eb9EE skipped.
2026-05-24 15:26:55,710 - WARNING - Duplicate entry for customer_id 3B596CDe02dE7C1 skipped.
2026-05-24 15:26:55,710 - WARNING - Duplicate entry for customer_id 7B9dcC1B6F12d4c skipped.
2026-05-24 15:26:55,710 - WARNING - Duplicate entry for customer_id 4Ec632DE79B28EB skipped.
2026-05-24 15:26:55,710 - WARNING - Duplicate entry for customer_id 4dBDe7b4c50Acad skipped.
2026-05-24 15:26:55,710 - WARNING - Duplicate entry for customer_id 6ab786F1B0eEb62 skipped.
2026-05-24 15:26:55,710 - WARNING - Duplicate entry for customer_id b83Baa3FB8bD6d9 skipped.
2026-05-24 15:26:55,711 - WARNING - Duplicate entry for customer_id 8f2fcb5fF2bb8F3 skipped.
2026-05-24 15:26:55,711 - WARNING - Duplicate entry for customer_id 6E0e975BFDCE575 skipped.
2026-05-24 15:26:55,711 - WARNING - Duplicate entry for customer_id a0Ac0205DA5CC61 skipped.
2026-05-24 15:26:55,711 - WARNING - Duplicate entry for customer_id ef1947B9fcf1f73 skipped.
2026-05-24 15:26:55,711 - WARNING - Duplicate entry for customer_id 1F435Bcf1e6F9e4 skipped.
2026-05-24 15:26:55,711 - WARNING - Duplicate entry for customer_id 58c352c869a7441 skipped.
2026-05-24 15:26:55,712 - WARNING - Duplicate entry for customer_id 276ec18f5546bd1 skipped.
2026-05-24 15:26:55,712 - WARNING - Duplicate entry for customer_id 20bE2068b3dF6fC skipped.
2026-05-24 15:26:55,712 - WARNING - Duplicate entry for customer_id 531EC46d609AFeA skipped.
2026-05-24 15:26:55,712 - WARNING - Duplicate entry for customer_id dfB30AeFafbf803 skipped.
2026-05-24 15:26:55,712 - WARNING - Duplicate entry for customer_id 9Dc9cD4BeB07bfb skipped.
2026-05-24 15:26:55,712 - WARNING - Duplicate entry for customer_id dD82a433b8fbBFe skipped.
2026-05-24 15:26:55,713 - WARNING - Duplicate entry for customer_id 0001fA39dA6D349 skipped.
2026-05-24 15:26:55,713 - WARNING - Duplicate entry for customer_id 4fC75A4a7d9Cd2E skipped.
2026-05-24 15:26:55,713 - WARNING - Duplicate entry for customer_id 3C0fC61afA3B2Ec skipped.
2026-05-24 15:26:55,713 - WARNING - Duplicate entry for customer_id 4Ee0B5C383a4f3d skipped.
2026-05-24 15:26:55,713 - WARNING - Duplicate entry for customer_id d58EDBdF7d212E0 skipped.
2026-05-24 15:26:55,713 - WARNING - Duplicate entry for customer_id 197f76Faea8e47C skipped.
2026-05-24 15:26:55,714 - WARNING - Duplicate entry for customer_id cc5D6c37d36FdDd skipped.
2026-05-24 15:26:55,714 - WARNING - Duplicate entry for customer_id a4Af4C89e95B721 skipped.
2026-05-24 15:26:55,714 - WARNING - Duplicate entry for customer_id f1eaacc6D98BAba skipped.
2026-05-24 15:26:55,714 - WARNING - Duplicate entry for customer_id fe4DAb8ead6b6a9 skipped.
2026-05-24 15:26:55,714 - WARNING - Duplicate entry for customer_id A8497fe0cce772F skipped.
2026-05-24 15:26:55,714 - WARNING - Duplicate entry for customer_id 05b6ed3aEACDaa3 skipped.
2026-05-24 15:26:55,715 - WARNING - Duplicate entry for customer_id BE9fae1Ac10B5b4 skipped.
2026-05-24 15:26:55,715 - WARNING - Duplicate entry for customer_id fE90dD920AAA4bC skipped.
2026-05-24 15:26:55,715 - WARNING - Duplicate entry for customer_id 5D86bBC0dd02d40 skipped.
2026-05-24 15:26:55,715 - WARNING - Duplicate entry for customer_id E8DC64C4e67fDA3 skipped.
2026-05-24 15:26:55,715 - WARNING - Duplicate entry for customer_id b8003a3D4b8107c skipped.
2026-05-24 15:26:55,715 - WARNING - Duplicate entry for customer_id b57CabD45Be54e4 skipped.
2026-05-24 15:26:55,716 - WARNING - Duplicate entry for customer_id Fb0e378Af6Ee37e skipped.
2026-05-24 15:26:55,716 - WARNING - Duplicate entry for customer_id Ff5aB5C9b6f2Da7 skipped.
2026-05-24 15:26:55,716 - WARNING - Duplicate entry for customer_id 5B7CEEAeFBD3710 skipped.
2026-05-24 15:26:55,716 - WARNING - Duplicate entry for customer_id 8F952d03DDC9EDa skipped.
2026-05-24 15:26:55,716 - WARNING - Duplicate entry for customer_id 6ea6dfAEe57f29E skipped.
2026-05-24 15:26:55,716 - WARNING - Duplicate entry for customer_id dE4a58E2dd040dC skipped.
2026-05-24 15:26:55,716 - WARNING - Duplicate entry for customer_id 82CE976694CDE15 skipped.
2026-05-24 15:26:55,717 - WARNING - Duplicate entry for customer_id 0E3b1a3f39221Ea skipped.
2026-05-24 15:26:55,717 - WARNING - Duplicate entry for customer_id 393d4147E61d8F7 skipped.
2026-05-24 15:26:55,717 - WARNING - Duplicate entry for customer_id FAcBc1dd26EeAfD skipped.
2026-05-24 15:26:55,717 - WARNING - Duplicate entry for customer_id 4caAC4F5175aBeF skipped.
2026-05-24 15:26:55,717 - WARNING - Duplicate entry for customer_id c8C434b1A3dF31f skipped.
2026-05-24 15:26:55,717 - WARNING - Duplicate entry for customer_id aF4fA3aCA4bD5eC skipped.
2026-05-24 15:26:55,718 - WARNING - Duplicate entry for customer_id 895c3d6c2B7f017 skipped.
2026-05-24 15:26:55,718 - WARNING - Duplicate entry for customer_id fEceCCA3A41c4b9 skipped.
2026-05-24 15:26:55,718 - WARNING - Duplicate entry for customer_id 9277977d7ff97fD skipped.
2026-05-24 15:26:55,718 - WARNING - Duplicate entry for customer_id 0dCeC4a8cAeefc2 skipped.
2026-05-24 15:26:55,718 - WARNING - Duplicate entry for customer_id 1Ca8b16dAd6F75E skipped.
2026-05-24 15:26:55,718 - WARNING - Duplicate entry for customer_id 1d9E6c096AfD0bb skipped.
2026-05-24 15:26:55,719 - WARNING - Duplicate entry for customer_id D85Baf7dAe6aba1 skipped.
2026-05-24 15:26:55,719 - WARNING - Duplicate entry for customer_id 05a3385fc5a8cc1 skipped.
2026-05-24 15:26:55,719 - WARNING - Duplicate entry for customer_id 6f3fa641ccba5EB skipped.
2026-05-24 15:26:55,719 - WARNING - Duplicate entry for customer_id cc4CFf3Cae8Fa5C skipped.
2026-05-24 15:26:55,719 - WARNING - Duplicate entry for customer_id cfa4f67fF42bCa2 skipped.
2026-05-24 15:26:55,719 - WARNING - Duplicate entry for customer_id aA04De37fe1EFcE skipped.
2026-05-24 15:26:55,720 - WARNING - Duplicate entry for customer_id d3944d30ECa7a7A skipped.
2026-05-24 15:26:55,720 - WARNING - Duplicate entry for customer_id BAcC813eAe0B26e skipped.
2026-05-24 15:26:55,720 - WARNING - Duplicate entry for customer_id D48fdcDF9d7A214 skipped.
2026-05-24 15:26:55,720 - WARNING - Duplicate entry for customer_id 66bf59d65365BBB skipped.
2026-05-24 15:26:55,720 - WARNING - Duplicate entry for customer_id 43eD93bE0Dc7F95 skipped.
2026-05-24 15:26:55,720 - WARNING - Duplicate entry for customer_id 9eEdEaf8F8e087c skipped.
2026-05-24 15:26:55,721 - WARNING - Duplicate entry for customer_id e35daaaE8442628 skipped.
2026-05-24 15:26:55,721 - WARNING - Duplicate entry for customer_id 9dd1f1f82b87DaE skipped.
2026-05-24 15:26:55,721 - WARNING - Duplicate entry for customer_id DF017FED418CdCb skipped.
2026-05-24 15:26:55,721 - WARNING - Duplicate entry for customer_id cdadAFc0c4CA025 skipped.
2026-05-24 15:26:55,721 - WARNING - Duplicate entry for customer_id 1C8dBF1415ba679 skipped.
2026-05-24 15:26:55,721 - WARNING - Duplicate entry for customer_id 8f0a3ba91c1Eb43 skipped.
2026-05-24 15:26:55,722 - WARNING - Duplicate entry for customer_id bB93cEc8d4FeaAC skipped.
2026-05-24 15:26:55,722 - WARNING - Duplicate entry for customer_id 2e5a2200bD6C818 skipped.
2026-05-24 15:26:55,722 - WARNING - Duplicate entry for customer_id 3BaB4b80DDAeDB7 skipped.
2026-05-24 15:26:55,722 - WARNING - Duplicate entry for customer_id 698Df6Cf9f97ddF skipped.
2026-05-24 15:26:55,722 - WARNING - Duplicate entry for customer_id AbcaB8cF43b0C1d skipped.
2026-05-24 15:26:55,722 - WARNING - Duplicate entry for customer_id 42b9A4e192da5C6 skipped.
2026-05-24 15:26:55,722 - WARNING - Duplicate entry for customer_id d8F1245a7Bac36c skipped.
2026-05-24 15:26:55,723 - WARNING - Duplicate entry for customer_id DeBD13fe82A9E5f skipped.
2026-05-24 15:26:55,723 - WARNING - Duplicate entry for customer_id Dcc46b0FcAfB2C9 skipped.
2026-05-24 15:26:55,723 - WARNING - Duplicate entry for customer_id 2F83b82be96bc01 skipped.
2026-05-24 15:26:55,723 - WARNING - Duplicate entry for customer_id 4a52741EB5a7Ed1 skipped.
2026-05-24 15:26:55,723 - WARNING - Duplicate entry for customer_id 05c1eCeEfE7DDE9 skipped.
2026-05-24 15:26:55,723 - WARNING - Duplicate entry for customer_id 6d4bAbB01c22E0F skipped.
2026-05-24 15:26:55,724 - WARNING - Duplicate entry for customer_id 8ce2a9f6BB02b0d skipped.
2026-05-24 15:26:55,724 - WARNING - Duplicate entry for customer_id F9AEc2F51C5EDaE skipped.
2026-05-24 15:26:55,724 - WARNING - Duplicate entry for customer_id 9385f009fFFA723 skipped.
2026-05-24 15:26:55,724 - WARNING - Duplicate entry for customer_id E8a23B90899B6d7 skipped.
2026-05-24 15:26:55,724 - WARNING - Duplicate entry for customer_id 10E34ADcd62bB92 skipped.
2026-05-24 15:26:55,724 - WARNING - Duplicate entry for customer_id 33a3Afa322E1033 skipped.
2026-05-24 15:26:55,725 - WARNING - Duplicate entry for customer_id 1BE3BBe52EccE45 skipped.
2026-05-24 15:26:55,725 - WARNING - Duplicate entry for customer_id D270EFAd9D76A76 skipped.
2026-05-24 15:26:55,725 - WARNING - Duplicate entry for customer_id 9eE3e7AdfbD7Da4 skipped.
2026-05-24 15:26:55,725 - WARNING - Duplicate entry for customer_id d6ECEA63A80bBFf skipped.
2026-05-24 15:26:55,725 - WARNING - Duplicate entry for customer_id 014A372AC33c4F4 skipped.
2026-05-24 15:26:55,725 - WARNING - Duplicate entry for customer_id 41eAa5e67049D75 skipped.
2026-05-24 15:26:55,726 - WARNING - Duplicate entry for customer_id FF8fd2c75FeadBE skipped.
2026-05-24 15:26:55,726 - WARNING - Duplicate entry for customer_id ACd6d2856c3e9c6 skipped.
2026-05-24 15:26:55,726 - WARNING - Duplicate entry for customer_id 4213a532367a4BA skipped.
2026-05-24 15:26:55,726 - WARNING - Duplicate entry for customer_id 5eB3Ce3ee5dAeDF skipped.
2026-05-24 15:26:55,726 - WARNING - Duplicate entry for customer_id EeEdaba9dDb8B0c skipped.
2026-05-24 15:26:55,726 - WARNING - Duplicate entry for customer_id 9fb8Ad13C8a1d31 skipped.
2026-05-24 15:26:55,727 - WARNING - Duplicate entry for customer_id 166Cfb97832F81d skipped.
2026-05-24 15:26:55,727 - WARNING - Duplicate entry for customer_id adfaD758ea6760B skipped.
2026-05-24 15:26:55,727 - WARNING - Duplicate entry for customer_id aA88C4FD77e8d4E skipped.
2026-05-24 15:26:55,727 - WARNING - Duplicate entry for customer_id 3b480808b1Db3d8 skipped.
2026-05-24 15:26:55,727 - WARNING - Duplicate entry for customer_id 9a17fFf3FF40B63 skipped.
2026-05-24 15:26:55,728 - WARNING - Duplicate entry for customer_id D3a6bBFDEaff3c7 skipped.
2026-05-24 15:26:55,728 - WARNING - Duplicate entry for customer_id 12e7C8A38a58Af5 skipped.
2026-05-24 15:26:55,728 - WARNING - Duplicate entry for customer_id eE3aabEcf63fb74 skipped.
2026-05-24 15:26:55,728 - WARNING - Duplicate entry for customer_id d4B4312AE1B0B64 skipped.
2026-05-24 15:26:55,728 - WARNING - Duplicate entry for customer_id aA2Cbda7aF7CF6c skipped.
2026-05-24 15:26:55,728 - WARNING - Duplicate entry for customer_id 0913aD6BB949c79 skipped.
2026-05-24 15:26:55,729 - WARNING - Duplicate entry for customer_id 429cEAc4e675cfc skipped.
2026-05-24 15:26:55,729 - WARNING - Duplicate entry for customer_id f200f629aE89Cf9 skipped.
2026-05-24 15:26:55,729 - WARNING - Duplicate entry for customer_id f573f7Daf3f97E6 skipped.
2026-05-24 15:26:55,729 - WARNING - Duplicate entry for customer_id 3b03eFcCB873a8F skipped.
2026-05-24 15:26:55,729 - WARNING - Duplicate entry for customer_id c21Ce78AfddBcE3 skipped.
2026-05-24 15:26:55,729 - WARNING - Duplicate entry for customer_id 13daEd070a6Db0e skipped.
2026-05-24 15:26:55,730 - WARNING - Duplicate entry for customer_id 7a060190AD8B1F3 skipped.
2026-05-24 15:26:55,730 - WARNING - Duplicate entry for customer_id 7e1DEE74450dFDE skipped.
2026-05-24 15:26:55,730 - WARNING - Duplicate entry for customer_id 38e7CFf07892bD4 skipped.
2026-05-24 15:26:55,730 - WARNING - Duplicate entry for customer_id EF82a88b39ca3a8 skipped.
2026-05-24 15:26:55,730 - WARNING - Duplicate entry for customer_id 612FeF4eF2faD8A skipped.
2026-05-24 15:26:55,730 - WARNING - Duplicate entry for customer_id Fe5dDa1b7B3c7EB skipped.
2026-05-24 15:26:55,731 - WARNING - Duplicate entry for customer_id bb94A4cdAD16B0E skipped.
2026-05-24 15:26:55,731 - WARNING - Duplicate entry for customer_id 4E100fFA492E3fC skipped.
2026-05-24 15:26:55,731 - WARNING - Duplicate entry for customer_id f3D6d3A26eBFFAb skipped.
2026-05-24 15:26:55,731 - WARNING - Duplicate entry for customer_id 1C6C7B3e2617b55 skipped.
2026-05-24 15:26:55,731 - WARNING - Duplicate entry for customer_id 95F882c8ebf0cc3 skipped.
2026-05-24 15:26:55,731 - WARNING - Duplicate entry for customer_id 0DBfcB30c0D3EdC skipped.
2026-05-24 15:26:55,731 - WARNING - Duplicate entry for customer_id DbeFFa6cBE0f44a skipped.
2026-05-24 15:26:55,732 - WARNING - Duplicate entry for customer_id DEA5834A1ba5E7D skipped.
2026-05-24 15:26:55,732 - WARNING - Duplicate entry for customer_id 4b19DFf62a7Be0d skipped.
2026-05-24 15:26:55,732 - WARNING - Duplicate entry for customer_id B6FCA2Bf61a19CF skipped.
2026-05-24 15:26:55,732 - WARNING - Duplicate entry for customer_id 0b142ce72bf8AF8 skipped.
2026-05-24 15:26:55,732 - WARNING - Duplicate entry for customer_id A1Dd925888dCbEd skipped.
2026-05-24 15:26:55,732 - WARNING - Duplicate entry for customer_id 37778daaFD41EC4 skipped.
2026-05-24 15:26:55,733 - WARNING - Duplicate entry for customer_id 81FA5D97d96Fc6c skipped.
2026-05-24 15:26:55,733 - WARNING - Duplicate entry for customer_id B64Cde5cCE8f8D3 skipped.
2026-05-24 15:26:55,733 - WARNING - Duplicate entry for customer_id f0cd5Ad2B149F82 skipped.
2026-05-24 15:26:55,733 - WARNING - Duplicate entry for customer_id 8bd2A3b426e5851 skipped.
2026-05-24 15:26:55,733 - WARNING - Duplicate entry for customer_id 573F08aC80974Ce skipped.
2026-05-24 15:26:55,733 - WARNING - Duplicate entry for customer_id 71628DEb7dEBEF3 skipped.
2026-05-24 15:26:55,734 - WARNING - Duplicate entry for customer_id f232E2E9af95a1d skipped.
2026-05-24 15:26:55,734 - WARNING - Duplicate entry for customer_id 765daaEEECC07F4 skipped.
2026-05-24 15:26:55,734 - WARNING - Duplicate entry for customer_id 08a3cA5AcB14199 skipped.
2026-05-24 15:26:55,734 - WARNING - Duplicate entry for customer_id 7fEdb9Ec7af2d70 skipped.
2026-05-24 15:26:55,734 - WARNING - Duplicate entry for customer_id F4a4EC017A08De6 skipped.
2026-05-24 15:26:55,734 - WARNING - Duplicate entry for customer_id 7dafD51fecbF1f8 skipped.
2026-05-24 15:26:55,735 - WARNING - Duplicate entry for customer_id eDFfcd9AB07A33F skipped.
2026-05-24 15:26:55,735 - WARNING - Duplicate entry for customer_id 18E97f29B7B2df2 skipped.
2026-05-24 15:26:55,735 - WARNING - Duplicate entry for customer_id Ef37Ecb15BaC5D9 skipped.
2026-05-24 15:26:55,735 - WARNING - Duplicate entry for customer_id bD5A6B2EBdeEF95 skipped.
2026-05-24 15:26:55,735 - WARNING - Duplicate entry for customer_id db0d18D1374dBaC skipped.
2026-05-24 15:26:55,735 - WARNING - Duplicate entry for customer_id 7af6141EBcBCEda skipped.
2026-05-24 15:26:55,736 - WARNING - Duplicate entry for customer_id 4dDFBaA4e4bC29f skipped.
2026-05-24 15:26:55,736 - WARNING - Duplicate entry for customer_id ecd4a2f35fADc55 skipped.
2026-05-24 15:26:55,736 - WARNING - Duplicate entry for customer_id 36Bc0b09Fe542dC skipped.
2026-05-24 15:26:55,736 - WARNING - Duplicate entry for customer_id CeC40FA70a7CE35 skipped.
2026-05-24 15:26:55,736 - WARNING - Duplicate entry for customer_id AfBbac14dd9E5BD skipped.
2026-05-24 15:26:55,736 - WARNING - Duplicate entry for customer_id 74f512837b7F179 skipped.
2026-05-24 15:26:55,737 - WARNING - Duplicate entry for customer_id 5EbAB6F9a519dD5 skipped.
2026-05-24 15:26:55,737 - WARNING - Duplicate entry for customer_id E51a2f6ab11a5cf skipped.
2026-05-24 15:26:55,737 - WARNING - Duplicate entry for customer_id 2d6fccacB89Fc9a skipped.
2026-05-24 15:26:55,737 - WARNING - Duplicate entry for customer_id 42113293F4aEaAb skipped.
2026-05-24 15:26:55,737 - WARNING - Duplicate entry for customer_id D0db4FaD1ce14Ef skipped.
2026-05-24 15:26:55,737 - WARNING - Duplicate entry for customer_id C4d0ca467fCf58E skipped.
2026-05-24 15:26:55,738 - WARNING - Duplicate entry for customer_id Fc9d9497A53568a skipped.
2026-05-24 15:26:55,738 - WARNING - Duplicate entry for customer_id Aae9f03Bc2FC6F9 skipped.
2026-05-24 15:26:55,738 - WARNING - Duplicate entry for customer_id D5cA65aE99CF760 skipped.
2026-05-24 15:26:55,738 - WARNING - Duplicate entry for customer_id Ac021bD312b4Da8 skipped.
2026-05-24 15:26:55,738 - WARNING - Duplicate entry for customer_id 002c9A213Db0067 skipped.
2026-05-24 15:26:55,738 - WARNING - Duplicate entry for customer_id d5698dD6DD5624A skipped.
2026-05-24 15:26:55,739 - WARNING - Duplicate entry for customer_id AEECeE395D4F1B7 skipped.
2026-05-24 15:26:55,739 - WARNING - Duplicate entry for customer_id 8b6d8b16D0C3b24 skipped.
2026-05-24 15:26:55,739 - WARNING - Duplicate entry for customer_id 0Fdd59e7856db8f skipped.
2026-05-24 15:26:55,739 - WARNING - Duplicate entry for customer_id 7Cf4a2b0bdD4522 skipped.
2026-05-24 15:26:55,739 - WARNING - Duplicate entry for customer_id 52725aC4cFE8EE5 skipped.
2026-05-24 15:26:55,739 - WARNING - Duplicate entry for customer_id BE9daBEf6dCfD7C skipped.
2026-05-24 15:26:55,740 - WARNING - Duplicate entry for customer_id 84F1B290A0Fb1fc skipped.
2026-05-24 15:26:55,740 - WARNING - Duplicate entry for customer_id 1C1Dacf3d47eb8e skipped.
2026-05-24 15:26:55,740 - WARNING - Duplicate entry for customer_id a20F19CfE2aD0ca skipped.
2026-05-24 15:26:55,740 - WARNING - Duplicate entry for customer_id 7Af8fF9aF8A47C5 skipped.
2026-05-24 15:26:55,740 - WARNING - Duplicate entry for customer_id CFC6056BC2C3B0c skipped.
2026-05-24 15:26:55,740 - WARNING - Duplicate entry for customer_id Ae8C347aE0b3c5E skipped.
2026-05-24 15:26:55,740 - WARNING - Duplicate entry for customer_id 0EfcA43fbCdCDCC skipped.
2026-05-24 15:26:55,741 - WARNING - Duplicate entry for customer_id ffE8F5d071d1D48 skipped.
2026-05-24 15:26:55,741 - WARNING - Duplicate entry for customer_id 46fb14B9A0DEeeD skipped.
2026-05-24 15:26:55,741 - WARNING - Duplicate entry for customer_id 0274db23E8f20bd skipped.
2026-05-24 15:26:55,741 - WARNING - Duplicate entry for customer_id B56fCA985Bd5fC5 skipped.
2026-05-24 15:26:55,741 - WARNING - Duplicate entry for customer_id 2Cde1Ce64CeD4aF skipped.
2026-05-24 15:26:55,741 - WARNING - Duplicate entry for customer_id cB72F31ebEE5f76 skipped.
2026-05-24 15:26:55,742 - WARNING - Duplicate entry for customer_id cAEbCE6A6b23c32 skipped.
2026-05-24 15:26:55,742 - WARNING - Duplicate entry for customer_id 23d0d1CB661AE47 skipped.
2026-05-24 15:26:55,742 - WARNING - Duplicate entry for customer_id 6F3dE3F6dE0F8f0 skipped.
2026-05-24 15:26:55,742 - WARNING - Duplicate entry for customer_id e3eDEACd48Eb36A skipped.
2026-05-24 15:26:55,742 - WARNING - Duplicate entry for customer_id 0C18158818033b1 skipped.
2026-05-24 15:26:55,742 - WARNING - Duplicate entry for customer_id 6f4b0e8ef9ee1fF skipped.
2026-05-24 15:26:55,743 - WARNING - Duplicate entry for customer_id Fe7e4bb1CB8EEF9 skipped.
2026-05-24 15:26:55,743 - WARNING - Duplicate entry for customer_id d291Dd7bAC89dC1 skipped.
2026-05-24 15:26:55,743 - WARNING - Duplicate entry for customer_id 52C9b5E837d2EfE skipped.
2026-05-24 15:26:55,743 - WARNING - Duplicate entry for customer_id 20D4eB7Cf91Ff0B skipped.
2026-05-24 15:26:55,743 - WARNING - Duplicate entry for customer_id BAFdDdf03E7560e skipped.
2026-05-24 15:26:55,743 - WARNING - Duplicate entry for customer_id f0daf364d8fC752 skipped.
2026-05-24 15:26:55,744 - WARNING - Duplicate entry for customer_id A7d0eb4f6Bb890f skipped.
2026-05-24 15:26:55,744 - WARNING - Duplicate entry for customer_id Ae9Cd0e71d62d03 skipped.
2026-05-24 15:26:55,744 - WARNING - Duplicate entry for customer_id B8Fdde1a5d41fF3 skipped.
2026-05-24 15:26:55,744 - WARNING - Duplicate entry for customer_id a807843FaFA5C15 skipped.
2026-05-24 15:26:55,744 - WARNING - Duplicate entry for customer_id D39B2f3649fA9dF skipped.
2026-05-24 15:26:55,744 - WARNING - Duplicate entry for customer_id 09193dD798CFB29 skipped.
2026-05-24 15:26:55,745 - WARNING - Duplicate entry for customer_id 3bD1F8c48B36CDa skipped.
2026-05-24 15:26:55,745 - WARNING - Duplicate entry for customer_id 2420Ef1d4C72c29 skipped.
2026-05-24 15:26:55,745 - WARNING - Duplicate entry for customer_id F6F275AfDfb5eF6 skipped.
2026-05-24 15:26:55,745 - WARNING - Duplicate entry for customer_id FE61cAD2efceeAa skipped.
2026-05-24 15:26:55,745 - WARNING - Duplicate entry for customer_id eBE184BCd649Bcf skipped.
2026-05-24 15:26:55,745 - WARNING - Duplicate entry for customer_id ACf20DbBECE71D1 skipped.
2026-05-24 15:26:55,745 - WARNING - Duplicate entry for customer_id 72D47bcC2bbAA9d skipped.
2026-05-24 15:26:55,746 - WARNING - Duplicate entry for customer_id 4AD57F8c4B26e0d skipped.
2026-05-24 15:26:55,746 - WARNING - Duplicate entry for customer_id 2BfbC3b46ACf9f5 skipped.
2026-05-24 15:26:55,746 - WARNING - Duplicate entry for customer_id 66C4aAA315fEFa2 skipped.
2026-05-24 15:26:55,746 - WARNING - Duplicate entry for customer_id 9FF418832B9D63E skipped.
2026-05-24 15:26:55,746 - WARNING - Duplicate entry for customer_id a9E42BCDBa2Cd83 skipped.
2026-05-24 15:26:55,746 - WARNING - Duplicate entry for customer_id 079DE71dEE3AFFb skipped.
2026-05-24 15:26:55,747 - WARNING - Duplicate entry for customer_id CC499DaFEDdD3b8 skipped.
2026-05-24 15:26:55,747 - WARNING - Duplicate entry for customer_id abC0f3FEb576DFA skipped.
2026-05-24 15:26:55,747 - WARNING - Duplicate entry for customer_id 2b6221ca8A40B98 skipped.
2026-05-24 15:26:55,747 - WARNING - Duplicate entry for customer_id 7c5a7CeFA99bd34 skipped.
2026-05-24 15:26:55,747 - WARNING - Duplicate entry for customer_id 90F1B3e4df1a842 skipped.
2026-05-24 15:26:55,747 - WARNING - Duplicate entry for customer_id e92cB5ed6CAADf7 skipped.
2026-05-24 15:26:55,748 - WARNING - Duplicate entry for customer_id 5FDFdB02Df1a7Ca skipped.
2026-05-24 15:26:55,748 - WARNING - Duplicate entry for customer_id 4aA88FE64a6c1f6 skipped.
2026-05-24 15:26:55,748 - WARNING - Duplicate entry for customer_id 77DCBC5D6aba4CB skipped.
2026-05-24 15:26:55,748 - WARNING - Duplicate entry for customer_id F02fBDABc21Cdc3 skipped.
2026-05-24 15:26:55,748 - WARNING - Duplicate entry for customer_id e4BD1EDbA0ecBEC skipped.
2026-05-24 15:26:55,748 - WARNING - Duplicate entry for customer_id FA5eC394A3EbD31 skipped.
2026-05-24 15:26:55,749 - WARNING - Duplicate entry for customer_id 6C99B9dACFaA5D3 skipped.
2026-05-24 15:26:55,749 - WARNING - Duplicate entry for customer_id 2dF8514Ea0Cfc1D skipped.
2026-05-24 15:26:55,749 - WARNING - Duplicate entry for customer_id dc1A7c225E1Da1C skipped.
2026-05-24 15:26:55,749 - WARNING - Duplicate entry for customer_id A73AFAd83b81E73 skipped.
2026-05-24 15:26:55,749 - WARNING - Duplicate entry for customer_id cDBe5cFdbB3Ae4F skipped.
2026-05-24 15:26:55,749 - WARNING - Duplicate entry for customer_id EFAbeA7ac6B6BB3 skipped.
2026-05-24 15:26:55,749 - WARNING - Duplicate entry for customer_id 6af3BfF9eb61f80 skipped.
2026-05-24 15:26:55,750 - WARNING - Duplicate entry for customer_id E72F96eAffCfebA skipped.
2026-05-24 15:26:55,750 - WARNING - Duplicate entry for customer_id cdbf992db6BE7Ec skipped.
2026-05-24 15:26:55,750 - WARNING - Duplicate entry for customer_id A29Fd2CbDfEBdF0 skipped.
2026-05-24 15:26:55,750 - WARNING - Duplicate entry for customer_id af2D2C5b68fFb83 skipped.
2026-05-24 15:26:55,750 - WARNING - Duplicate entry for customer_id 90ddbC31FeE6Cd2 skipped.
2026-05-24 15:26:55,750 - WARNING - Duplicate entry for customer_id B480754c5Be9fD2 skipped.
2026-05-24 15:26:55,751 - WARNING - Duplicate entry for customer_id d24a6DdAD1FD742 skipped.
2026-05-24 15:26:55,751 - WARNING - Duplicate entry for customer_id 1B3ce68C7522dab skipped.
2026-05-24 15:26:55,751 - WARNING - Duplicate entry for customer_id 53d3cC4E7e029bB skipped.
2026-05-24 15:26:55,751 - WARNING - Duplicate entry for customer_id 90f5af7C2cBDe94 skipped.
2026-05-24 15:26:55,751 - WARNING - Duplicate entry for customer_id a5B335e09dFcA76 skipped.
2026-05-24 15:26:55,752 - WARNING - Duplicate entry for customer_id eB21Bf50Cee268E skipped.
2026-05-24 15:26:55,752 - WARNING - Duplicate entry for customer_id 4289fe97718be15 skipped.
2026-05-24 15:26:55,752 - WARNING - Duplicate entry for customer_id 4Bb1D5D38Fd23FD skipped.
2026-05-24 15:26:55,752 - WARNING - Duplicate entry for customer_id 11ffb40267Db802 skipped.
2026-05-24 15:26:55,752 - WARNING - Duplicate entry for customer_id BCcebE096E2329B skipped.
2026-05-24 15:26:55,752 - WARNING - Duplicate entry for customer_id bc41735a1b5cBBB skipped.
2026-05-24 15:26:55,753 - WARNING - Duplicate entry for customer_id 31FAbECce962766 skipped.
2026-05-24 15:26:55,753 - WARNING - Duplicate entry for customer_id B8B1EdbbbF08c2c skipped.
2026-05-24 15:26:55,753 - WARNING - Duplicate entry for customer_id aD0CaDFf8b23B92 skipped.
2026-05-24 15:26:55,753 - WARNING - Duplicate entry for customer_id 77eb3D79aE7FFB3 skipped.
2026-05-24 15:26:55,753 - WARNING - Duplicate entry for customer_id 1f1c661cF5Fa2cA skipped.
2026-05-24 15:26:55,753 - WARNING - Duplicate entry for customer_id 12b349ebc8c41Fa skipped.
2026-05-24 15:26:55,754 - WARNING - Duplicate entry for customer_id 8FdAcADb8bD362C skipped.
2026-05-24 15:26:55,754 - WARNING - Duplicate entry for customer_id bbb16Bf455CeC9f skipped.
2026-05-24 15:26:55,754 - WARNING - Duplicate entry for customer_id B4BEf2a9E3ff02B skipped.
2026-05-24 15:26:55,754 - WARNING - Duplicate entry for customer_id fEa0051a1EA238A skipped.
2026-05-24 15:26:55,754 - WARNING - Duplicate entry for customer_id c1803aA7dBF4fA6 skipped.
2026-05-24 15:26:55,754 - WARNING - Duplicate entry for customer_id aC2BdC8A1093b60 skipped.
2026-05-24 15:26:55,755 - WARNING - Duplicate entry for customer_id E9DDfBc16fA07b8 skipped.
2026-05-24 15:26:55,755 - WARNING - Duplicate entry for customer_id 223fD1E2b32101D skipped.
2026-05-24 15:26:55,755 - WARNING - Duplicate entry for customer_id 62aEeB2EA3CD9E9 skipped.
2026-05-24 15:26:55,755 - WARNING - Duplicate entry for customer_id fE82a9493bcA35B skipped.
2026-05-24 15:26:55,755 - WARNING - Duplicate entry for customer_id 7A671fbBAb661E6 skipped.
2026-05-24 15:26:55,755 - WARNING - Duplicate entry for customer_id 684befCF02AeFf7 skipped.
2026-05-24 15:26:55,756 - WARNING - Duplicate entry for customer_id 7CEc10576a8127e skipped.
2026-05-24 15:26:55,756 - WARNING - Duplicate entry for customer_id F2A5E6Baad44E89 skipped.
2026-05-24 15:26:55,756 - WARNING - Duplicate entry for customer_id 34aC4746EfbD7cb skipped.
2026-05-24 15:26:55,756 - WARNING - Duplicate entry for customer_id EDA3D13E1858dF5 skipped.
2026-05-24 15:26:55,756 - WARNING - Duplicate entry for customer_id dc0aC8C1d81AAaA skipped.
2026-05-24 15:26:55,756 - WARNING - Duplicate entry for customer_id 9a30Bfd62Ab7BC2 skipped.
2026-05-24 15:26:55,756 - WARNING - Duplicate entry for customer_id Dc8DF1FB64E24C8 skipped.
2026-05-24 15:26:55,757 - WARNING - Duplicate entry for customer_id C4d519Dfb0DA5c7 skipped.
2026-05-24 15:26:55,757 - WARNING - Duplicate entry for customer_id Db4B1F86Ee2fD65 skipped.
2026-05-24 15:26:55,757 - WARNING - Duplicate entry for customer_id 271dffEbDb9f816 skipped.
2026-05-24 15:26:55,757 - WARNING - Duplicate entry for customer_id FA6a1B1Fc04B8EE skipped.
2026-05-24 15:26:55,757 - WARNING - Duplicate entry for customer_id FE4C2A12696Da3F skipped.
2026-05-24 15:26:55,757 - WARNING - Duplicate entry for customer_id 3dDfaA2327886E9 skipped.
2026-05-24 15:26:55,758 - WARNING - Duplicate entry for customer_id BD1deD31a3aA0DE skipped.
2026-05-24 15:26:55,758 - WARNING - Duplicate entry for customer_id 0c51e11999e0AFd skipped.
2026-05-24 15:26:55,758 - WARNING - Duplicate entry for customer_id D587E5CF497946C skipped.
2026-05-24 15:26:55,758 - WARNING - Duplicate entry for customer_id afC5fBDC4FFFE8f skipped.
2026-05-24 15:26:55,758 - WARNING - Duplicate entry for customer_id 5fE0D8439cF1ADa skipped.
2026-05-24 15:26:55,758 - WARNING - Duplicate entry for customer_id 06e8FD29ea896Aa skipped.
2026-05-24 15:26:55,759 - WARNING - Duplicate entry for customer_id A7bdD273350e6C9 skipped.
2026-05-24 15:26:55,759 - WARNING - Duplicate entry for customer_id adAA90eC2d4D59A skipped.
2026-05-24 15:26:55,759 - WARNING - Duplicate entry for customer_id 4A231C5DceB9739 skipped.
2026-05-24 15:26:55,759 - WARNING - Duplicate entry for customer_id 1aeE81d4dD1C47d skipped.
2026-05-24 15:26:55,759 - WARNING - Duplicate entry for customer_id 10F81cEE6065efd skipped.
2026-05-24 15:26:55,759 - WARNING - Duplicate entry for customer_id 8d2Fea5a6AdC2bA skipped.
2026-05-24 15:26:55,760 - WARNING - Duplicate entry for customer_id 0c513bE2Ef3E658 skipped.
2026-05-24 15:26:55,760 - WARNING - Duplicate entry for customer_id bBEEd0afFa68EDa skipped.
2026-05-24 15:26:55,760 - WARNING - Duplicate entry for customer_id 6140fD9b8bEf5da skipped.
2026-05-24 15:26:55,760 - WARNING - Duplicate entry for customer_id 7c71384AabBEd7a skipped.
2026-05-24 15:26:55,760 - WARNING - Duplicate entry for customer_id a5cAAaeD7Bc74Ba skipped.
2026-05-24 15:26:55,760 - WARNING - Duplicate entry for customer_id Accc1dd8fafEbfA skipped.
2026-05-24 15:26:55,761 - WARNING - Duplicate entry for customer_id 78B0329Ce7DeDea skipped.
2026-05-24 15:26:55,761 - WARNING - Duplicate entry for customer_id 724a0B2081Bf67B skipped.
2026-05-24 15:26:55,761 - WARNING - Duplicate entry for customer_id 064ae539Cc1BA9C skipped.
2026-05-24 15:26:55,761 - WARNING - Duplicate entry for customer_id AD06dc859BACdBC skipped.
2026-05-24 15:26:55,761 - WARNING - Duplicate entry for customer_id 5aDDF9dF3CD1E1b skipped.
2026-05-24 15:26:55,761 - WARNING - Duplicate entry for customer_id 2ae4f6e677f1FEF skipped.
2026-05-24 15:26:55,762 - WARNING - Duplicate entry for customer_id F05cA3cFf1Ed285 skipped.
2026-05-24 15:26:55,762 - WARNING - Duplicate entry for customer_id 9a7Cbd5055ceB62 skipped.
2026-05-24 15:26:55,762 - WARNING - Duplicate entry for customer_id DcA3aBa0cEF4342 skipped.
2026-05-24 15:26:55,762 - WARNING - Duplicate entry for customer_id cEAcd7EB0dF56B7 skipped.
2026-05-24 15:26:55,762 - WARNING - Duplicate entry for customer_id Dbff2b9BD9220BC skipped.
2026-05-24 15:26:55,762 - WARNING - Duplicate entry for customer_id 89A9A525b79da34 skipped.
2026-05-24 15:26:55,763 - WARNING - Duplicate entry for customer_id 1af73b0bE86AeeF skipped.
2026-05-24 15:26:55,763 - WARNING - Duplicate entry for customer_id 8054ECF4eF1CeF2 skipped.
2026-05-24 15:26:55,763 - WARNING - Duplicate entry for customer_id 26E14acEb9c3dE4 skipped.
2026-05-24 15:26:55,763 - WARNING - Duplicate entry for customer_id D4Aa5659f26c836 skipped.
2026-05-24 15:26:55,763 - WARNING - Duplicate entry for customer_id 53a3B3aA7e63a0F skipped.
2026-05-24 15:26:55,763 - WARNING - Duplicate entry for customer_id 0ddacBAAcFA4C2f skipped.
2026-05-24 15:26:55,764 - WARNING - Duplicate entry for customer_id dfAFEdCbf5D7ce4 skipped.
2026-05-24 15:26:55,764 - WARNING - Duplicate entry for customer_id 590a7D15caCe9eD skipped.
2026-05-24 15:26:55,764 - WARNING - Duplicate entry for customer_id 8deC6E8057ABfE9 skipped.
2026-05-24 15:26:55,764 - WARNING - Duplicate entry for customer_id 4aC6cE57Dc887bE skipped.
2026-05-24 15:26:55,764 - WARNING - Duplicate entry for customer_id E9a689c736ef033 skipped.
2026-05-24 15:26:55,764 - WARNING - Duplicate entry for customer_id F82b6FDf077E8c7 skipped.
2026-05-24 15:26:55,765 - WARNING - Duplicate entry for customer_id 0BCe8B6CCbdF701 skipped.
2026-05-24 15:26:55,765 - WARNING - Duplicate entry for customer_id 3d4AEe4F87bccd1 skipped.
2026-05-24 15:26:55,765 - WARNING - Duplicate entry for customer_id 2Ba8B54fb7a9cDB skipped.
2026-05-24 15:26:55,765 - WARNING - Duplicate entry for customer_id 57D3fEC7aAeCEDc skipped.
2026-05-24 15:26:55,765 - WARNING - Duplicate entry for customer_id E0BD8d8E73348Ba skipped.
2026-05-24 15:26:55,765 - WARNING - Duplicate entry for customer_id 05CeeD0bFdFf4Ef skipped.
2026-05-24 15:26:55,766 - WARNING - Duplicate entry for customer_id Ba74a4190Ea89fD skipped.
2026-05-24 15:26:55,766 - WARNING - Duplicate entry for customer_id 1fBDc535F57Cd32 skipped.
2026-05-24 15:26:55,766 - WARNING - Duplicate entry for customer_id aAba4dc4C0AA9dc skipped.
2026-05-24 15:26:55,766 - WARNING - Duplicate entry for customer_id ab25b3a4dACFB72 skipped.
2026-05-24 15:26:55,766 - WARNING - Duplicate entry for customer_id 9dc1CBC08CD5fFc skipped.
2026-05-24 15:26:55,766 - WARNING - Duplicate entry for customer_id 9a100203128534C skipped.
2026-05-24 15:26:55,767 - WARNING - Duplicate entry for customer_id 4A1ff961e9Dc6aA skipped.
2026-05-24 15:26:55,767 - WARNING - Duplicate entry for customer_id D5E2D45D2b42BFF skipped.
2026-05-24 15:26:55,767 - WARNING - Duplicate entry for customer_id 7d4B6DA49e3D315 skipped.
2026-05-24 15:26:55,767 - WARNING - Duplicate entry for customer_id e82B74D5DD08Eda skipped.
2026-05-24 15:26:55,767 - WARNING - Duplicate entry for customer_id d0D239b1D4FFC05 skipped.
2026-05-24 15:26:55,767 - WARNING - Duplicate entry for customer_id d1335FA9C3F7deE skipped.
2026-05-24 15:26:55,767 - WARNING - Duplicate entry for customer_id CC6DEE7BAfA2b0C skipped.
2026-05-24 15:26:55,768 - WARNING - Duplicate entry for customer_id 3E5fe1dB04d9d64 skipped.
2026-05-24 15:26:55,768 - WARNING - Duplicate entry for customer_id F5F0d6B7dBEc22E skipped.
2026-05-24 15:26:55,768 - WARNING - Duplicate entry for customer_id 8afAf9c570aBeE7 skipped.
2026-05-24 15:26:55,768 - WARNING - Duplicate entry for customer_id 3Fe2CbaE30bdF77 skipped.
2026-05-24 15:26:55,768 - WARNING - Duplicate entry for customer_id 7bEBEE4079e5ABb skipped.
2026-05-24 15:26:55,768 - WARNING - Duplicate entry for customer_id fcb32CfCCaE054C skipped.
2026-05-24 15:26:55,769 - WARNING - Duplicate entry for customer_id DcEbb7E5B6CAcB6 skipped.
2026-05-24 15:26:55,769 - WARNING - Duplicate entry for customer_id 48d073fdcFBcbBE skipped.
2026-05-24 15:26:55,769 - WARNING - Duplicate entry for customer_id 806DBC6fcaF0E9D skipped.
2026-05-24 15:26:55,769 - WARNING - Duplicate entry for customer_id 5CAC1538292a55D skipped.
2026-05-24 15:26:55,769 - WARNING - Duplicate entry for customer_id 690D995dAF9f4c4 skipped.
2026-05-24 15:26:55,769 - WARNING - Duplicate entry for customer_id a90DaCCBF50263f skipped.
2026-05-24 15:26:55,770 - WARNING - Duplicate entry for customer_id FCe3d4F91F1f9cF skipped.
2026-05-24 15:26:55,770 - WARNING - Duplicate entry for customer_id fc326c8DcEC2EcD skipped.
2026-05-24 15:26:55,770 - WARNING - Duplicate entry for customer_id d268cFcCA1f1ffA skipped.
2026-05-24 15:26:55,770 - WARNING - Duplicate entry for customer_id 45e85eD91DE9cFb skipped.
2026-05-24 15:26:55,770 - WARNING - Duplicate entry for customer_id a5C40E07EBd3875 skipped.
2026-05-24 15:26:55,770 - WARNING - Duplicate entry for customer_id 40e1B08BeD056A3 skipped.
2026-05-24 15:26:55,771 - WARNING - Duplicate entry for customer_id c9c2C2AEc9caD3a skipped.
2026-05-24 15:26:55,771 - WARNING - Duplicate entry for customer_id a633a7f3C9B5Dc6 skipped.
2026-05-24 15:26:55,771 - WARNING - Duplicate entry for customer_id 5162a6aE402a0c6 skipped.
2026-05-24 15:26:55,771 - WARNING - Duplicate entry for customer_id DDbFba721AC7d3d skipped.
2026-05-24 15:26:55,771 - WARNING - Duplicate entry for customer_id 86adca7aC49faC8 skipped.
2026-05-24 15:26:55,771 - WARNING - Duplicate entry for customer_id AFfCe84Edb17adc skipped.
2026-05-24 15:26:55,772 - WARNING - Duplicate entry for customer_id e5Fd9db6dF905EF skipped.
2026-05-24 15:26:55,772 - WARNING - Duplicate entry for customer_id 8e1C3eFE6EB28A5 skipped.
2026-05-24 15:26:55,772 - WARNING - Duplicate entry for customer_id 4357eFC7FB4439C skipped.
2026-05-24 15:26:55,772 - WARNING - Duplicate entry for customer_id f9bAA2FC2A7e0eA skipped.
2026-05-24 15:26:55,772 - WARNING - Duplicate entry for customer_id d0EDae6aC12133F skipped.
2026-05-24 15:26:55,772 - WARNING - Duplicate entry for customer_id 8B4cDEf8Fc9EA89 skipped.
2026-05-24 15:26:55,773 - WARNING - Duplicate entry for customer_id 8dB73bC702FeAbc skipped.
2026-05-24 15:26:55,773 - WARNING - Duplicate entry for customer_id 418Cc64f9d2b3B6 skipped.
2026-05-24 15:26:55,773 - WARNING - Duplicate entry for customer_id 344A16A0C7feBCf skipped.
2026-05-24 15:26:55,773 - WARNING - Duplicate entry for customer_id A8c388CC47DcF22 skipped.
2026-05-24 15:26:55,773 - WARNING - Duplicate entry for customer_id DBFCf4ef29d36d3 skipped.
2026-05-24 15:26:55,773 - WARNING - Duplicate entry for customer_id b29BB98128A42eb skipped.
2026-05-24 15:26:55,773 - WARNING - Duplicate entry for customer_id 0Bb3cBf4c51Bdd6 skipped.
2026-05-24 15:26:55,774 - WARNING - Duplicate entry for customer_id 241B20c8a30746b skipped.
2026-05-24 15:26:55,774 - WARNING - Duplicate entry for customer_id aA5c0F4dedefEf2 skipped.
2026-05-24 15:26:55,774 - WARNING - Duplicate entry for customer_id d6cfDDFe3fd72CE skipped.
2026-05-24 15:26:55,774 - WARNING - Duplicate entry for customer_id D8F2ccd0f4bEceA skipped.
2026-05-24 15:26:55,774 - WARNING - Duplicate entry for customer_id 753E24365A51CAC skipped.
2026-05-24 15:26:55,774 - WARNING - Duplicate entry for customer_id F7DFD12cDbe29Ec skipped.
2026-05-24 15:26:55,775 - WARNING - Duplicate entry for customer_id eed3Be5e7A62DEF skipped.
2026-05-24 15:26:55,775 - WARNING - Duplicate entry for customer_id eBFbD846CcAE6bc skipped.
2026-05-24 15:26:55,775 - WARNING - Duplicate entry for customer_id 6e8f4DDbab9c73f skipped.
2026-05-24 15:26:55,775 - WARNING - Duplicate entry for customer_id 3ecf04b7DBFCBD6 skipped.
2026-05-24 15:26:55,775 - WARNING - Duplicate entry for customer_id a3E9d65eaB46Ac9 skipped.
2026-05-24 15:26:55,775 - WARNING - Duplicate entry for customer_id 220d9fFC0d86592 skipped.
2026-05-24 15:26:55,776 - WARNING - Duplicate entry for customer_id 53B031B713b45aC skipped.
2026-05-24 15:26:55,776 - WARNING - Duplicate entry for customer_id 6c59A2C1eF89B3B skipped.
2026-05-24 15:26:55,776 - WARNING - Duplicate entry for customer_id C5a46C5E57D2a4F skipped.
2026-05-24 15:26:55,776 - WARNING - Duplicate entry for customer_id eccfaf82F414BFb skipped.
2026-05-24 15:26:55,776 - WARNING - Duplicate entry for customer_id dBBAff2e0aCCdF9 skipped.
2026-05-24 15:26:55,776 - WARNING - Duplicate entry for customer_id cFA09AcDD9F8c33 skipped.
2026-05-24 15:26:55,777 - WARNING - Duplicate entry for customer_id E41Ac1BB8A764dC skipped.
2026-05-24 15:26:55,777 - WARNING - Duplicate entry for customer_id dEABaFeF51dc23F skipped.
2026-05-24 15:26:55,777 - WARNING - Duplicate entry for customer_id E4efFE26A13a5AB skipped.
2026-05-24 15:26:55,777 - WARNING - Duplicate entry for customer_id 13fFEAfb9f4DabD skipped.
2026-05-24 15:26:55,777 - WARNING - Duplicate entry for customer_id 4c8844EB97f0e75 skipped.
2026-05-24 15:26:55,777 - WARNING - Duplicate entry for customer_id 5EE87b91F488bEF skipped.
2026-05-24 15:26:55,778 - WARNING - Duplicate entry for customer_id 2fa651E2e475327 skipped.
2026-05-24 15:26:55,778 - WARNING - Duplicate entry for customer_id 3F268B8b63a7Ee1 skipped.
2026-05-24 15:26:55,778 - WARNING - Duplicate entry for customer_id A5e1e33Ca19a55a skipped.
2026-05-24 15:26:55,778 - WARNING - Duplicate entry for customer_id daC7B2Ba7659be3 skipped.
2026-05-24 15:26:55,778 - WARNING - Duplicate entry for customer_id F83cA67fFd871a5 skipped.
2026-05-24 15:26:55,778 - WARNING - Duplicate entry for customer_id B1BF2A6fe2fCb01 skipped.
2026-05-24 15:26:55,778 - WARNING - Duplicate entry for customer_id 1B3be3D5fB55bb6 skipped.
2026-05-24 15:26:55,779 - WARNING - Duplicate entry for customer_id a9feB7dCD2FFd4e skipped.
2026-05-24 15:26:55,779 - WARNING - Duplicate entry for customer_id 43fe2d321B8C7B0 skipped.
2026-05-24 15:26:55,779 - WARNING - Duplicate entry for customer_id bDfBAf9bbE8c03B skipped.
2026-05-24 15:26:55,779 - WARNING - Duplicate entry for customer_id cfC46fCFF88DaF9 skipped.
2026-05-24 15:26:55,779 - WARNING - Duplicate entry for customer_id 27cAAd4e0DD5598 skipped.
2026-05-24 15:26:55,779 - WARNING - Duplicate entry for customer_id 48aACDdf7EECADe skipped.
2026-05-24 15:26:55,780 - WARNING - Duplicate entry for customer_id b8ef0f40D818b8D skipped.
2026-05-24 15:26:55,780 - WARNING - Duplicate entry for customer_id dCAEa0C51c5BC79 skipped.
2026-05-24 15:26:55,780 - WARNING - Duplicate entry for customer_id dc9c71CeFaCBfc7 skipped.
2026-05-24 15:26:55,780 - WARNING - Duplicate entry for customer_id 0E73a97E694aA57 skipped.
2026-05-24 15:26:55,780 - WARNING - Duplicate entry for customer_id a59571eD1ebab1B skipped.
2026-05-24 15:26:55,780 - WARNING - Duplicate entry for customer_id B8F7cfC1d62b18a skipped.
2026-05-24 15:26:55,781 - WARNING - Duplicate entry for customer_id b24e1FB162012BE skipped.
2026-05-24 15:26:55,781 - WARNING - Duplicate entry for customer_id d5c6BC7C1dc0FAf skipped.
2026-05-24 15:26:55,781 - WARNING - Duplicate entry for customer_id 511aEB7e064eBe7 skipped.
2026-05-24 15:26:55,781 - WARNING - Duplicate entry for customer_id 6e4bf2f463Dbac6 skipped.
2026-05-24 15:26:55,781 - WARNING - Duplicate entry for customer_id abCf34aEAe47beD skipped.
2026-05-24 15:26:55,781 - WARNING - Duplicate entry for customer_id Bac32EfAEEEbbB2 skipped.
2026-05-24 15:26:55,782 - WARNING - Duplicate entry for customer_id F2DB5BF7E37e69E skipped.
2026-05-24 15:26:55,782 - WARNING - Duplicate entry for customer_id 33AfECB93C9572B skipped.
2026-05-24 15:26:55,782 - WARNING - Duplicate entry for customer_id 16D51395c3EBE0e skipped.
2026-05-24 15:26:55,782 - WARNING - Duplicate entry for customer_id F9F39Bfe4f410fB skipped.
2026-05-24 15:26:55,782 - WARNING - Duplicate entry for customer_id Ed05E52c79AD1F2 skipped.
2026-05-24 15:26:55,782 - WARNING - Duplicate entry for customer_id d2f7Eb743D22D4E skipped.
2026-05-24 15:26:55,783 - WARNING - Duplicate entry for customer_id 8Ac01DF5f9Fc86E skipped.
2026-05-24 15:26:55,783 - WARNING - Duplicate entry for customer_id B514ed4fE9823f9 skipped.
2026-05-24 15:26:55,783 - WARNING - Duplicate entry for customer_id 347Bfe8615fF804 skipped.
2026-05-24 15:26:55,783 - WARNING - Duplicate entry for customer_id 2141FBB77A7D2E6 skipped.
2026-05-24 15:26:55,783 - WARNING - Duplicate entry for customer_id 637675c8c0BA49e skipped.
2026-05-24 15:26:55,783 - WARNING - Duplicate entry for customer_id B44fd0024F9F853 skipped.
2026-05-24 15:26:55,783 - WARNING - Duplicate entry for customer_id 1dFa2Ae2BA1c6b7 skipped.
2026-05-24 15:26:55,784 - WARNING - Duplicate entry for customer_id cEb0837433A348b skipped.
2026-05-24 15:26:55,784 - WARNING - Duplicate entry for customer_id Ff2d5a11Cc04713 skipped.
2026-05-24 15:26:55,784 - WARNING - Duplicate entry for customer_id fDeEA94e308E40B skipped.
2026-05-24 15:26:55,784 - WARNING - Duplicate entry for customer_id e847e7A59d5b79C skipped.
2026-05-24 15:26:55,784 - WARNING - Duplicate entry for customer_id e9d6Dbc37c7FEca skipped.
2026-05-24 15:26:55,784 - WARNING - Duplicate entry for customer_id e4D86CB5ED2a7c6 skipped.
2026-05-24 15:26:55,785 - WARNING - Duplicate entry for customer_id bafc42A5bdEdcCB skipped.
2026-05-24 15:26:55,785 - WARNING - Duplicate entry for customer_id 10f6fe41F7f714c skipped.
2026-05-24 15:26:55,785 - WARNING - Duplicate entry for customer_id d9f860f54bF823e skipped.
2026-05-24 15:26:55,785 - WARNING - Duplicate entry for customer_id aB56cEcDBa37C34 skipped.
2026-05-24 15:26:55,785 - WARNING - Duplicate entry for customer_id b87FD93cE2b0D61 skipped.
2026-05-24 15:26:55,785 - WARNING - Duplicate entry for customer_id 0DC07FbBC85ac2C skipped.
2026-05-24 15:26:55,786 - WARNING - Duplicate entry for customer_id c9c09BdD3c9de1a skipped.
2026-05-24 15:26:55,786 - WARNING - Duplicate entry for customer_id FbcCaF483aFaFAE skipped.
2026-05-24 15:26:55,786 - WARNING - Duplicate entry for customer_id 979c4D58Ae9a9cc skipped.
2026-05-24 15:26:55,786 - WARNING - Duplicate entry for customer_id D0DcF6a4BcefCc8 skipped.
2026-05-24 15:26:55,786 - WARNING - Duplicate entry for customer_id 90EE9CbbDa374E9 skipped.
2026-05-24 15:26:55,786 - WARNING - Duplicate entry for customer_id 51732B5b2328015 skipped.
2026-05-24 15:26:55,786 - INFO - Successfully loaded 0 rows and skipped 1000 duplicate rows.
2026-05-24 15:26:55,787 - INFO - ETL job completed: 0 rows inserted, 1000 duplicate rows skipped.
